S0120000506F77657253746167652E7372656311
S315080030000040022021880008AD7C0008B57C000835
S3150800301000000000000000000000000000000000A2
S31508003020000000000000000000000000BD7C000851
S315080030300000000000000000C77C0008D17C0008E2
S31508003040718800087188000871880008718800086E
S31508003050718800087188000871880008718800085E
S31508003060718800087188000871880008718800084E
S31508003070718800087188000871880008718800083E
S31508003080718800087188000871880008718800082E
S3150800309071880008E17C000871880008057D000831
S315080030A0718800087188000871880008718800080E
S311080030B071880008718800087188000803
S315080030BC10B5064C2378002B07D1054B002B02D0F4
S315080030CC044800E000BF0123237010BDF80000205F
S315080030DC00000000F8070108044B10B5002B03D0BC
S315080030EC0349044800E000BF10BDC04600000000BC
S315080030FCFC000020F807010803B471464908400093
S3150800310C4900095E49008E4403BC704700224308F7
S3150800311C8B4274D303098B425FD3030A8B4244D385
S3150800312C030B8B4228D3030C8B420DD3FF220902C7
S3150800313C12BA030C8B4202D31212090265D0030B86
S3150800314C8B4219D300E0090AC30B8B4201D3CB037C
S3150800315CC01A5241830B8B4201D38B03C01A5241BE
S3150800316C430B8B4201D34B03C01A5241030B8B42C0
S3150800317C01D30B03C01A5241C30A8B4201D3CB02AB
S3150800318CC01A5241830A8B4201D38B02C01A524190
S3150800319C430A8B4201D34B02C01A5241030A8B4293
S315080031AC01D30B02C01A5241CDD2C3098B4201D3AB
S315080031BCCB01C01A524183098B4201D38B01C01A29
S315080031CC524143098B4201D34B01C01A52410309A0
S315080031DC8B4201D30B01C01A5241C3088B4201D34F
S315080031ECCB00C01A524183088B4201D38B00C01AFC
S315080031FC524143088B4201D34B00C01A5241411A23
S3150800320C00D20146524110467047FFE701B500202F
S3150800321C00F006F802BDC0460029F7D076E77047DD
S3150800322C7047C046844608006146FFE71FB500F0A4
S3150800323CDFFB002801D40021C8421FBD10B500F0E1
S3150800324C67FB4042013010BD10B500F0D1FB0028D9
S3150800325C01DB002010BD012010BDC04610B500F0E2
S3150800326CC7FB002801DD002010BD012010BDC0469B
S3150800327C10B500F075FB002801DC002010BD0120FC
S3150800328C10BDC04610B500F06BFB002801DA002013
S3150800329C10BD012010BDC0469E2110B5C905041CE1
S315080032ACFFF7F0FF002803D1201C00F093FF10BD98
S315080032BC9E21201CC90500F035FD00F08BFF8023EC
S315080032CC1B069C466044F2E74A02F8B5530ACE46FA
S315080032DC99464B00C90F4746884646004502360EA6
S315080032EC1B0E80B5C40F6F0A9209AD09F11A444535
S315080032FC4BD0002938DD002B00D174E0FF2E00D10D
S3150800330CBEE08023DB041A431B2900DCFDE0013DEB
S3150800331C6B0100D4AFE001256D42AD01AF09380051
S3150800332C01F00EF83B0005388340864200DCD3E0FA
S3150800333CB94D311A1D405A0700D19EE00F22134091
S3150800334C042B00D199E004356B0100D495E0481C98
S3150800335CFE2951D1FF200023C0051843E40720435A
S3150800336CC0BCB946B046F8BD002949D0991B002EF9
S3150800337C72D1002D00D133E14C1E012900D159E13F
S3150800338CFF2900D14CE121006CE0002900DC81E02A
S3150800339C002B55D1002A70D04B1E012900D12BE1E8
S315080033ACFF296DD01B2B50DC190020235B1A10004B
S315080033BC9A40C840531E9A410243AD188023DB0439
S315080033CC1D4200D1ADE0711CFE2EC3D001206A0847
S315080033DC2840924D154005436A0700D08BE01D42E4
S315080033ECB5D1EF0834E0002A47D04B1E012966D028
S315080033FCFF2945D0190087E7C0B2AB015B0AABE7DA
S3150800340CFE239C46701C03006046184200D092E0CE
S3150800341C002E00D0E7E0002D00D119E1002A17D0C4
S3150800342C8023AF1ADB041F4200D142E14446551BE8
S3150800343C00D187E001201D42DFD10021EF0807E00B
S3150800344CFF2E1DD01B2900DC94E031000535EF0852
S3150800345C7B025B0AC8B27FE7FF2B00D1E0E0802035
S3150800346CC00405431B2900DC88E0551E44461E0093
S3150800347C690100D54FE731000435EF08FF29E7D17C
S3150800348C002F00D166E78023DB033B435B02FF205A
S3150800349C5B0A61E7002958D0991B002E00D089E0F9
S315080034AC002D00D19DE04E1E012900D1A4E0FF2974
S315080034BC00D1B6E01B2E00DDB8E0310081E0AA1A77
S315080034CC530100D4AFE09701BF09380000F038FF6C
S315080034DC3B000538834001261D00811B2020013145
S315080034ECCD40411A8B40591E8B411D432AD00021D1
S315080034FC6B0700D1F0E00F232B40042B00D022E7FA
S3150800350C6B0100D523E7EF08A2E720235B1A10000E
S3150800351C9A40C840531E9A410243AD1A6B0100D516
S3150800352CFBE66B0700D1D5E00F2331002B40042BAB
S3150800353C00D008E7A1E7AF1A7B014ED4002F00D0C4
S3150800354CEDE600240020002306E7FE23711C0B423F
S3150800355C21D1002E00D081E0002D00D19FE0002A59
S3150800356C00D1B2E0AB185A0100D4B0E09B0101209F
S3150800357C5B0AF1E68023DB041A4316E720242800AD
S3150800358CC840611A8D4029004C1EA141014344468E
S3150800359C1E00551AC2E7FF2900D1DBE6AF187F08D3
S315080035AC7B0705D00F233D1D3B40042B00D064E759
S315080035BCFF084DE7FF2B34D01B2937DC8020C004CD
S315080035CC054328002026C840711A8D4029004D1E37
S315080035DCA94101431E008D18F0E64446571B9EE68A
S315080035EC4446150049E7002D46D1002A66D18023AA
S315080035FC0024FF20DB03AFE6AA18530113D5074FA7
S3150800360C52081740530744D00F231340042B40D0BD
S3150800361C02213D1D31E7C046FFFFFFFBFFFFFF7D83
S3150800362C44464F462CE70121D70811E70532190005
S3150800363CD7080DE7571B7B0137D5BF01BF093800E3
S3150800364C00F07EFE3B00053883404446013643E7CE
S3150800365C002A00D175E744464F46F9E6002DE0D01E
S3150800366C8023DB03002A17D09F4200D20BE799452B
S3150800367C00D308E74F4606E78023DB03002A0BD066
S3150800368C9F4200D2FFE6994500D3FCE644464F46D6
S3150800369CF9E60221FF08DBE6FF203B435CE6002A3D
S315080036AC00D14FE70021D708D2E644460121FF088E
S315080036BCCEE6002F00D07BE7002443E780234A465A
S315080036CCDB034446FF20134346E60021C0E60021EF
S315080036DCDF08BDE63100D0E601206A0100D58BE68D
S315080036EC2A00DFE7F0B546464F46D6464502C0B532
S315080036FCC30F470098460E1C6D0A3F0E5BD0FF2F72
S3150800370C21D08023ED00DB041D43002399469A46FD
S3150800371C7F3F74027300640A1B0EF60F002B20D031
S3150800372CFF2B43D080220020E400D20414437F3BB5
S3150800373C4246FF1A4B4672400F2B00D99DE0714941
S3150800374C9B00CB589F46002D5AD108239946063B19
S3150800375C74029A467300FF27640A1B0EF60F002B99
S3150800376CDED1002C3BD1012342464946724019430F
S3150800377C0E2918D86448890041588F465346022B9F
S3150800378C00D1B8E0032B6ED042462C00012B40D159
S3150800379C00200024C0052043D2071043E0BCBA46DB
S315080037ACB146A846F0BDFF200024F3E7002C20D133
S315080037BC0223FF3FD8E7002D05D104239946033B86
S315080037CC00279A46A5E7280000F0BAFD7627431F7E
S315080037DC9D4000237F4299469A463F1A99E7200056
S315080037EC00F0AEFD431F9C4076235B421B1A00205B
S315080037FC9EE703234A461A4391460320FC3397E770
S3150800380C0C239946093BFF279A4682E703282CD0B6
S3150800381C320038007F30002847DD630704D00F23B9
S3150800382C2340042B00D00434230103D53800374B2E
S3150800383C80301C40FE28B6DCA401640AC0B2A9E795
S3150800384C80240022FF20E403A4E78023DB031D4227
S3150800385C01D01C420BD08024E4032C43640242465C
S3150800386CFF20640A96E746462C008023DB031C439C
S3150800387C64023200FF20640A8CE76D016001854200
S3150800388C2DD21B230024013F0126290064006D005C
S3150800389C002901DB854201D32D1A3443013B002B49
S315080038ACF3D16B1E9D412C43B3E701231B1A1B2B2B
S315080038BC00DD6DE721009E37D940BC400B00611E28
S315080038CC8C412343590704D00F211940042900D0F1
S315080038DC0433590113D49B0100205C0A5AE71A23B6
S315080038EC01242D1AD0E7981E434258414042320013
S315080038FC0024C0B24EE74246FF2000244AE70120C6
S3150800390C002447E764090108A4090108FFFFFFF72B
S3150800391C70B542004E024C0045026D0A120EC30FDA
S3150800392C760A240EC90FFF2A10D0FF2C0CD00120C2
S3150800393CA2420AD1B54208D18B420FD0002A04D133
S3150800394C2800431E984100E0012070BD0120FF2C81
S3150800395CFBD13543F9D14B401800F6E70020F4E7C4
S3150800396C30B5420044024D02C30F4800640A120ED9
S3150800397C6D0A000EC90FFF2A18D0FF280AD0002A94
S3150800398C1ED100280AD1002D29D0002C2DD1480093
S3150800399C013830BD002D25D1002A01D1002CF6D0D6
S315080039AC8B4219D001205B421843F2E7002C19D13F
S315080039BCFF28F7D1002D15D100208B42F2D1E8E76C
S315080039CC0028EFD08B42EDD18242EBDC04DBAC4213
S315080039DCE8D80020AC42DCD258000138D9E7002CD4
S315080039ECD7D0DFE702204042D3E78B42DAD1EEE7A5
S315080039FC30B5420044024D02C30F4800640A120E49
S31508003A0C6D0A000EC90FFF2A17D0FF280AD0002A04
S31508003A1C1BD100280AD1002D1DD0002C2DD1480011
S31508003A2C013811E0002D0ED1002A01D1002CF6D058
S31508003A3C8B420CD15800013806E0002C03D1FF2824
S31508003A4C05D1002D15D0022030BD002806D1012045
S31508003A5C5B421843F8E7002CF6D0F8E78B42F6D110
S31508003A6C8242F4DCE6DBAC42F1D80020AC42EBD265
S31508003A7CE0E700208B42EAD1E6E78B42E7D1F2E792
S31508003A8CF0B54F464646D6464502C0B546000F1C0D
S31508003A9C6D0A360EC40F002E00D1CDE0FF2E72D063
S31508003AAC8023ED00DB041D43002399469A467F3E8E
S31508003ABC7B025B0A98467B001B0EFF0F002B72D00D
S31508003ACCFF2B00D1A9E07F3BF6184B460A2B00DDED
S31508003ADC85E043468022DB00D2041A434B469046C7
S31508003AEC7C400022022B0FDD494601238B40A62180
S31508003AFCC9000B4200D072E0902189000B4200D01D
S31508003B0CDAE08821194267D1280C42462D042D0C7F
S31508003B1C4346290012041B0C120C51435D434243C5
S31508003B2C5843AD180B0C5B199A4203D980225202E2
S31508003B3C9446604409041A04090C52189501691E26
S31508003B4C8D411B0C920E1B1815439B011D431B0123
S31508003B5C00D5CFE030007F30002800DCB1E06B07E1
S31508003B6C0BD00F2332002B40042B06D004352B0127
S31508003B7C03D5803210006A4B1D40FE2864DCAB016D
S31508003B8C5B0AC0B21FE0002D00D08FE008239946CF
S31508003B9C063B9A467B025B0A98467B00FF261B0E61
S31508003BACFF0F002B8CD14346002B5CD14A460133C0
S31508003BBC1A43914613000A2A11DC01227C40022B77
S31508003BCC92DC00200023C0051843E4072043E0BC20
S31508003BDCBA46B146A846F0BD3C0045469246534601
S31508003BEC022B31D0032B11D0012BEAD030008030B8
S31508003BFC721C002866DD6B07B9D00F232B40042BEB
S31508003C0CB4D1B4E70F2A7AD03C0045468023DB03AF
S31508003C1C2B435B02FF205B0AD5E74346FF36002B96
S31508003C2C34D14A46023313430A2BD8DC7C40002A8B
S31508003C3C0AD09946022257E7002D08D10423994643
S31508003C4C033B00269A4633E7FF200023BBE72800F0
S31508003C5C00F076FB7626431F9D4000237642994654
S31508003C6C9A46361A24E7404600F06AFB4B46361A43
S31508003C7C763E0A2BB3DC43460538834098464B46BA
S31508003C8C00227C40022B00DD2EE73DE703234A4643
S31508003C9C1A4313000A2AB5DC01229A40882113001C
S31508003CAC7C400322194200D12EE795E70C2399464E
S31508003CBC093BFF269A46FBE680230024FF20DB03FC
S31508003CCC81E7320001231B1A1B2B00DD79E79E3294
S31508003CDC29009540D9406A1E95410D436B0704D0BF
S31508003CEC0F232B40042B00D004356B0113D5012070
S31508003CFC002368E701236A081D40154376E78023ED
S31508003D0CDB031D4282D042461A4200D07EE73C00B5
S31508003D1CFF20134357E7AB0100205B0A53E7C04665
S31508003D2CFFFFFFF7F8B54746CE464B02460080B56F
S31508003D3CC40F4702580A844648007A0A360EBF0949
S31508003D4C000ECD0F9B09FF286DD001214D40311A6D
S31508003D5CAC423AD0002900DC9CE1002800D19EE058
S31508003D6CFF2E00D188E08022D20413431B2900DCE5
S31508003D7CF6E0013F7A0100D479E001277F42BF01C2
S31508003D8CBB099846404600F0DBFA434605388340A3
S31508003D9C864200DCCCE0B44F311A1F405A0768D073
S31508003DAC0F221340042B64D004377B0161D5481CC1
S31508003DBCFE2900D081E0FF200023C0051843E40744
S31508003DCC2043C0BCB946B046F8BD002900DC79E1F1
S31508003DDC002876D1002B4CD0481E012900D147E18A
S31508003DECFF2949D01B2871DC01001A002020CA4083
S31508003DFC411A8B40591E8B411343FF188023DB0451
S31508003E0C1F4200D1B8E0711CFE2ED4D0012297486F
S31508003E1C3A407F08074017437A0700D096E01F42BE
S31508003E2CC5D1FA0855E03100FF398946002B2CD14B
S31508003E3C01214D40AC4200D1B4E0494600294CD092
S31508003E4C002E00D0F9E0FF21002F00D108E14A1E10
S31508003E5C012900D156E1FF2900D142E11B2A00DCD9
S31508003E6C24E15F1E2C0006007A0100D585E7310097
S31508003E7C0437FA08FF292CD1002A9CD08023DB03AF
S31508003E8C13435B02FF205B0A97E7AC4200D1A7E01D
S31508003E9C002922D0002ED6D062462C00EEE7002B45
S31508003EACE7D0481E012936D0FF29E5D001005DE789
S31508003EBC01203B007A0100D457E1C0B2BB015B0A72
S31508003ECC7BE7FF2ED8D01B2900DC9FE03100053795
S31508003EDCFA0853025B0AC8B26FE7FE20711C084247
S31508003EEC54D1002E00D0B1E0002F00D102E1002BF6
S31508003EFC00D1F9E08021FA1AC9040A4200D13BE143
S31508003F0C0124DF1B2C40002F49D001200F42D5D1AC
S31508003F1C0021FA08DDE7FF1A7B0100D4DEE0BD01BB
S31508003F2CAD09280000F00CFA2B0005388340012651
S31508003F3C2022811B0131521A1F009340CF405A1E72
S31508003F4C93411F432BD000217B07B1D00F233B4055
S31508003F5C042B00D028E77B0100D528E7FA08B8E738
S31508003F6C1A002020CA40411A8B40591E8B41134314
S31508003F7CFF1A7B0100D502E77B0700D10DE10F2361
S31508003F8C31003B40042B00D00EE772E7FA1A904634
S31508003F9C520156D44346002B00D0F3E600240020E9
S31508003FAC00230AE7494600291CD0002E00D002E758
S31508003FBCFF21002F55D04A1E012959D0FF2900D1BF
S31508003FCC90E01B2A00DD91E011003A002025CA403A
S31508003FDC691A8F40791E8F4117430600FF180DE7A3
S31508003FEC002926D1FE20711C084213D1002E00D0C0
S31508003FFC96E0002F00D1B4E0002B75D0FB185A01BF
S3150800400C00D4B2E09B015B0AFD38D6E68022D204C6
S3150800401C1343EAE6FF2900D1CDE6FA1852085307EE
S3150800402C05D00F23171D1340042B00D021E7D20807
S3150800403C4FE7002EBCD0624620E72C00FF20002359
S3150800404CBBE60124DB1B98462C409BE6002F75D15A
S3150800405C002B00D096E080230024FF20DB03ACE67F
S3150800406C2C001F0005E7C046FFFFFFFBFFFFFF7D87
S3150800407CFB185A0100D48DE04A4A5B081A405907C6
S3150800408C00D18CE00F210B400D39042BCFD0022127
S3150800409C171DEEE6002900D11FE7821B1100002E22
S315080040AC00D1D1E68021C9040F43D7E63900202474
S315080040BCD140A21A97407A1E97410F432C0006004E
S315080040CCDF1B56E700298DD0811B002E00D170E727
S315080040DC1B290BDC8022D204174376E70121FA0848
S315080040ECF7E62C006246C7E60021F2E60533010026
S315080040FCDA08EEE6002B00D150E7012400216246CF
S3150800410C2C40E6E6DA1B530132D5920194092000BD
S3150800411C00F016F92300053883402C00012607E722
S3150800412C002FDFD0002B17D08023DB039A4200D256
S3150800413CA4E69C4500D3A1E662469FE6002B0BD06D
S3150800414C8023DB039A4200D298E69C4500D395E679
S3150800415C012462462C4091E68023DB03FF2013439F
S3150800416C2BE60020002B00D127E60021DA08B0E662
S3150800417C2C000121D208ACE6002A00D10EE700215A
S3150800418CD208A6E6802362460124DB03FF201343EC
S3150800419C2C4012E60121DA089BE6310069E6022179
S315080041ACD20896E6FFFFFF7D43024A02400049000B
S315080041BC5B0A520A090E000EFF2806D00020FF29BA
S315080041CC02D1531E9A4110007047FE38002BFBD1C2
S315080041DCF4E7C04641024200C30F490A0020120EFA
S315080041EC7E2A03DD9D2A02DD094A9818704780202D
S315080041FC00040143952A07DC9620821AD1404842CE
S3150800420C002BF3D10800F1E7963A9140F7E7C04640
S3150800421CFFFFFF7F70B5002812D0C317C5185D4085
S3150800422CC40F280000F08CF89E231B1A962B0FDC63
S3150800423C082838D0083885406D026D0AD8B202E0D5
S3150800424C002400200025C0052843E407204370BD40
S3150800425C992B14DC421F95402A0015491140550725
S3150800426C1CD00F252A40042A18D00431CA08490143
S3150800427C15D59F235202181A550AC0B2E3E7020055
S3150800428C29001B3291404A1E91410522121AD5402B
S3150800429C2A000A43064911405507E2D1CA085202B8
S315080042AC550AD8B2CFE76D026D0A8E30CBE7C046F9
S315080042BCFFFFFFFB10B5041E0DD000F041F89E233E
S315080042CC1B1A962B0CDC082834D008388440640258
S315080042DC640AD8B201E000200024C005204310BDB2
S315080042EC992B13DC421F9440144A224061071CD0B8
S315080042FC0F212140042918D00432D408520115D5AF
S3150800430C9F236402181A640AC0B2E6E70200210069
S3150800431C1B3291400A00511E8A410521091ACC40CC
S3150800432C1443064A22406107E2D1D4086402640A9F
S3150800433CD8B2D2E76402640A8E30CEE7FFFFFFFBE1
S3150800434C1C2101231B04984201D3000C10391B0AAB
S3150800435C984201D3000A08391B09984201D300096F
S3150800436C043902A2105C40187047C04604030202C6
S3150800437C01010101000000000000000080B500AF3B
S3150800438C00F064FA00F056FA00F01CF8C046BD4678
S3150800439C80BD80B500AF00F01CF8C046BD4680BD98
S315080043AC80B500AFBFF34F8FC046044B044ADA60A2
S315080043BCBFF34F8FC046C046FDE7C04600ED00E090
S315080043CC0400FA0580B500AF00F00EF9C046BD46EC
S315080043DC80BD80B500AF00F0C7F9C046BD4680BDAC
S315080043EC80B500AFFFF7DCFFF0B589B000AFF86019
S315080043FCB9607A601F23FB1800221A70FB68784A8A
S3150800440C934200D8E5E0FB68764A934200D9E0E08F
S3150800441CBB68002B00D1DCE07B68002B00D1D8E010
S3150800442CBB681A89BB689B89D3189AB21A23FB18DE
S3150800443C01321A80BB685A89BB68DB89D3189AB2D1
S3150800444C1823FB1801321A801C23FB18BA689288A9
S3150800445C1A80B4E0BB681A681A257B191B88F96898
S3150800446C4B439A4200D2B3E0BB681A681C26BB19A8
S3150800447C1B8819001000FEF7CFFE0B1E00D098E023
S3150800448CBB681A68BB191B8819001000FEF73EFE9C
S3150800449C0300F9681800FEF7BFFE0B1E00D088E073
S315080044ACBB681A68BB191B8819001000FEF72EFE8C
S315080044BC0300F9681800FEF729FE03001A001624F3
S315080044CC3B191A803A197B1912881B889A4200D212
S315080044DC6FE03A191823FB1812881B889A4200D9E0
S315080044EC67E03B191B885B0009330A211800FEF7A5
S315080044FC0DFE03001A0014203B181A8021007A18A6
S3150800450C04003B1912881B88D31A9AB212257B19F8
S3150800451C013A1A80BB681B897A1912889A4248D3C1
S3150800452CBB685B897A1912889A4242D8BB689B8900
S3150800453C3A1912889A423CD3BB68DB893A19128815
S3150800454C9A4236D87B191B88013364225A437B1846
S3150800455C1B8819001000FEF7D9FD03001A0011215B
S3150800456C7B181A700A00BB181B78402B21D9BB186C
S3150800457C1B78502B1DD87B68BA1912881A807B6851
S3150800458C7A1912885A807B683A1912889A807B683D
S3150800459C9B885B089AB27B68DA807B68DB88002B81
S315080045AC02D17B680122DA801F23FB1801221A70BC
S315080045BC0FE01C217B181A887B1801321A80BB68FD
S315080045CCDB881C22BA1812889A4200D842E700E007
S315080045DCC0461F23FB181B781800BD4609B0F0BD52
S315080045EC0F27000000127A0080B590B002AF594B25
S315080045FC7B633B1D180008231A0000210BF006FBF1
S3150800460C554B564A1A60544B180003F06BF9802325
S3150800461C9B04180009F0F8FC02000C217B181A60A0
S3150800462C7B1801229A807B1880229200DA807B18EC
S3150800463C01221A817B18802252005A817B1801228A
S3150800464C9A817B188022DA813A1D7B184448190016
S3150800465CFFF7CAFE404B00225A603F4B00229A6075
S3150800466C3D4B0022DA603C4B01221A743A4B01226C
S3150800467C5A74394B00229A743B1D1B881A00364B08
S3150800468C5A613B1D5B881A00334BDA613B1D9B88CC
S3150800469C1A00314B1A623B1DDB881A002E4B9A61A5
S315080046AC2D4B01225A622C4B01229A622A4B01226B
S315080046BCDA62294B01221A637B6B002B06DB264B2D
S315080046CC01225A63244B00229A6305E0224B0022EE
S315080046DC5A63214B01229A631F4B0022DA631E4B45
S315080046EC180005F033FD7B6B002B04DB1C23FB1831
S315080046FC00221A6008E01C23FB188022D2051A60D7
S3150800470C7B6B5B005B087B631C217B1800225A6061
S3150800471C7B1800229A607B180122DA607B1800222B
S3150800472C1A617B180F4A5A617A180B4B110018003C
S3150800473C05F072FE08480123009301230222022188
S3150800474C05F0C7FE044B180005F0F3FEC046BD463F
S3150800475C0EB080BD670600001401002000640040FE
S3150800476C20A10700FF07000090B591B000AF2F4BB2
S3150800477CBB633F23FB1800221A703E243B19012207
S3150800478C1A702B4B4021180006F054F8031E09D05A
S3150800479C3C193B1D0C22BA182548402105F034FF5C
S315080047AC030023703E23FB181B78002B3AD1BB6BF6
S315080047BC002B0EDB0C217B181B68BA6B9A421CD19A
S315080047CC7B185B68002B18D13F23FB1801221A7043
S315080047DC13E0BB6B5B005B08BB630C217B181B6887
S315080047ECBA6B9A4209D17B185A688023DB059A4220
S315080047FC03D13F23FB1801221A703F23FB181B78A1
S3150800480C012B0FD10C23FB18DA6837217B181A7089
S3150800481C3B1D1B78FF2B05D17B181B78022B01D16E
S3150800482CFFF7DEFDC046BD4611B090BD6706000019
S3150800483C1401002080B500AFA023DB05002220213F
S3150800484C180006F006FDC046BD4680BD80B500AF13
S3150800485CC046BD4680BD000080B500AFBFF34F8F84
S3150800486CC046044B044ADA60BFF34F8FC046C046B5
S3150800487CFDE7C04600ED00E00400FA0580B500AF80
S3150800488C114B00225A60104B802252001A600E4BB4
S3150800489C0822DA600C4B802212061A610A4B002297
S315080048AC5A61094B00229A61074B0022DA61064BC2
S315080048BC00221A62054B00220121180005F0E6FFBA
S315080048CCC046BD4680BDC046AC0100201401002080
S315080048DC80B584B000AF3A60BB1D021C1A807B1DE4
S315080048EC0A1C1A7004F03CF803000A33FB6007E054
S315080048FC04F036F80200FB68934201D2012314E057
S3150800490C0C4B180005F0B2FF031EF1D0BB1D1A881C
S3150800491C094B1A607B1D1A78074BDA603A68064908
S3150800492C044B180005F02BFE03001800BD4604B016
S3150800493C80BDC04614010020AC01002080B584B0AF
S3150800494C00AF786039603B680122134000D1E7E07C
S3150800495C754B0822002118000BF058F9724B734A54
S3150800496C7868402105F050FE704B1B68704A9342DC
S3150800497C0FD16D4B1B78FF2B0BD16C4BDB68022BC5
S3150800498C07D16C4B01221A706A4B00225A70FFF73A
S3150800499C63FF664B1B68684A934225D10F217B1827
S315080049AC614A12781A700E23FB185F4A52781A70ED
S315080049BC7B181B78022B02D97B1802221A700E223E
S315080049CCBB181B78642B02D9BB1864221A705B4B74
S315080049DC0F22BA1812781A70584B0E22BA18127877
S315080049EC5A70564B01229A70504B1B68544A934284
S315080049FC21D10D23FB1800221A7014E00D217B1807
S31508004A0C1B78494AD35C5A1E9341DAB208007B18C4
S31508004A1C1B781100494AD3180A1CDA703B181A7805
S31508004A2C3B1801321A700D23FB181B78042BE5D999
S31508004A3C424B01221A723D4B1A68CD23DB009A426F
S31508004A4C17D1394B1A783D4B5A72374B5A783B4B20
S31508004A5C9A72354B9B781BB21B021AB2324BDB7817
S31508004A6C1BB213431BB29AB2344B9A81334B0122B5
S31508004A7C9A732E4B1B68334A934211D12A4B1B78D7
S31508004A8C1A000123134002D02F4B01221A70264B11
S31508004A9C1B781A000223134002D02B4B01225A70A2
S31508004AAC224B1B68294A934229D11F4B1B781BB2F0
S31508004ABC1B021AB21C4B5B781BB213431BB29AB27D
S31508004ACC1E4B1A82184B9B781BB21B021AB2164B3A
S31508004ADCDB781BB213431BB29AB2184B5A82124B91
S31508004AEC1B791BB21B021AB20F4B5B791BB2134311
S31508004AFC1BB29AB2114B9A82104B01229A750A4B29
S31508004B0C1B78FF2B0DD1094BDB68012B09D10B4BFD
S31508004B1C0122DA7503F024FF02000D4B1A6000E03F
S31508004B2CC046BD4604B080BDA00100207801002017
S31508004B3C670600000000002065060000D001002072
S31508004B4C6606000069060000E80100206D060000F4
S31508004B5CA801002080B500AF03F002FF0200064B47
S31508004B6C1B68D21AFA235B009A4202D9034B00221D
S31508004B7CDA75C046BD4680BDA8010020D0010020CC
S31508004B8C90B585B000AF454B5B7801225340DBB23C
S31508004B9C002B00D07EE00F23FB1800221A700E2380
S31508004BACFB1800221A700D23FB1800221A700C230E
S31508004BBCFB1800221A7046E00C243B191A781300CD
S31508004BCC5B009B18DB00364A9B18180000F09CFE0D
S31508004BDC031E18D020003B181B7801229A4013009C
S31508004BECD9B20D22BB18BA1812780A431A703B1898
S31508004BFC1B7801229A401300D9B20F22BB18BA1897
S31508004C0C12780A431A700C243B191A7813005B00A5
S31508004C1C9B18DB00224A9B18180000F061FE031E45
S31508004C2C0BD03B191B7801229A401300D9B20E22DD
S31508004C3CBB18BA1812780A431A700C217B181A7802
S31508004C4C7B1801321A700C23FB181B78042BB3D96A
S31508004C5C144B0E217A1812785A703B1D0F22BA186B
S31508004C6C12781A703B1D7A1812785A703B1D0D2251
S31508004C7CBA1812789A700B4B1A783B1DDA70094BD6
S31508004C8C5A783B1D1A713B1D07481A000521FFF778
S31508004C9C1FFE00E0C046BD4605B090BD00000020D2
S31508004CAC24000020EC01002062060000F0B587B055
S31508004CBC00AF7860344B5B7801225340DBB2002B93
S31508004CCC5DD17B681B6816257C19181CFEF7E4FA5F
S31508004CDC030023807B685B681426BC19181CFEF736
S31508004CECDBFA030023807B689B6812203C18181C8F
S31508004CFCFEF7D2FA030023807B68DB681022BC1807
S31508004D0C181CFEF7C9FA030023807B191B881B0A9B
S31508004D1C9BB2DAB208217B181A707B191B88DAB297
S31508004D2C7B185A70BB191B881B0A9BB2DAB27B1804
S31508004D3C9A70BB191B88DAB27B18DA7012203B18EA
S31508004D4C1B881B0A9BB2DAB27B181A713B181B8894
S31508004D5CDAB27B185A7110203B181B881B0A9BB2B7
S31508004D6CDAB27B189A713B181B88DAB27B18DA719F
S31508004D7C7B1806481A000821FFF7AAFD00E0C04672
S31508004D8CBD4607B0F0BDC046000000206306000013
S31508004D9CF0B585B000AF78601E4B5B7801225340A6
S31508004DACDBB2002B31D17B681B690E257C19181CCC
S31508004DBCFEF772FA030023807B685B690C26BC1924
S31508004DCC181CFEF769FA030023807B191B881B0A3B
S31508004DDC9BB2DAB208217B181A707B191B88DAB2D7
S31508004DEC7B185A70BB191B881B0A9BB2DAB27B1844
S31508004DFC9A70BB191B88DAB27B18DA707B180648CE
S31508004E0C1A000421FFF764FD00E0C046BD4605B054
S31508004E1CF0BDC046000000206C060000B0B586B098
S31508004E2C00AF78604B4B5B7801225340DBB2002B0A
S31508004E3C00D08BE07B689B694749181CFEF720FE5F
S31508004E4C031C16257C19181CFEF726FA030023806A
S31508004E5C7B68DB694049181CFEF712FE031C1422FA
S31508004E6CBC18181CFEF718FA030023807B681B6A0B
S31508004E7C3949181CFEF704FE031C1222BC18181C10
S31508004E8CFEF70AFA03002380344B00221A70334BC0
S31508004E9C5B887A1912889A4206D2304B1B78012203
S31508004EAC1343DAB22D4B1A702C4B9B881422BA1862
S31508004EBC12889A4206D2294B1B7802221343DAB27D
S31508004ECC264B1A70254BDB881222BA1812889A427E
S31508004EDC06D2224B1B7804221343DAB21F4B1A70E4
S31508004EEC16203B181B881B0A9BB2DAB208217B18C2
S31508004EFC1A703B181B88DAB27B185A7014203B18A8
S31508004F0C1B881B0A9BB2DAB27B189A703B181B8853
S31508004F1CDAB27B18DA7012203B181B881B0A9BB274
S31508004F2CDAB27B181A713B181B88DAB27B185A71DD
S31508004F3C0A4B1A787B189A717B180022DA717B183F
S31508004F4C07481A000821FFF7C3FC00E0C046BD4617
S31508004F5C06B0B0BD0000002000007A440400002012
S31508004F6C64060000B0B584B000AF786039601A4B9F
S31508004F7C5B7801225340DBB2002B28D117493868DD
S31508004F8CFEF77EFD031C0E257C19181CFFF722F96B
S31508004F9C030023807B681A7A08217B181A707B68B1
S31508004FAC5A7A7B185A707B1900229B5E1B121BB20D
S31508004FBCDAB27B189A707B191B88DAB27B18DA700E
S31508004FCC7B1807481A000421FFF782FC00E0C0464C
S31508004FDCBD4604B0B0BDC04600000020000020410C
S31508004FEC6A06000080B500AF03F0BAFC0200054B58
S31508004FFC1A60054B00221A60044B01221A70C0462F
S3150800500CBD4680BDF8010020FC01002000020020EE
S3150800501C80B582B000AF03F0A3FC03007B600A4B9B
S3150800502C1B687A68D21AFA235B009A4205D3074B97
S3150800503C01221A70044B7A681A60044B1B78180004
S3150800504CBD4602B080BDC046F80100200002002013
S3150800505C80B500AF054B00221A70054B1B685A1C0D
S3150800506C034B1A60C046BD4680BDC04600020020F0
S3150800507CFC01002080B500AFFFF7CAFF031E03D062
S3150800508C03F0C4F9FFF7E4FFC046BD4680BD80B502
S3150800509C82B000AF78607B681A7800210A40111C30
S315080050AC12220A431A705A7800210A40111C5522FA
S315080050BC52420A435A707B6800229A707B683222E5
S315080050CCDA707B6814221A717B6832225A717B68F3
S315080050DC2D229A717B681F22DA717B681A7A002155
S315080050EC0A40111C782252420A431A725A7A002133
S315080050FC0A40111C13220A435A727B689A7A0021B9
S3150800510C0A40111C302252420A439A72DA7A00215A
S3150800511C0A40111C07220A43DA727B681A7B0021A3
S3150800512C0A40111C782252420A431A735A7B0021F0
S3150800513C0A40111C13220A435A737B689A7B002176
S3150800514C0A40111C782252420A439A73DA7B0021D0
S3150800515C0A40111C13220A43DA737B681A7C002155
S3150800516C0A40111C782252420A431A745A7C0021AE
S3150800517C0A40111C13220A435A747B689A7C002134
S3150800518C0A40111C20220A439A74DA7C00210A4030
S3150800519C111C4E220A43DA747B681A7D00210A40D8
S315080051AC111C20220A431A755A7D00210A40111C2B
S315080051BC4E220A435A757B689A7D00210A40111CB7
S315080051CC10220A439A75DA7D00210A40111C2722FF
S315080051DC0A43DA75C046BD4602B080BD80B582B0BA
S315080051EC00AF78607B681A785B781B0213439BB216
S315080051FC044A944663445A425341DBB21800BD46EE
S3150800520C02B080BDEE54FFFF80B582B000AF02003D
S3150800521CBB1D1A803B1D0A1C1A80BB1D1A883B1D18
S3150800522C1B88D3183F2B02DCBB1D1B8804E03B1DD7
S3150800523C1B884022D31A9BB21800BD4602B080BD0B
S3150800524CF0B58FB004AF04000800BA6019000E253B
S3150800525C7B19221C1A800C243B19021C1A80BB1DB4
S3150800526C0A1C1A800623BB612623FB187A19128896
S3150800527C1A803B191A88BB1D1B88D318002B00DA19
S3150800528C3F339B1199B216203B180E22BA18128876
S3150800529C8A181A803A182623FB1812881B88D31AE0
S315080052AC9AB21423FB1801321A802423FB18002205
S315080052BC1A8000233B625DE02626BB191A88BB6957
S315080052CC9A4013001AB20C217B1800201B5E13435C
S315080052DC1AB21223FB181A8010257C197B181A8807
S315080052ECBB1D1B8811001800FFF78EFF03002380D7
S315080052FC24243B191B88BA68D3181222BA181188A9
S3150800530C2248FA22920002927A1912880192009384
S3150800531C02230A00A02106F089F9BB19BA191288CA
S3150800532C01321A800C217B1800221A80BB1DB91D6C
S3150800533C7A19098812888A1A1A803B1939197A191E
S3150800534C098812888A181A800023FB610AE00F481C
S3150800535C64230122A02106F0CBFB031E06D0FB69B1
S3150800536C0133FB61FB69092BF1DD00E0C0463B6AA2
S3150800537C01333B621423FB181B883A6A9A429BDB5F
S3150800538CC046C046BD460BB0F0BDC046CC03002097
S3150800539CF0B58FB004AF04000800BA6019000E25EA
S315080053AC7B19221C1A800C243B19021C1A80BB1D63
S315080053BC0A1C1A800623FB612623FB187A19128805
S315080053CC1A803B191A88BB1D1B88D318002B00DAC8
S315080053DC3F339B1199B21A203B180E22BA18128821
S315080053EC8A181A803A182623FB1812881B88D31A8F
S315080053FC9AB21823FB1801321A802423FB180022B0
S3150800540C1A8000233B624AE02626BB191A88FB69D8
S3150800541C9A4013001AB20C217B1800201B5E13430A
S3150800542C1AB21623FB181A8014257C197B181A88AD
S3150800543CBB1D1B8811001800FFF7E6FE030023802E
S3150800544C24243B191B88BA68D3181622BA18118853
S3150800545C1848FA22920002927A191288019200933D
S3150800546C02230A00A02106F00FFABB19BA191288F2
S3150800547C01321A800C217B1800221A80BB1DB91D1B
S3150800548C7A19098812888A1A1A803B1939197A19CD
S3150800549C098812888A181A803B6A01333B621823DA
S315080054ACFB181B883A6A9A42AEDBC046C046BD4614
S315080054BC0BB0F0BDCC030020B0B59AB004AF020017
S315080054CCBB1D1A8006233B65BB1D1A883B6D9A408B
S315080054DC4E243B191A800C257B194022FF211800F3
S315080054EC0AF094FB3B191A881248FA239B0002937C
S315080054FC402301937B1900930223A02106F096F80A
S3150800550C052003F037FA00237B650AE00948642373
S3150800551C0122A02106F0ECFA031E06D07B6D01339E
S3150800552C7B657B6D092BF1DD00E0C046C046BD46A8
S3150800553C16B0B0BDCC03002080B582B000AF3A607F
S3150800554CBB1D021C1A803B1D0A1C1A803A683B1D9F
S3150800555C1988BB1D18881823FFF772FEC046BD466E
S3150800556C02B080BD80B582B000AF3A60BB1D021C8C
S3150800557C1A803B1D0A1C1A803A683B1D1988BB1DEC
S3150800558C18881823FFF704FFC046BD4602B080BD35
S3150800559C80B500AF204B1A681F4B5B6819001000CA
S315080055AC09F00CFB1C4B5B68002B05D11A4B1B68CE
S315080055BC1B6800225A632CE0174B5B68042B05D139
S315080055CC154B1B681A680023936322E0124B5B6821
S315080055DC082B05D1104B1B681A680023D36318E0F7
S315080055EC0D4B5B680C2B05D10B4B1B681A680023FB
S315080055FC13640EE0084B5B68102B05D1064B1B6831
S3150800560C1A680023936504E0034B1B681A68002389
S3150800561CD365C046BD4680BD0C00002080B500AFE2
S3150800562C80239900A023DB050122180005F011FE42
S3150800563CC046BD4680BD80B500AF80239900A02327
S3150800564CDB050022180005F004FEC046BD4680BDE9
S3150800565C80B584B000AF78600A00FB1C1A707B68B2
S3150800566C9B7AFA1C12789A4204D27B689A7A7B68DF
S3150800567C5A7203E07B68FA1C12785A727B681B68AC
S3150800568C1B68DB6AFB607B685B7A1A00FB68534312
S3150800569C64211800FDF73AFD0300BB607B685B6864
S315080056AC002B05D17B681B681B68BA685A632CE00B
S315080056BC7B685B68042B05D17B681B681A68BB681A
S315080056CC936322E07B685B68082B05D17B681B68B3
S315080056DC1A68BB68D36318E07B685B680C2B05D12A
S315080056EC7B681B681A68BB6813640EE07B685B688A
S315080056FC102B05D17B681B681A68BB68936504E098
S3150800570C7B681B681A68BB68D365C046BD4604B07F
S3150800571C80BD000080B582B000AF786039607B68C8
S3150800572C1B7A022B38D11E4B1B7801225340DBB255
S3150800573C002B16D07B68DB7A1800FEF7BBFD031C22
S3150800574C191C3868FDF79EFD031E0AD0144B01225E
S3150800575C1A70FFF763FF7B6864211800FFF778FF60
S3150800576C1BE00F4B1B78002B17D07B681B7B180094
S3150800577CFEF7A0FD031C191C3868FDF765FD031E12
S3150800578C0BD0074B00221A70FFF755FF7B680021D8
S3150800579C1800FFF75DFF00E0C046BD4602B080BDAD
S315080057AC0102002080B582B000AF00F07BF86420BF
S315080057BC03F0E0F8124B2822002118000AF026FA0A
S315080057CC104B1422002118000AF020FA00237B60E3
S315080057DC0CE07A6813005B009B18DB000A4A9B18DE
S315080057EC180000F07DF87B6801337B607B68042B1E
S315080057FCEFDD00F025F8C046BD4602B080BDC046B8
S3150800580C040200202C0200202400002080B582B05F
S3150800581C00AF78607B681B68002B0CD07B689B8874
S3150800582C002B08D07B6818687B689B8801221900B6
S3150800583C05F00FFD00E0C046BD4602B080BD000075
S3150800584C80B500AF074B1800FFF7E0FF064B1800B2
S3150800585CFFF7DCFF054B1800FFF7D8FFC046BD461F
S3150800586C80BDC04624000020540000203C000020C7
S3150800587C80B582B000AF78607B681B68002B0CD0B3
S3150800588C7B689B88002B08D07B6818687B689B888C
S3150800589C0022190005F0DDFC00E0C046BD4602B04A
S315080058AC80BD000080B500AF094B1800FFF7E0FF7C
S315080058BC084B1800FFF7DCFF074B1800FFF7D8FF5B
S315080058CC064B1800FFF7D4FFC046BD4680BDC04640
S315080058DC240000206C000020540000203C0000200E
S315080058EC80B582B000AF78607B689A687B689B89C4
S315080058FC1900100005F090FC03005A425341DBB224
S3150800590C1800BD4602B080BD80B582B000AF786085
S3150800591C7B681A697B689B8A1900100005F07CFC69
S3150800592C0300013B5A425341DBB21800BD4602B094
S3150800593C80BD000080B582B000AF78600B4B1B8829
S3150800594C9BB21800FEF766FC031C0949181CFEF7E7
S3150800595C97F8031C0749181CFDF7C4FE031C1A1CF0
S3150800596C7B681A60C046BD4602B080BD2C0200207A
S3150800597C3ECBF33BA69B443B80B582B000AF786028
S3150800598C0B4B5B889BB21800FEF744FC031C0949B9
S3150800599C181CFEF775F8031C0749181CFDF7A2FE20
S315080059AC031C1A1C7B685A60C046BD4602B080BDF3
S315080059BC2C0200203ECBF33BA69B443B80B582B021
S315080059CC00AF78600B4B9B889BB21800FEF722FC45
S315080059DC031C0949181CFEF753F8031C0749181C25
S315080059ECFDF780FE031C1A1C7B689A60C046BD46F0
S315080059FC02B080BD2C0200203ECBF33BA69B443B59
S31508005A0C80B582B000AF78600B4BDB889BB2180070
S31508005A1CFEF700FC031C0949181CFEF731F8031C99
S31508005A2C0749181CFDF75EFE031C1A1C7B68DA6016
S31508005A3CC046BD4602B080BD2C0200203ECBF33BCF
S31508005A4CA69B443B80B582B000AF78600B4B5B8954
S31508005A5C9BB21800FEF7DEFB031C0949181CFEF75F
S31508005A6C0FF8031C0749181CFDF73CFE031C1A1CEF
S31508005A7C7B685A61C046BD4602B080BD2C02002028
S31508005A8C3ECBF33BA69B443B80B582B000AF786017
S31508005A9C0B4B1B899BB21800FEF7BCFB031C094970
S31508005AAC181CFDF7EDFF031C0749181CFDF71AFE19
S31508005ABC031C1A1C7B681A61C046BD4602B080BD21
S31508005ACC2C0200203ECBF33BA69B443B90B585B0FD
S31508005ADC00AF7860224B5B8A9BB21800FEF7EAFB94
S31508005AEC041C1F4B5B8A9BB21800FEF7E3FB031CD6
S31508005AFC191C8B20C005FEF715F9031C191C201C54
S31508005B0CFDF7F0FD031C1749181CFDF7B9FF031C1C
S31508005B1CFB601449F868FDF7E5FD031C181C0AF030
S31508005B2CEFFC031C1049181CFDF7AAFF031C0F49B0
S31508005B3C181CFDF7C9FB031C191CFE208005FDF774
S31508005B4CD1FD031CBB600A49B868FEF7EBF8031CC9
S31508005B5C1A1C7B685A62C046BD4605B090BDC04645
S31508005B6C2C02002000401C46631D9B390FCF5B3B63
S31508005B7C3393884380B582B000AF7860094B9B8914
S31508005B8C9BB21800FEF746FB031C0749181CFDF7C9
S31508005B9C77FF031C1A1C7B689A61C046BD4602B087
S31508005BAC80BDC0462C020020CAFACD3B80B582B017
S31508005BBC00AF7860094BDB899BB21800FEF72AFB0D
S31508005BCC031C0749181CFDF75BFF031C1A1C7B6892
S31508005BDCDA61C046BD4602B080BDC0462C02002024
S31508005BECCAFACD3B80B582B000AF7860094B1B8AE8
S31508005BFC9BB21800FEF70EFB031C0749181CFDF791
S31508005C0C3FFF031C1A1C7B681A62C046BD4602B0CD
S31508005C1C80BDC0462C020020CAFACD3B80B500AF29
S31508005C2C024B034A9A60C046BD4680BD00ED00E0B3
S31508005C3C0030000880B500AFFFF7F0FF02F014FE45
S31508005C4C00F018F800F018FB00F000FB00F070F8F4
S31508005C5C00F060F900F0A6F900F0ECF900F02AFA69
S31508005C6CFEF78CFB00F0E2FFFEF793FB00F0E6FF75
S31508005C7CC046F9E790B595B000AF14243B19180047
S31508005C8C3C231A00002109F0C1FF3B1D1800102304
S31508005C9C1A00002109F0BAFF80239B00180007F0B0
S31508005CAC21FA3B1902221A603B1980225200DA604B
S31508005CBC21007B1800221A617B1840225A617B1836
S31508005CCC02221A627B1802225A627B1800229A62F6
S31508005CDC7B180F22DA627B18802292021A637B18D1
S31508005CEC802292045A637B18C022D2059A637B18C9
S31508005CFC180007F043FA031E01D000F0CDFB3B1D3C
S31508005D0C07221A603B1D02225A603B1D00229A602C
S31508005D1C3B1D0022DA603B1D0221180007F08EFDA0
S31508005D2C031E01D000F0B8FBC046BD4615B090BDA9
S31508005D3C80B584B000AF3B1D18000C231A00002157
S31508005D4C09F064FF684B694A1A60674B8022120691
S31508005D5C5A60654B00229A60634B0022DA60624BEC
S31508005D6C802212061A61604B08225A615E4B002289
S31508005D7C1A765D4B00225A765B4B01229A765A4B61
S31508005D8C0122DA61584B00225A62574B00229A625A
S31508005D9C554B2C2201219954534B802252011A63DC
S31508005DAC514B04225A63504B3C22002199544E4BBA
S31508005DBC0022DA644C4B180002F06EFF031E01D069
S31508005DCC00F06AFB3B1D01221A603B1D01225A603A
S31508005DDC3A1D454B1100180003F0ACF9031E01D00F
S31508005DEC00F05AFB3B1D424A1A603A1D3E4B110005
S31508005DFC180003F09FF9031E01D000F04DFB3B1D64
S31508005E0C3C4A1A603A1D384B1100180003F092F9F7
S31508005E1C031E01D000F040FB3B1D374A1A603A1DA1
S31508005E2C314B1100180003F085F9031E01D000F060
S31508005E3C33FB3B1D314A1A603A1D2B4B11001800D7
S31508005E4C03F078F9031E01D000F026FB3B1D2C4A03
S31508005E5C1A603A1D244B1100180003F06BF9031E47
S31508005E6C01D000F019FB3B1D264A1A603A1D1E4B41
S31508005E7C1100180003F05EF9031E01D000F00CFBAC
S31508005E8C3B1D214A1A603A1D174B1100180003F0E6
S31508005E9C51F9031E01D000F0FFFA3B1D1B4A1A608C
S31508005EAC3A1D114B1100180003F044F9031E01D0DA
S31508005EBC00F0F2FA3B1D164A1A603A1D0A4B1100FD
S31508005ECC180003F037F9031E01D000F0E5FA064B6B
S31508005EDC180003F011FD031E01D000F0DDFAC046D0
S31508005EECBD4604B080BDC0464002002000240140D7
S31508005EFC02000004040000080800000C1000001042
S31508005F0C400000188000001C00010020000200243C
S31508005F1C0004002880B500AF204B214A1A601F4B9D
S31508005F2C00225A601D4B00229A601C4B0022DA6034
S31508005F3C1A4B00221A74194B00225A74174B00225A
S31508005F4C9A74164B10225A61144B01229A61134B00
S31508005F5C0122DA61114B01221A62104B01225A6294
S31508005F6C0E4B01229A620D4B0122DA620B4B01226F
S31508005F7C1A630A4B00225A63084B00229A63074B92
S31508005F8C0022DA63054B180004F0E0F8031E01D072
S31508005F9C00F082FAC046BD4680BDC0460403002008
S31508005FAC0064004080B500AF204B214A1A601F4B95
S31508005FBC00225A601D4B00229A601C4B0022DA60A4
S31508005FCC1A4B00221A74194B00225A74174B0022CA
S31508005FDC9A74164B0C225A61144B01229A61134B74
S31508005FEC0822DA61114B01221A62104B01225A62FD
S31508005FFC0E4B01229A620D4B0122DA620B4B0122DF
S3150800600C1A630A4B00225A63084B00229A63074B01
S3150800601C0022DA63054B180004F098F8031E01D029
S3150800602C00F03AFAC046BD4680BDC046680300205B
S3150800603C0068004080B500AF1B4B1C4A1A601A4B0F
S3150800604C1B4A5A60184B00229A60174B0122DA60D9
S3150800605C154B00221A61144B00225A61124B00226E
S3150800606C9A61114B0022DA610F4B00221A620E4B11
S3150800607C180005F00BF9031E01D000F00DFA0A4BB7
S3150800608C0021180006F096FF031E01D000F004FA52
S3150800609C054B0021180006F0D9FF031E01D000F0AD
S315080060ACFBF9C046BD4680BDCC0300200054004019
S315080060BC583D500080B59CB000AF6023FB18180003
S315080060CC10231A00002109F0A1FD5423FB1818000F
S315080060DC0C231A00002109F099FD3823FB18180027
S315080060EC1C231A00002109F091FD3B1D18003423CE
S315080060FC1A00002109F08AFD514B524A1A60504B7E
S3150800610C962252005A604E4B00229A604C4B4E4ACD
S3150800611CDA604B4B00221A61494B00225A61484BF4
S3150800612C00229A61464B180008F090FC031E01D019
S3150800613C00F0B2F960217B18802252011A607A1895
S3150800614C3F4B1100180008F029FF031E01D000F080
S3150800615CA3F93B4B180008F0D1FC031E01D000F044
S3150800616C9BF954217B1800221A607B1800225A606E
S3150800617C7B1800229A607A18314B1100180009F026
S3150800618CFFFB031E01D000F087F938217B1860222B
S3150800619C1A607B1800225A607B1800229A607B18BA
S315080061AC0022DA607B1800221A617B1800225A61D9
S315080061BC7B1800229A617918214B0022180008F0E6
S315080061CCEDFD031E01D000F067F93B1D00221A6095
S315080061DC3B1D00225A603B1D00229A603B1D002283
S315080061ECDA603B1D00221A613B1D802292015A611E
S315080061FC3B1D00229A613B1D0022DA613B1D0022E1
S3150800620C1A623B1D802292045A623B1D00229A6236
S3150800621C3B1D0022DA623B1D00221A633A1D084B0D
S3150800622C1100180009F022FC031E01D000F034F905
S3150800623C034B180001F0F6FCC046BD461CB080BDE9
S3150800624C20040020002C0140FFFF000080B582B01E
S3150800625C00AF084B9A6B074B01210A439A63054B0F
S3150800626C9B6B012213407B607B68C046BD4602B01F
S3150800627C80BDC0460010024090B58BB000AF142408
S3150800628C3B19180014231A00002109F0BFFC7C4B9B
S3150800629C5A6B7B4B04210A435A63794B5B6B04227A
S315080062AC13403B613B69764B5A6B754B20210A436D
S315080062BC5A63734B5B6B20221340FB60FB68704B75
S315080062CC5A6B6F4B01210A435A636D4B5B6B012268
S315080062DC1340BB60BB686A4B5A6B694B02210A4375
S315080062EC5A63674B5B6B022213407B607B68644B7B
S315080062FC5A6B634B08210A435A63614B5B6B082242
S3150800630C13403B603B685F4B00220221180004F0E7
S3150800631CA0FFC423D900A023DB050022180004F033
S3150800632C98FF594B00221221180004F092FF574B84
S3150800633C00220821180004F08CFF3B1980229201D8
S3150800634C1A603B19882252035A603B1900229A603C
S3150800635C3B194C4A1900100004F0F2FD3B194C4A43
S3150800636C1A603B1900225A603B1900229A603B19A5
S3150800637C444A1900100004F0E3FD3B1902221A6086
S3150800638C3B1901225A603B1900229A603B190022DC
S3150800639CDA603B193B4A1900100004F0D1FD3B1991
S315080063AC20221A603B1901225A603B1900229A6076
S315080063BC3B190222DA603A19A023DB0511001800F2
S315080063CC04F0BEFD21007B18C022D2001A600C0016
S315080063DC3B1901225A603B1900229A603B1900228C
S315080063ECDA603A19A023DB051100180004F0A8FDA1
S315080063FC3B19284A1A603B1900225A603B1900229D
S3150800640C9A603B19204A1900100004F099FD3B19B3
S3150800641C12221A603B1901225A603B1900229A6013
S3150800642C3B190022DA603B19174A1900100004F0D0
S3150800643C87FD3B1908221A603B1901225A603B1941
S3150800644C00229A603B190022DA603B190F4A1900A0
S3150800645C100004F075FD21007B1830221A607B1899
S3150800646C00225A607B1800229A607B18074A19008A
S3150800647C100004F065FDC046BD460BB090BDC04685
S3150800648C0010024000080050000C00500004005098
S3150800649C010200006D03000080B500AF72B6C0465D
S315080064ACC046FDE780B582B000AFFB1D00221A700E
S315080064BC12E0FB1D1978FB1D1B781B4A0431490099
S315080064CC895A1A4A5B00D31802330A1C1A80FB1D18
S315080064DC1A78FB1D01321A70FB1D1B78042BE8D9A0
S315080064EC114B5A8A124B5A800F4B9A8A104B9A8028
S315080064FC0D4BDA8A0E4BDA800B4B9A780D4B1A72C7
S3150800650C094BDA780B4B5A72074B1A79094B9A7264
S3150800651C054B5A79074BDA72034B9A79054B1A7362
S3150800652CC046BD4602B080BD6C040020EC010020BC
S3150800653C040000200C00002080B500AF154B180095
S3150800654CFFF7F8F9134B1800FFF716FA114B18005A
S3150800655CFFF734FA0F4B1800FFF752FA0D4B1800D9
S3150800656CFFF792FA0B4B1800FFF76CFA094B180059
S3150800657CFFF700FB074B1800FFF718FB054B180035
S3150800658CFFF730FB034B1800FFF7A0FAC046BD46D1
S3150800659C80BDC04604020020B0B586B000AF364BAD
S315080065AC1A693B001A60344B5A693B005A60324BE5
S315080065BCDA683B009A60304B5A683B00DA602E4B1F
S315080065CC9A683B001A612D4B00225A702B4B0022FD
S315080065DC1A701723FB1800221A7042E017243B196D
S315080065EC1A7813005B009B18DB00254A9B181800C9
S315080065FCFFF776F9031E0BD0204B5A783B191B78FC
S3150800660C012199400B00DBB21343DAB21B4B5A70CB
S3150800661C17257B191A783B009200D4587B191B78DE
S3150800662C164A5B00D31802331B881800FDF742FE86
S3150800663C031C191C201CFCF71BFE031E0BD00F4B4E
S3150800664C1A787B191B78012199400B00DBB213438E
S3150800665CDAB20A4B1A7017217B181A787B18013292
S3150800666C1A701723FB181B78042BB7D9C046C046DB
S3150800667CBD4606B0B0BDC04604020020EC010020A1
S3150800668C24000020B0B500AF2B4B00221A702B4B00
S3150800669C9B692B49181CFDF7F3F9031C1C1C264B8C
S315080066AC5B881800FDF706FE031C191C201CFCF75A
S315080066BCCBFD031E06D0204B1B7801221343DAB2FE
S315080066CC1D4B1A701D4BDB691D49181CFDF7D8F9B3
S315080066DC031C1C1C184B9B881800FDF7EBFD031CB0
S315080066EC191C201CFCF7B0FD031E06D0124B1B7898
S315080066FC02221343DAB2104B1A70104B1B6A10495C
S3150800670C181CFDF7BDF9031C1C1C0B4BDB88180069
S3150800671CFDF7D0FD031C191C201CFCF795FD031E68
S3150800672C00D106E0044B1B7804221343DAB2024B61
S3150800673C1A70C046BD46B0BD0400002004020020F5
S3150800674C00007A4480B582B000AF844B9B78002B4E
S3150800675C1ED0824B00229A70804B1A78804B1A7284
S3150800676C7E4B5A787E4B5A727D4B1B7A012B09D17C
S3150800677CFEF754FF7A4B5A7A794B11001800FEF73C
S3150800678C67FF05E0764B1B7A002B01D1FEF753FF0A
S3150800679C724B1B7A002B2DD0704B00221A72FB1DE4
S315080067AC00221A7022E0FB1D1B786C4AD318DB7882
S315080067BC002B0BD0FB1D1A7813005B009B18DB0013
S315080067CC684A9B181800FFF721F80AE0FB1D1A788F
S315080067DC13005B009B18DB00624A9B181800FFF736
S315080067EC47F8FB1D1A78FB1D01321A70FB1D1B7826
S315080067FC042BD8D9594B9B7B002B36D0574B0022F0
S3150800680C9A73564B9B7A012B25D1BB1D00221A7005
S3150800681C1CE0524B5B7AFF2B09D0504B5B7A1A0063
S3150800682CBB1D1B78DA4013000122134009D0BB1D8F
S3150800683C1B784A4A91894C4A5B00D31802330A1CC6
S3150800684C1A80BB1D1A78BB1D01321A70BB1D1B782A
S3150800685C042BDED909E0414B9B7A022B05D1424B1E
S3150800686C00225A70404B00221A703C4B9B7D002B21
S3150800687C0ED03A4B00229A75384B1A8A3B4B5A80E3
S3150800688C364B5A8A394B9A80344B9A8A374BDA806C
S3150800689C374B1B78002B46D0354B00221A70304BE1
S315080068AC1A7A344B9A702E4B5A7A324BDA702C4B26
S315080068BC9A7A304B1A712A4BDA7A2E4B5A71284B24
S315080068CC1A7B2C4B9A717B1D00221A7011E07B1DCA
S315080068DC1B787A1D127824495B00CB180233198869
S315080068EC244B04325200D1527B1D1A787B1D01327F
S315080068FC1A707B1D1B78042BE9D91C4B5A881D4B27
S3150800690C5A821A4B9A881B4B9A82184BDA88194B5F
S3150800691CDA82194B1B78002B05D0164B1A0000216E
S3150800692C0120FEF709FE124B5B78002B12D0104B98
S3150800693C00225A700F4B1800FEF7A9FB0E4B1B785A
S3150800694C002B05D00B4B1A0000210120FEF7F4FD95
S3150800695CFFF7A8FDC046BD4602B080BDD001002099
S3150800696C0C00002024000020EC010020040000206C
S3150800697CE80100206C0400208604002080B582B053
S3150800698C00AF80239B01184A1900100004F044FC40
S3150800699C031E25D1642001F0EDFF80239B01124ACA
S315080069AC1900100004F038FC031E19D1C0468023C8
S315080069BC9B010D4A1900100004F02EFC031EF6D09C
S315080069CC00237B6007E07B689BB21800FEF774FD1A
S315080069DC7B6801337B607A6880239B009A42F2DBE2
S315080069ECC046BD4602B080BD0008005080B582B0D6
S315080069FC00AF01F0B5FF03007B60244B1B687A6877
S31508006A0CD31A632B08D9214B7A681A60FFF794FDC1
S31508006A1CFFF7C2FDFFF736FE1D4B5A6A1D4B111CBC
S31508006A2C1800FEF777FEFFF78DFE1A4A184B110071
S31508006A3C180001F091FD184B1B687A68D21AFA23D4
S31508006A4C5B009A4217D3144B7A681A60FEF798F8CB
S31508006A5C0F4B1800FEF72AF90D4B1800FEF798F99C
S31508006A6C0B4B1800FEF7DAF9094B5A6A094B111C3D
S31508006A7C1800FEF777FA094B1B78002B01D0FEF7A6
S31508006A8CF9FAC046BD4602B080BDC046880400204F
S31508006A9C040200200C0000208C0400208504002031
S31508006AAC80B500AFFA235B0040480322A02105F00D
S31508006ABC1FF803005A425341DAB23D4B1A703C4B4D
S31508006ACC1B78002B1BD03B4B1A0000210120FEF72C
S31508006ADC49FD384B1800FEF781FB03001A00012309
S31508006AEC5340DBB2002B0ED0324B1800FEF7CFFA10
S31508006AFC304B1A0000210120FEF71EFD03E02D4B3A
S31508006B0C1800FEF7C4FAFEF74DFEFEF741FDFFF737
S31508006B1CC9FC294B01225A702849294B0A2218000C
S31508006B2C02F062FA642001F025FFFA235B001F4885
S31508006B3C0322782104F0DCFF03005A425341DAB2EF
S31508006B4C204B1A701F4B1B78002B0AD000F098F8B4
S31508006B5C01F0CEFCFA239B00180001F00BFFFEF7A0
S31508006B6C41FA134B1B78002B05D0164B1B78002BC0
S31508006B7C01D0012300E00023DAB2A023DB05202193
S31508006B8C180004F066FB01F0EBFE02000E4B1A60CF
S31508006B9C01F0E6FE02000D4B1A600D4B01221A702D
S31508006BAC012001F0C9FCC046BD4680BDCC030020BF
S31508006BBC860400206C040020000000202C02002013
S31508006BCC4002002085040020880400208C04002044
S31508006BDC8404002080B500AFFFF708FF064B5B88DE
S31508006BEC002B05D0054B02221A70022001F0A4FCDA
S31508006BFCC046BD4680BDC046A008002084040020BF
S31508006C0C80B500AFFFF7F2FE064B5B88002B05D16B
S31508006C1C054B01221A70012001F08EFCC046BD46B8
S31508006C2C80BDC046A00800208404002080B500AFB3
S31508006C3CFDF724FEC046BD4680BD000080B500AFFA
S31508006C4CFDF788FFFFF79AFE0C4B1B78022B0BD02F
S31508006C5C0DDC002B02D0012B03D008E0FFF720FF38
S31508006C6C09E0FFF7B7FF06E0FFF7CAFF03E0034B9F
S31508006C7C00221A70C046C046BD4680BD840400205A
S31508006C8C80B582B000AF00F0CDFC5B4B5B480122AF
S31508006C9C782104F02DFF031E01D00023A8E0584BE1
S31508006CAC7B6002E07B68013B7B607B68002BF9D13B
S31508006CBCAE220021782000F035FD20220021782014
S31508006CCC00F030FD10220021782000F02BFDB022B8
S31508006CDC0021782000F026FDC8220021782000F03B
S31508006CEC21FD00220021782000F01CFD1022002135
S31508006CFC782000F017FD40220021782000F012FDC4
S31508006D0C81220021782000F00DFDFF220021782039
S31508006D1C00F008FDA1220021782000F003FDA62230
S31508006D2C0021782000F0FEFCA8220021782000F033
S31508006D3CF9FC3F220021782000F0F4FCA422002163
S31508006D4C782000F0EFFCD3220021782000F0EAFC32
S31508006D5C00220021782000F0E5FCD52200217820BD
S31508006D6C00F0E0FCF0220021782000F0DBFCD922B0
S31508006D7C0021782000F0D6FC22220021782000F091
S31508006D8CD1FCDA220021782000F0CCFC122200215A
S31508006D9C782000F0C7FCDB220021782000F0C2FC2A
S31508006DAC20220021782000F0BDFC8D2200217820BD
S31508006DBC00F0B8FC14220021782000F0B3FCAF22B6
S31508006DCC0021782000F0AEFC2E220021782000F05D
S31508006DDCA9FC002000F04CF800F016F8094B00222C
S31508006DEC1A80084B00225A80064B01225A7101233D
S31508006DFC1800BD4602B080BD204E0000CC03002012
S31508006E0CC40900009008002080B582B000AFFB1DB5
S31508006E1C00221A7021E0FB1D1B78503BDBB21A00CE
S31508006E2C0021782000F07EFC00220021782000F05A
S31508006E3C79FC10220021782000F074FCFB1D1B78CD
S31508006E4CDA010A4BD21880234021782000F0FEFB89
S31508006E5CFB1D1A78FB1D01321A70FB1D1B78072BBC
S31508006E6CD9D9C046C046BD4602B080BD90040020A4
S31508006E7C80B582B000AF0200FB1D1A70FB1D1B7893
S31508006E8C002B01D1002300E0FF238022D200044806
S31508006E9C190008F0BBFEC046BD4602B080BDC04610
S31508006EAC9004002090B583B000AF040008001100D0
S31508006EBCBB1D221C1A803B1D021C1A80FB1C0A1CBB
S31508006ECC1A70BB1D1B887F2B52D83B1D1B883F2B6A
S31508006EDC4ED8294B1B79002B06D0FB1C1B785A4223
S31508006EEC5341DAB2FB1C1A70FB1C1B78012B1ED102
S31508006EFCBB1D1A883B1D1B88DB0898B20300DB01F7
S31508006F0CD3181E4AD35C5AB23B1D1B8807210B406B
S31508006F1C012199400B005BB2134359B2BB1D1A8869
S31508006F2C0300DB01D318C9B2144AD15421E0BB1DA6
S31508006F3C1A883B1D1B88DB0898B20300DB01D318A3
S31508006F4C0E4AD35C5BB23A1D128807210A4001210E
S31508006F5C91400A0052B2D24352B2134059B2BB1DE9
S31508006F6C1A880300DB01D318C9B2044AD15400E0CD
S31508006F7CC046BD4603B090BD900800209004002082
S31508006F8C80B582B000AF0200BB1D1A803B1D0A1CDF
S31508006F9C1A80064BBA1D12881A80044B3A1D1288A1
S31508006FAC5A80C046BD4602B080BDC0469008002037
S31508006FBC80B586B000AF39601100FB1D021C1A7033
S31508006FCCBB1D0A1C1A703A4B1B881A003B681B78A7
S31508006FDCD3187F2B07DC364B5B881A003B685B782B
S31508006FECD3183F2B01DD00235DE000237B614AE0CB
S31508006FFC3B685A68FB1D1B78203B396849784B431C
S3150800700C19007B69CB185B00D3181B88FB6000231F
S3150800701C3B612FE0FA683B699A4080231B021340B8
S3150800702C11D0234B1A883B699BB2D31898B2204BC4
S3150800703C5A887B699BB2D31899B2BB1D1B781A0068
S3150800704CFFF730FF13E01A4B1A883B699BB2D3182B
S3150800705C98B2174B5A887B699BB2D31899B2BB1D49
S3150800706C1B785A425341DBB21A00FFF71BFF3B69E8
S3150800707C01333B613B681B781A003B699342C9D3C1
S3150800708C7B6901337B613B685B781A007B699342A9
S3150800709CAED3074B1B883A6812789B189AB2044BE6
S315080070AC1A80FB1D1B781800BD4606B080BDC0466D
S315080070BC9008002080B584B000AFF860B960FB1D5D
S315080070CC1A7013E0FB681878FB1D1A78BB68190050
S315080070DCFFF76EFF03001A00FB681B789A4202D072
S315080070ECFB681B7808E0FB680133FB60FB681B78C0
S315080070FC002BE7D1FB681B781800BD4604B080BD91
S3150800710CB0B586B000AF05000C0010001900BB1D09
S3150800711C2A1C1A803B1D221C1A80BB1C021C1A80B6
S3150800712C3B000A1C1A80BB1D1B887F2B02D9BB1D72
S3150800713C7F221A80BB1C1B887F2B02D9BB1C7F2283
S3150800714C1A803B1D1B883F2B02D93B1D3F221A80F8
S3150800715C3B001B883F2B02D93B003F221A80BA1DE5
S3150800716CBB1C12881B889A4207D2BA1CBB1D1288F4
S3150800717C1B88D31A9BB21BB206E0BA1DBB1C12881D
S3150800718C1B88D31A9BB21BB21222BA1813803A1D4B
S3150800719C3B0012881B889A4207D23A003B1D12887C
S315080071AC1B88D31A9BB21BB206E03A1D3B00128809
S315080071BC1B88D31A9BB21BB21022BA181380BA1D9D
S315080071CCBB1C12881B889A4201D2012201E00123BA
S315080071DC5A420E23FB181A803A1D3B0012881B884C
S315080071EC9A4201D2012201E001235A420C23FB18D0
S315080071FC1A8012217A181023FB180020125E002020
S3150800720C1B5E9A4208DD7B1800229B5E002B00DA77
S3150800721C01335B101BB209E01023FB1800229B5E9E
S3150800722C002B00DA01335B105B421BB21622BA182C
S3150800723C13801223FB1800229B5E002B48D13A00C0
S3150800724C3B1D12881B889A420CD208217B183A00DF
S3150800725C12881A803B003A1D12881A803B1D7A1830
S3150800726C12881A80BA1CBB1D12881B889A420CD22B
S3150800727C08217B18BA1C12881A80BB1CBA1D1288E6
S3150800728C1A80BB1D7A1812881A801423FB183A1D0B
S3150800729C12881A8013E014243B1919882823FB1822
S315080072AC1A78BB1D1B881800FFF7FCFD21007B18FC
S315080072BC00229B5E9BB201339AB27B181A80142368
S315080072CCFB1800229A5E3B001B889A42E3DDA3E07A
S315080072DC1023FB1800229B5E002B48D13A003B1D5D
S315080072EC12881B889A420CD208217B183A001288FD
S315080072FC1A803B003A1D12881A803B1D7A18128890
S3150800730C1A80BA1CBB1D12881B889A420CD20821FB
S3150800731C7B18BA1C12881A80BB1CBA1D12881A80D4
S3150800732CBB1D7A1812881A801423FB18BA1D1288EA
S3150800733C1A8013E014243B1918882823FB181A788A
S3150800734C3B1D1B881900FFF7ADFD21007B18002299
S3150800735C9B5E9BB201339AB27B181A801423FB18D6
S3150800736C00229A5EBB1C1B889A42E3DD54E0282354
S3150800737CFB181A783B1D1988BB1D1B881800FFF7CC
S3150800738C91FDBA1DBB1C12881B889A4205D13A1D61
S3150800739C3B0012881B889A423DD00A203B181621BE
S315080073AC7A1812881A803B1800229A5E1223FB1848
S315080073BC00201B5E5B429A4210DD7B181A8810234C
S315080073CCFB181B88D31A9AB27B181A800E23FB1843
S315080073DC1988BB1DBA1D12888A181A800A23FA182E
S315080073EC1023FB180021525E00215B5E9A42BEDA1E
S315080073FC16217B181A881223FB181B88D3189AB2E5
S3150800740C7B181A800C23FB1819883B1D3A1D128809
S3150800741C8A181A80ABE7C046BD4606B0B0BDB0B5F3
S3150800742C84B002AF05000C0010001900BB1D2A1C05
S3150800743C1A803B1D221C1A80BB1C021C1A803B009E
S3150800744C0A1C1A80BB1D1B887F2B00D97AE03B1DB2
S3150800745C1B883F2B00D975E0BB1D1A88BB1C1B88E3
S3150800746CD3187F2B05DDBB1CBA1D128880218A1AFE
S3150800747C1A803B1D1A883B001B88D3183F2B05DD49
S3150800748C3B003A1D128840218A1A1A80BA1DBB1C69
S3150800749C12881B88D3189AB23B1D1C883B1D198869
S315080074ACBB1D188818257B191B7800932300FFF73A
S315080074BC27FE3A1D3B0012881B88D31899B2BA1DB1
S315080074CCBB1C12881B88D3189CB23A1D3B00128829
S315080074DC1B88D3189AB2BB1D18887B191B78009386
S315080074EC13002200FFF70CFE3A1D3B0012881B887E
S315080074FCD3189CB2BB1D1A883B1D1988BB1D18884E
S3150800750C7B191B7800932300FFF7FAFDBA1DBB1CE9
S3150800751C12881B88D31898B2BA1DBB1C12881B88F4
S3150800752CD3189CB23A1D3B0012881B88D3189AB202
S3150800753C3B1D19887B191B78009313002200FFF753
S3150800754CDFFD00E0C046BD4602B0B0BDB0B586B0A2
S3150800755C02AF05000C0010001900BB1D2A1C1A806E
S3150800756C3B1D221C1A80BB1C021C1A803B000A1CE1
S3150800757C1A80BB1D1B887F2B50D83B1D1B883F2BA5
S3150800758C4CD8BB1D1A88BB1C1B88D3187F2B05DD52
S3150800759CBB1CBA1D128880218A1A1A803B1D1A88B0
S315080075AC3B001B88D3183F2B05DD3B003A1D128880
S315080075BC40218A1A1A800F23FB1800221A7024E01D
S315080075CC0F203B181B789AB23B1D1B88D31899B20F
S315080075DCBA1DBB1C12881B88D3189CB205003B1815
S315080075EC1B789AB23B1D1B88D3189AB2BB1D1888F8
S315080075FC2023FB181B78009313002200FFF780FD4D
S3150800760C7B191A787B1901321A700F23FB181B7811
S3150800761C9BB23A0012889A42D2D200E0C046BD46C6
S3150800762C04B0B0BD80B582B000AF074B7B6002E0FA
S3150800763C7B68013B7B607B68002BF9D1C046C04652
S3150800764CBD4602B080BDC04690D00300B0B5C6B0EA
S3150800765C02AF040008003A6019002D4B88256D000E
S3150800766C5B19DB19221C1A702A4B2C001B19DB1907
S3150800767C021C1A70284B20001B18DB190A1C1A80CE
S3150800768C264B1B18DB19234A1218D21912781A70B2
S3150800769C1023FF33FB1800221A7014E01020FF3059
S315080076AC3B181B783A68D2183B181B7801331178AB
S315080076BC1A4A882464001219D219D1543B181A781C
S315080076CC3B1801321A701023FF33FB181B789BB238
S315080076DC114A882149005218D21912889A42DDD8C3
S315080076EC0B4B0A009B18DB191B7899B20A4B9B1893
S315080076FCDB191B8801339BB20C22BA1808480A24DA
S3150800770C009403F069FEC046BD4644B0B0BDC04601
S3150800771CF7FEFFFFF6FEFFFFF4FEFFFFFCFEFFFF82
S3150800772CCC03002090B587B002AF04000800110006
S3150800773CFB1D221C1A70BB1D021C1A707B1D0A1C11
S3150800774C1A700C203B18BA1D12781A703B187A1D41
S3150800775C12785A70FB1D1B7899B23A1804480A23FA
S3150800776C0093022303F038FEC046BD4605B090BD13
S3150800777CCC03002080B582B000AF114B1A6C104BAD
S3150800778C01210A431A640E4B1B6C012213407B60C1
S3150800779C7B680B4BDA6B0A4B802149050A43DA6383
S315080077AC074BDA6B80235B0513403B603B68C023B1
S315080077BCDB00180001F002F9C046BD4602B080BDD8
S315080077CC0010024090B58BB000AF786014243B19BA
S315080077DC180014231A00002108F018FA7B681B6895
S315080077EC3B4A93426FD13B4B1A6C3A4B8021490367
S315080077FC0A431A64374B1A6C80235B0313403B61AC
S3150800780C3B69344B5A6B334B01210A435A63314B50
S3150800781C5B6B01221340FB60FB682E4B5A6B2D4B9E
S3150800782C02210A435A632B4B5B6B02221340BB6043
S3150800783CBB683B19DF221A603B1903225A603B19B5
S3150800784C00229A603A19A023DB051100180003F0F0
S3150800785C77FB3B1907221A603B1903225A603B191E
S3150800786C00229A603B191C4A1900100003F068FBA9
S3150800787C1A4B1B4A1A60194B05225A60174B0022E1
S3150800788C9A60164B0022DA60144B80221A61134B4D
S3150800789C802292005A61114B802212019A610F4B79
S315080078AC2022DA610D4B00221A620C4B180002F0EA
S315080078BCFDF9031E01D0FEF7EFFD7B68074A1A6532
S315080078CC064B7A689A62C046BD460BB090BDC04658
S315080078DC002401400010024000040050A4020020BD
S315080078EC0800024090B59FB000AF78606423FB187F
S315080078FC180014231A00002108F088F918243B19DB
S3150800790C18004C231A00002108F080F97B681B68C4
S3150800791C6E4A934269D13B19802292041A603B192C
S3150800792C00229A643B19180006F032F9031E01D09E
S3150800793CFEF7B2FD664B1B685A1C654B1A60644B06
S3150800794C1B68012B0DD1634BDA6B624B8021490105
S3150800795C0A43DA635F4BDA6B80235B0113407B6166
S3150800796C7B695C4B5A6B5B4B02210A435A63594B36
S3150800797C5B6B022213403B613B6964217B188022B6
S3150800798C52001A600C003B1902225A603B1901225C
S3150800799C9A603B190022DA603B1903221A613B19DB
S315080079AC4D4A1900100003F0CBFA21007B188022EF
S315080079BC92001A607B1802225A607B1800229A6081
S315080079CC7B180022DA607B1803221A617B18424A5C
S315080079DC1900100003F0B4FA00220021152002F059
S315080079EC33F9152002F045F96BE07B681B683B4AB6
S315080079FC934266D118217B18802292041A607B1850
S31508007A0C00229A647B18180006F0C2F8031E01D0EF
S31508007A1CFEF742FD2E4B1B685A1C2D4B1A602C4B3D
S31508007A2C1B68012B0DD12B4BDA6B2A4B8021490194
S31508007A3C0A43DA63274BDA6B80235B011340FB603E
S31508007A4CFB68244B5A6B234B04210A435A63214B7C
S31508007A5C5B6B04221340BB60BB6864243B1904228D
S31508007A6C1A603B1902225A603B1901229A603B198B
S31508007A7C0022DA603B1903221A613B19184A1900CD
S31508007A8C100003F05DFA21007B1808221A607B1897
S31508007A9C02225A607B1800229A607B180022DA6050
S31508007AAC7B1803221A617B180D4A1900100003F083
S31508007ABC47FA00220021152002F0C6F8152002F01C
S31508007ACCD8F8C046BD461FB090BDC04600640040FD
S31508007ADC980800200010024000040050006800407E
S31508007AEC0008005090B59DB000AF78605C23FB1879
S31508007AFC180014231A00002108F088F810243B19E2
S31508007B0C18004C231A00002108F080F87B681B68C3
S31508007B1C264A934245D13B1920221A603B1900226A
S31508007B2C9A613B19180006F033F8031E01D0FEF7CC
S31508007B3CB3FC1F4B5A6B1E4B02210A435A631C4B50
S31508007B4C5B6B02221340FB60FB685C217B18C0222E
S31508007B5C1A607B1812225A607B1801229A607B18CD
S31508007B6C0022DA607B1806221A617B18114A190062
S31508007B7C100003F0E5F90E4BDA6B0D4B80218903E7
S31508007B8C0A43DA630A4BDA6B80239B031340BB6008
S31508007B9CBB6800220321172002F056F8172002F0C2
S31508007BAC68F8C046BD461DB090BDC046005400409E
S31508007BBC001002400004005090B597B000AF7860F2
S31508007BCC0C243B1918004C231A00002108F01EF847
S31508007BDC7B681B68114A93421CD13B19802292037D
S31508007BEC1A603B1900229A633B19180005F0D0FF5E
S31508007BFC031E01D0FEF750FC094B1A6C084B80216A
S31508007C0C09010A431A64064B1A6C80231B0113409C
S31508007C1CBB60BB68C046BD4617B090BD002C014082
S31508007C2C0010024090B589B000AF78600C243B195F
S31508007C3C180014231A00002107F0E8FF7B681B685C
S31508007C4C154A934223D1154B5A6B144B01210A43FF
S31508007C5C5A63124B5B6B01221340BB60BB683B1922
S31508007C6C802252001A6021007B1802225A607B1867
S31508007C7C00229A607B180022DA607B1802221A61AD
S31508007C8C7A18A023DB051100180003F059F9C04631
S31508007C9CBD4609B090BDC046002C014000100240FC
S31508007CAC80B500AFC046FDE780B500AFC046FDE71E
S31508007CBC80B500AFC046BD4680BD80B500AFC04696
S31508007CCCBD4680BD80B500AF00F038FEC046BD4647
S31508007CDC80BD000080B500AF054B180002F0ACFE65
S31508007CEC044B180002F0A8FEC046BD4680BDC0462F
S31508007CFC040300206803002080B500AF094B1B68FD
S31508007D0C9A69E023DB00134004D0064B180004F0F4
S31508007D1C05F803E0034B180003F0E6FFC046BD4622
S31508007D2C80BDC046CC03002080B586B000AF786015
S31508007D3C144A154BD31A7B617B693B61134B1B6841
S31508007D4C002B02D1114B124A1A60104B1A687B6829
S31508007D5CD3183A699A4207D207F060FF03000C223F
S31508007D6C1A6001235B4209E0084B1B68FB60074B52
S31508007D7C1A687B68D218054B1A60FB681800BD4652
S31508007D8C06B080BD00400220000400009C080020BC
S31508007D9C280A002080B500AFC046BD4680BD00004D
S31508007DAC90B589B000AF02003960FB1D1A703B68AC
S31508007DBC0D4A0C243819142107F0F4FEFB1D1B7808
S31508007DCC9BB21A1C9200D318DB189BB21900002020
S31508007DDCFFF7D6F805493B1901221800FFF76AF98F
S31508007DECC046BD4609B090BD100801081C0000200D
S31508007DFC80B582B000AF3A60BB1D021C1A803B1DD1
S31508007E0C0A1C1A803B1D1A88BB1D1B8811001800FA
S31508007E1CFFF7B6F804493B6801221800FFF74AF940
S31508007E2CC046BD4602B080BD1C00002090B58BB084
S31508007E3C02AFF8607A600B23FB180A1C1A70002133
S31508007E4C7868FBF701FA031E02D001235B4200E0B7
S31508007E5C0123FB6100217868FBF7F6F9031E04D0B1
S31508007E6C7B6880221206534000E07B68BB61B869C8
S31508007E7CFCF7B0F903007B617869FCF7CBF9031CB6
S31508007E8C191CB869FBF74EFF031C1449181CFBF7A1
S31508007E9CF7FD031C181CFCF79DF903003B61FB69F5
S31508007EAC002B0BDA0B23FB1819787C690C4AF8683B
S31508007EBC3B690093230007F075FE0AE00B23FB18B9
S31508007ECC19787C69074AF8683B690093230007F020
S31508007EDC69FEC046BD4609B090BDC04600002041AB
S31508007EEC1808010820080108B0B58EB002AF544B2B
S31508007EFC1B78032B06D8524B1B781A00514B920051
S31508007F0CD35800E0504BFB624D4B5B881900FB6A5B
S31508007F1C4E4A1025781900911A2107F043FE7B1951
S31508007F2C19000020FFF73CFF454B5A683B1D0A21F8
S31508007F3C1800FFF77BFF3B1D454A78191A2107F0F5
S31508007F4C31FE3F4B9A683B1D0A211800FFF76EFF5E
S31508007F5C781909303B1D3F4A112107F023FE7B197E
S31508007F6C19000120FFF71CFF354BDA683B1D0A2167
S31508007F7C1800FFF75BFF3B1D374A78191A2107F0E3
S31508007F8C11FE2F4B1A693B1D0A211800FFF74EFFED
S31508007F9C781909303B1D314A112107F003FE7B196C
S31508007FAC19000220FFF7FCFE254B5B69181CFCF731
S31508007FBC11F90400224B9B69181CFCF70BF90300FA
S31508007FCC274A7819009323001A2107F0EBFD7B1931
S31508007FDC19000320FFF7E4FE194B1B6A181CFCF763
S31508007FECF9F80400164BDB69181CFCF7F3F80300C8
S31508007FFC1C4A7819009323001A2107F0D3FD7B1924
S3150800800C19000420FFF7CCFE0D4B5B6A181CFCF715
S3150800801CE1F804000A4B9B6A181CFCF7DBF8030012
S3150800802C114A7819009323001A2107F0BBFD7B1916
S3150800803C19000520FFF7B4FEC046BD460CB0B0BD0E
S3150800804CA0080020AC1101085C08010864080108A6
S3150800805C78080108840801088C08010898080108A2
S3150800806CA0080108B0080108C008010880B582B04C
S3150800807C00AF0020FEF7FCFE4B4B1A000021002037
S3150800808CFFF7B6FE494B1A0000212320FFF7B0FE76
S3150800809C474B1A0000213820FFF7AAFE454B1A0059
S315080080AC00215420FFF7A4FEFB1D00221A7071E074
S315080080BC414B2E229B5C1A00FB1D1B78DA401300E1
S315080080CC0122134001D0592200E04E22BB1D1A7022
S315080080DC394B2F229B5C1A00FB1D1B78DA401300C8
S315080080EC0122134001D0592200E04E227B1D1A7042
S315080080FC314B30229B5C1A00FB1D1B78DA401300AF
S3150800810C0122134001D0592200E04E223B1D1A7061
S3150800811CFB1D1B780133DBB2FA1C191C8900CB1822
S3150800812CDB1813703B0000221A80FB1C1B7899B2D3
S3150800813CFB1D1A78214B9200D3581A000020FFF722
S3150800814C57FE3B00BA1D12781A70FB1C1B789BB2A3
S3150800815C3A0019002320FFF74BFE3B007A1D1278D4
S3150800816C1A70FB1C1B789BB23A0019003820FFF7D3
S3150800817C3FFE3B003A1D12781A70FB1C1B789BB20B
S3150800818C3A0019005420FFF733FEFB1D1A78FB1D25
S3150800819C01321A70FB1D1B78042B89D9C046C046C0
S315080081ACBD4602B080BDC046D0080108D8080108F3
S315080081BCDC080108E0080108A0080020BC11010829
S315080081CC80B582B000AFBB1D7E4A52881A807E4BA2
S315080081DC19000020FFF7E4FDBB1D1B88002B14D1EA
S315080081EC7A4B19000220FFF7DBFD794B19000320A7
S315080081FCFFF7D6FD764B19000420FFF7D1FD744B1B
S3150800820C19000520FFF7CCFDD9E0724B1A000A219C
S3150800821C0020FFF7EDFDBB1D1B880122134001D082
S3150800822C6D4B00E06D4B1A000A212320FFF7E0FD89
S3150800823CBB1D1B880222134001D0694B00E0674B1B
S3150800824C1A000A213F20FFF7D3FDBB1D1B88042209
S3150800825C134001D0634B00E0604B1A000A215B20E7
S3150800826CFFF7C6FD604B1A0014210020FFF7C0FD6E
S3150800827CBB1D1B880822134001D05C4B00E0574BF2
S3150800828C1A0014212320FFF7B3FDBB1D1B881022EF
S3150800829C134001D0564B00E0504B1A0014213F20D6
S315080082ACFFF7A6FDBB1D1B882022134001D0514B9E
S315080082BC00E04A4B1A0014215B20FFF799FD4E4B40
S315080082CC1A001E210020FFF793FDBB1D1B884022B8
S315080082DC134001D0494B00E0404B1A001E212320C5
S315080082ECFFF786FDBB1D1B888022134001D0444B2B
S315080082FC00E03A4B1A001E213F20FFF779FD414B4F
S3150800830C1A0028210020FFF773FDBB1D1A8880234D
S3150800831C5B00134001D0354B00E0304B1A00282186
S3150800832C2320FFF765FDBB1D1A8880239B0013408D
S3150800833C01D02F4B00E0294B1A0028213F20FFF7CC
S3150800834C57FDBB1D1A888023DB00134001D0294B2F
S3150800835C00E0224B1A0028215B20FFF749FD264B2B
S3150800836C1A0032210020FFF743FDBB1D1A88802313
S3150800837C1B01134001D0214B00E0184B1A00322187
S3150800838C2320FFF735FDBB1D1A8880235B0113409C
S3150800839C01D01B4B00E0114B1A0032213F20FFF78E
S315080083AC27FDBB1D1A8880239B01134001D0164B51
S315080083BC00E00A4B1A0032215B20FFF719FDBD4677
S315080083CC02B080BDA0080020E4080108F8080108DE
S315080083DC0C09010820090108280901082C090108BB
S315080083EC3009010834090108380901084808010848
S315080083FC4C080108500801084009010854080108EE
S3150800840C58080108480901085009010890B585B0B3
S3150800841C02AF364B1B780133DAB2344B1A70334B36
S3150800842C1B781D2B02D9314B00221A702F4B1B7847
S3150800843CBC1D0A211800FAF769FE030023700020F8
S3150800844CFEF716FDBB1D1B78022B0BD00DDC002B83
S3150800845C02D0012B03D008E0FFF746FD08E0FFF732
S3150800846C05FE05E0FFF7ACFE02E0FFF73DFDC04652
S3150800847CFB1D00221A702EE0FB1D1B789BB21A1CE2
S3150800848C131CDB189B18DB189AB23B1D6E321A802C
S3150800849CBB1C3D221A80FA1DBB1D12781B789A420A
S315080084AC0AD1BB1C19883B1D18880123009302238B
S315080084BC0422FFF74BF809E0BB1C19883B1D1888EA
S315080084CC0123009302230422FEF7A9FFFB1D1A7849
S315080084DCFB1D01321A70FB1D1B78022BCCD9FEF73B
S315080084EC93FCC046BD4603B090BDC046D4080020D8
S315080084FC80B500AF0D4B34220021180007F086FB1F
S3150800850C0A4B00221A700020FEF7B2FC14210A202E
S3150800851CFEF736FD0649074B01221800FEF7CAFD81
S3150800852CFEF772FCC046BD4680BDC046A0080020BA
S3150800853C1C0000205409010880B582B000AF020067
S3150800854CFB1D1A70034BFA1D12781A70C046BD46ED
S3150800855C02B080BDA008002090B585B000AF786049
S3150800856C39607B689A69A64B5A607B68DA69A44BB2
S3150800857C9A607B681A6AA24BDA607B685A6AA04BC7
S3150800858C1A617B681A689E4B5A617B685A689C4BC1
S3150800859C9A617B689A689A4BDA617B68DA68984BB9
S315080085AC1A627B681A69964B5A627B685A69944BAD
S315080085BC9A623B68197A924B2C2299543B68597AE1
S315080085CC8F4B2D2299548E4B2E22002199548D4B6C
S315080085DC59788B4B2F2299548A4B1978884B302211
S315080085EC9954894B1978864B312299540F23FB18C9
S315080085FC00221A7021E00F243B191A7813005B002D
S3150800860C9B18DB00814A9B181800FDF77DF9031EA1
S3150800861C0DD07B4B2E229A5C3B191B780121994075
S3150800862C0B00DBB21343D9B2754B2E2299540F218A
S3150800863C7B181A787B1801321A700F23FB181B78D3
S3150800864C042BD8D90C217B1800221A806E4B1B7868
S3150800865C1A000123134005D07B187A1812880121B9
S3150800866C0A431A80684B1B781A000223134006D05B
S3150800867C0C22BB18BA18128802210A431A80624BBC
S3150800868C1B781A000423134006D00C22BB18BA1800
S3150800869C128804210A431A805A4B1B781A000123A4
S315080086AC134006D00C22BB18BA18128808210A43A4
S315080086BC1A80544B1B781A000223134006D00C223E
S315080086CCBB18BA18128810210A431A804D4B1B780E
S315080086DC1A000423134006D00C22BB18BA181288A9
S315080086EC20210A431A80474B1B781A00082313408B
S315080086FC06D00C22BB18BA18128840210A431A80D5
S3150800870C404B1B781A001023134006D00C22BB18BA
S3150800871CBA18128880210A431A803A4B5B781A00D9
S3150800872C0123134007D00C22BB18BA1812888021D3
S3150800873C49000A431A80334B5B781A00022313400C
S3150800874C07D00C22BB18BA181288802189000A4354
S3150800875C1A802C4B5B781A000423134007D00C2282
S3150800876CBB18BA1812888021C9000A431A80254BEF
S3150800877C5B781A000823134007D00C22BB18BA18CA
S3150800878C1288802109010A431A801E4B5B781A004D
S3150800879C1023134007D00C22BB18BA181288802154
S315080087AC49010A431A807B685B6A1949181CFAF74F
S315080087BC69FD031E07D00C22BB18BA181288802133
S315080087CC89010A431A800E4B0C217A1812885A8092
S315080087DC7B181B88002B07D0094B1B78012B0AD159
S315080087EC074B02221A7006E0054B1B78022B02D1A6
S315080087FC034B01221A70C046BD4605B090BDC04653
S3150800880CA0080020EC010020040000202400002011
S3150800881C0000A0420D488546FFF7BCFA0C480D49E6
S3150800882C0D4A002302E0D458C4500433C4188C42B1
S3150800883CF9D30A4A0A4C002301E013600432A24217
S3150800884CFBD307F0F1F9FDF7F5F9FEE70040022036
S3150800885C00000020F8000020F8120108F80000209B
S3150800886C240A0020FEE7000080B582B000AFFB1D8D
S3150800887C00221A700B4B1A680A4B802149000A43CE
S3150800888C1A60002000F010F8031E03D0FB1D01220D
S3150800889C1A7001E0FEF76EFFFB1D1B781800BD462B
S315080088AC02B080BD0020024090B585B000AF78605C
S315080088BC0F23FB1800221A701D4B1B78002B2BD08C
S315080088CC1C4B1C681A4B1B781900FA239800FAF7EC
S315080088DC1DFC030019002000FAF718FC0300180009
S315080088EC01F0D7F9031E12D17B68032B0AD87968D5
S315080088FC01235B420022180001F0A6F90E4B7A6898
S3150800890C1A600DE00F23FB1801221A7008E00F23DA
S3150800891CFB1801221A7003E00F23FB1801221A70A8
S3150800892C0F23FB181B781800BD4605B090BDC04632
S3150800893CA40000209C000020A000002080B500AFF9
S3150800894C054B1B781A00054B1B68D218034B1A608B
S3150800895CC046BD4680BDC046A4000020D8080020ED
S3150800896C80B500AF024B1B681800BD4680BDC046DB
S3150800897CD808002080B584B000AF7860FFF7F0FF08
S3150800898C0300BB607B68FB60FB68013305D00A4BB0
S3150800899C1B781A00FB689B18FB60C046FFF7E0FFC4
S315080089AC0200BB68D31AFA689A42F7D8C046C04682
S315080089BCBD4604B080BDC046A400002080B582B078
S315080089CC00AF7860064B1B68064A13401900044B27
S315080089DC7A680A431A60C046BD4602B080BDC046D6
S315080089EC00000140FFF9FFFF80B582B000AF786048
S315080089FC39607B681B68054A1A403B681A437B68D2
S31508008A0C1A60C046BD4602B080BDC046FFFF3FFE99
S31508008A1C80B582B000AF78607B681A68E0235B0487
S31508008A2C13401800BD4602B080BD80B584B000AFB7
S31508008A3CF860B9607A60FB685B69BA6804210A4019
S31508008A4C072191400A00D2431A40BB6804210B4007
S31508008A5C796899400B001A43FB685A61C046BD46B3
S31508008A6C04B080BD80B582B000AF786039607B6891
S31508008A7C5B693A6804210A40072191400A001A40AA
S31508008A8C3B6804210B40DA4013001800BD4602B0BF
S31508008A9C80BD80B582B000AF78607B68DA68C02389
S31508008AAC1B01134001D1012300E000231800BD4629
S31508008ABC02B080BD80B584B000AFF860B9607A604A
S31508008ACCFB689B6ABA681F210A400F2191400A006D
S31508008ADCD2431A407B689B0E0F211940BB681F2096
S31508008AEC034099400B001A43FB689A62C046BD4680
S31508008AFC04B080BD80B582B000AF786039607B6801
S31508008B0C9A6A3B685B035B0B1A437B689A62C0469E
S31508008B1CBD4602B080BD80B582B000AF78603960C2
S31508008B2C7B689B6A3A685203520BD2431A407B689D
S31508008B3C9A62C046BD4602B080BD000080B584B0BE
S31508008B4C00AFF860B9607A60FB685B69BA681202B4
S31508008B5CD2431A40BB681B0279680B4004490B4088
S31508008B6C1A43FB685A61C046BD4604B080BDC04670
S31508008B7C00FFFF0780B582B000AF78607B689B6802
S31508008B8C054A1340802252051A437B689A60C046F0
S31508008B9CBD4602B080BDC046E8FFFF6F80B582B007
S31508008BAC00AF78607B689A6880235B051A4080233F
S31508008BBC5B059A4201D1012300E000231800BD464B
S31508008BCC02B080BD80B582B000AF78607B689B68C8
S31508008BDC044A134001221A437B689A60C046BD4674
S31508008BEC02B080BDE8FFFF7F80B582B000AF786029
S31508008BFC7B689B68044A134002221A437B689A6076
S31508008C0CC046BD4602B080BDE8FFFF7F80B582B086
S31508008C1C00AF78607B689B6801221340012B01D159
S31508008C2C012300E000231800BD4602B080BD80B5C4
S31508008C3C82B000AF78607B689B6802221340022BD7
S31508008C4C01D1012300E000231800BD4602B080BD07
S31508008C5C80B582B000AF78607B689B68044A134085
S31508008C6C04221A437B689A60C046BD4602B080BD92
S31508008C7CE8FFFF7F80B582B000AF78607B689B68A1
S31508008C8C04221340042B01D1012300E00023180011
S31508008C9CBD4602B080BD000080B588B000AF7860D4
S31508008CAC1F23FB1800221A700023BB6100237B616B
S31508008CBC0023FB607B68002B01D101237FE17B68D5
S31508008CCC9B6D002B0AD17B681800FEF77BFD7B6831
S31508008CDC0022DA657B685422002199547B681B684C
S31508008CEC1800FFF75BFF031E15D17B681B6818007D
S31508008CFCFFF740FFB44B1B68B4491800FAF706FA9D
S31508008D0C030001335B00FB6002E0FB68013BFB6080
S31508008D1CFB68002BF9D17B681B681800FFF73EFF30
S31508008D2C031E0FD17B689B6D10221A437B689A65CC
S31508008D3C7B68DB6D01221A437B68DA651F23FB18F7
S31508008D4C01221A707B681B681800FFF793FF030053
S31508008D5C3B617B689B6D1022134000D022E13B6976
S31508008D6C002B00D01EE17B689B6D994A13400222AA
S31508008D7C1A437B689A657B681B681800FFF746FFE1
S31508008D8C031E00D0ADE07B689A687B681B7E9B034C
S31508008D9C1A437B685B7EDB031A437B689B7E5B030B
S31508008DAC1A437B681B6B002B02D080235B0100E007
S31508008DBC00231A437B68DB681A437B681B69002B04
S31508008DCC04DA7B681B695B005B0801E080239B0364
S31508008DDC1A437B682C215B5C5B001343BA6913430B
S31508008DECBB617B6820229B5C012B15D17B689B7E23
S31508008DFC002B05D1BB69802252021343BB610BE0E1
S31508008E0C7B689B6D20221A437B689A657B68DB6DB1
S31508008E1C01221A437B68DA657B685B6A002B0AD0E9
S31508008E2C7B685A6AE0235B001A407B689B6A13438B
S31508008E3CBA691343BB617B681B68DB68654A1340D8
S31508008E4C19007B681B68BA690A43DA607B685B6839
S31508008E5C9B0F9A077B68DB6C13437A6913437B6118
S31508008E6C7B683C229B5C012B11D17B685B689B0F52
S31508008E7C9A077B681B6C1A437B685B6C1A437B6886
S31508008E8C9B6C1A437B691343012213437B617B68F2
S31508008E9C1B681B69504A134019007B681B687A6962
S31508008EAC0A431A617B685A68C0231B069A4218D073
S31508008EBC7B685A688023DB059A4212D07B685A680D
S31508008ECC80231B069A420CD0444B1B68444A134019
S31508008EDC19007B685A68F0239B031A403F4B0A43D8
S31508008EEC1A607B6818687B685B6B1A000021FFF7B1
S31508008EFC9CFD7B6818687B689B6B3A491A00FFF7E0
S31508008F0C94FD7B681B69002B09D17B681B689A6AE0
S31508008F1C7B681B68102149420A439A6218E07B68F1
S31508008F2C1A6980239B039A4212D17B681B689B6A39
S31508008F3C7B68DB69013B9B001C22134010225242C2
S31508008F4C9A4011007B681A6E7B681B680A439A6202
S31508008F5C7B681B6800211800FFF784FD02007B68FC
S31508008F6C5B6B9A420BD17B680022DA657B689B6D3A
S31508008F7C0322934301221A437B689A651CE07B689B
S31508008F8C9B6D1222934310221A437B689A657B6861
S31508008F9CDB6D01221A437B68DA651F23FB18012255
S31508008FAC1A7009E07B689B6D10221A437B689A65D8
S31508008FBC1F23FB1801221A701F23FB181B78180095
S31508008FCCBD4608B080BDC0469C000020400D03007D
S31508008FDCFDFEFFFF0102DEFF02FCFF1F0827014012
S31508008FECFFFFC3FF04FFFF07B0B586B000AFF860FC
S31508008FFCB9607A60FB681B681800FFF73BFE031E16
S3150800900C6CD1FB6854229B5C012B01D102236CE0CA
S3150800901CFB68542201219954FB681B68DB68012202
S3150800902C134013D1FB681B681800FFF7EFFD031EEE
S3150800903C04D0FB681B681800FFF7D6FDFB681B6895
S3150800904CDA68FB681B6801210A43DA6017257C1964
S3150800905CFB68180000F046FA030023702C003B1935
S3150800906C1B78002B3ED1FB689B6D224A134080224D
S3150800907C52001A43FB689A65FB680022DA65FB689E
S3150800908C1B6D1D4ADA62FB681B6D1C4A1A63FB686A
S3150800909C1B6D1B4A5A63FB681B681C221A60FB680B
S315080090AC542200219954FB681B685A68FB681B6894
S315080090BC10210A435A60FB68186DFB681B6840331D
S315080090CC1900BA683C197B6800F09CFE03002370F3
S315080090DCFB681B681800FFF7BBFD03E01723FB189A
S315080090EC02221A701723FB181B781800BD4606B007
S315080090FCB0BDC046FEF0FFFFB99600088197000880
S3150800910C9F97000880B582B000AF7860C046BD4610
S3150800911C02B080BD80B582B000AF7860C046BD464F
S3150800912C02B080BD80B582B000AF7860C046BD463F
S3150800913C02B080BD80B586B000AF78603960172361
S3150800914CFB1800221A700023FB607B6854229B5C78
S3150800915C012B01D10223C0E17B68542201219954C9
S3150800916C7B681B681800FFF785FD031E00D0A3E17A
S3150800917C3B685B68022B00D143E17B681A69802344
S3150800918C1B069A4204D07B681B69C14A934208D1D4
S3150800919C7B681A683B681B6819001000FFF7AAFC65
S315080091ACC9E07B681A6E3B685B681F210B400F2170
S315080091BC99400B00DB43134019003B681B685B03A3
S315080091CC5B0B05D13B681B689B0E1F22134098E06E
S315080091DC3B681B680122134000D091E03B681B6872
S315080091EC0222134000D089E03B681B680422134016
S315080091FC00D081E03B681B680822134000D079E058
S3150800920C3B681B681022134000D071E03B681B6852
S3150800921C2022134000D069E03B681B6840221340AB
S3150800922C00D061E03B681B688022134000D059E0EF
S3150800923C3B681A6880235B00134051D13B681A6857
S3150800924C80239B00134049D13B681A688023DB00B6
S3150800925C134041D13B681A6880231B01134039D14E
S3150800926C3B681A6880235B01134031D13B681A6846
S3150800927C80239B01134029D13B681A688023DB01A4
S3150800928C134021D13B681A6880231B02134019D15D
S3150800929C3B681A6880235B02134011D13B681A6835
S315080092AC80239B02134009D13B681A688023DB0292
S315080092BC134001D0122324E0002322E0112320E0DE
S315080092CC10231EE00F231CE00E231AE00D2318E0D2
S315080092DC0C2316E00B2314E00A2312E0092310E0F2
S315080092EC08230EE007230CE006230AE0052308E012
S315080092FC042306E0032304E0022302E0012300E032
S3150800930C00233A6852681F20024093400A001A4309
S3150800931C7B681A663B685B689B085A1C7B68DB692A
S3150800932C9A4208D87B6818683B6859683B681B687A
S3150800933C1A00FFF7BFFB7B6818683B6819683B681F
S3150800934C9B681A00FFF7FAFB3B681B68002B00DBCF
S3150800935CBCE0504B1800FFF75BFB03003B613B6816
S3150800936C1B684D4A934222D13A6980231B04134049
S3150800937C1DD13B69802212041343464A190010007A
S3150800938CFFF732FB454B1B6845491800F9F7BEFE3B
S3150800939C03005A1C13005B009B189B00FB6002E041
S315080093ACFB68013BFB60FB68002BF9D18EE03B6840
S315080093BC1B683C4A93420ED13A6980235B041340DE
S315080093CC09D13B69802252041343324A1900100012
S315080093DCFFF70AFB7AE03B681B68334A934200D0D6
S315080093EC74E03A698023DB03134000D06EE03B69D6
S315080093FC8022D2031343274A19001000FFF7F4FA08
S3150800940C64E07B681A6980231B069A4204D07B6841
S3150800941C1B691F4A934207D17B681A683B681B680D
S3150800942C19001000FFF777FB3B681B68002B4DDA19
S3150800943C184B1800FFF7ECFA03003B613B681B68F6
S3150800944C154A934208D13B69184A1340114A190028
S3150800945C1000FFF7C9FA39E03B681B68114A9342BA
S3150800946C08D13B69124A13400A4A19001000FFF743
S3150800947CBBFA2BE03B681B680B4A934226D13B6927
S3150800948C0C4A1340034A19001000FFF7ADFA1DE009
S3150800949C0400008008270140001000B09C00002042
S315080094AC400D0300004000B8002000B4FFFF7FFF0A
S315080094BCFFFFFFFEFFFFBFFF7B689B6D20221A4351
S315080094CC7B689A651723FB1801221A707B6854224D
S315080094DC002199541723FB181B781800BD4606B0B3
S315080094EC80BDC04680B584B000AF78600023BB60F1
S315080094FC7B681B681800FFF789FB031E00D069E020
S3150800950C7B681B689B68364A13400DD07B689B6D3D
S3150800951C10221A437B689A657B68DB6D01221A4315
S3150800952C7B68DA65012356E07B681B681800FFF731
S3150800953C49FB2C4B1800FFF76BFA020080231B041F
S3150800954C13400FD0284B1B6828491800F9F7DEFD85
S3150800955C03000133BB6002E0BB68013BBB60BB6820
S3150800956C002BF9D17B685B7E012B33D0FFF7F8F91A
S3150800957C0300FB6027E07B681B681800FFF746FBB7
S3150800958C031E04D17B681B681800FFF71BFBFFF74B
S3150800959CE7F90200FB68D31A022B14D97B681B68FF
S315080095AC1B6801221340012B0DD07B689B6D102282
S315080095BC1A437B689A657B68DB6D01221A437B68C4
S315080095CCDA65012307E07B681B681B6801221340D8
S315080095DC012BD0D100231800BD4604B080BDC0466F
S315080095EC17000080082701409C000020400D03004E
S315080095FC80B584B000AF78607B681B681800FFF7ED
S3150800960C16FB0300FB607B681B681800FFF7FEFA65
S3150800961C031E46D0FB68002B43D17B681B689B68EE
S3150800962C05221340012B0DD17B681B681800FFF728
S3150800963CDBFA7B681B6803221A60FFF791F90300B3
S3150800964CBB6028E07B689B6D10221A437B689A6581
S3150800965C7B68DB6D01221A437B68DA65012321E0FE
S3150800966CFFF77EF90200BB68D31A022B13D97B6865
S3150800967C1B689B68012213400DD07B689B6D1022DA
S3150800968C1A437B689A657B68DB6D01221A437B68F3
S3150800969CDA65012306E07B681B689B680122134088
S315080096ACDED100231800BD4604B080BD80B584B059
S315080096BC00AF78607B689B6AFB60FB689B6D5022E9
S315080096CC134041D1FB689B6D802292001A43FB68BC
S315080096DC9A65FB681B681800FFF7DBF9031E2ED08A
S315080096ECFB689B7E002B2AD1FB681B681B6808222B
S315080096FC1340082B23D1FB681B681800FFF7BAFA2E
S3150800970C031E10D1FB681B685A68FB681B680C2182
S3150800971C8A435A60FB689B6D154A134001221A430B
S3150800972CFB689A650BE0FB689B6D20221A43FB6865
S3150800973C9A65FB68DB6D01221A43FB68DA65FB68E0
S3150800974C1800FFF7DFFC0FE0FB689B6D1022134037
S3150800975C04D0FB681800FFF7E5FC05E0FB681B6DF9
S3150800976C5B6B7A6810009847C046BD4604B080BD4E
S3150800977CFEFEFFFF80B584B000AF78607B689B6AFD
S3150800978CFB60FB681800FFF7C5FCC046BD4604B075
S3150800979C80BD80B584B000AF78607B689B6AFB603F
S315080097ACFB689B6D40221A43FB689A65FB68DB6D68
S315080097BC04221A43FB68DA65FB681800FFF7B2FC4B
S315080097CCC046BD4604B080BD80B582B000AF786097
S315080097DC7B681A68F0239B0313401800BD4602B039
S315080097EC80BD80B582B000AF78607B681B699B0F23
S315080097FC9B071800BD4602B080BD80B582B000AF8D
S3150800980C786039607B68B4229B587F2293431A0090
S3150800981C3B681A437B68B4215A50C046BD4602B011
S3150800982C80BD80B582B000AF78607B68B4229B5847
S3150800983C7F2213401800BD4602B080BD80B582B0A9
S3150800984C00AF78607B689B68044A134001221A4370
S3150800985C7B689A60C046BD4602B080BDE8FFFF7FB4
S3150800986C80B582B000AF78607B689B68044A134069
S3150800987C02221A437B689A60C046BD4602B080BD78
S3150800988CE8FFFF7F80B582B000AF78607B689B6885
S3150800989C01221340012B01D1012300E000231800FB
S315080098ACBD4602B080BD000080B582B000AF7860BE
S315080098BC7B689B68054A1340802212061A437B680C
S315080098CC9A60C046BD4602B080BDC046E8FFFF7F21
S315080098DC80B582B000AF78607B689B68DB0FDA07CF
S315080098EC80231B069A4201D1012300E000231800AD
S315080098FCBD4602B080BD000090B58BB000AF786055
S3150800990C0023FB6000233B627B6854229B5C012B83
S3150800991C01D10223DDE07B685422012199541F23CF
S3150800992CFC187B681800FFF763FE030023707B683E
S3150800993C1B681800FFF7A6FF031E00D0BCE07B6867
S3150800994C9B6D664A134002221A437B689A657B68AC
S3150800995C1B68DB68624A1340BB617B681B68DA6864
S3150800996C7B681B685F490A40DA6000237B622DE03E
S3150800997C7B681B681800FFF797FF14E0FB68013338
S3150800998CFB60FB68584A93420DD97B689B6D122283
S3150800999C934310221A437B689A657B6854220021EC
S315080099AC9954012395E07B681B681800FFF790FF14
S315080099BC031EE3D17B681B681800FFF732FF020011
S315080099CC3B6A9B183B627B6A01337B627B6A072B7B
S315080099DCCED9796A386AF9F799FB03003B627B683A
S315080099EC1B681800FFF72AFF7B681B681800FFF72F
S315080099FCF8FE031E1BD13D4B1800FFF7E5FE0300CE
S31508009A0C7B617A69E0235B039A4210D37B699B0CD2
S31508009A1C033B01229A401300BB60BB685B08BB6022
S31508009A2C02E0BB68013BBB60BB68002BF9D17B68C5
S31508009A3C1B683A6A11001800FFF7DFFE7B681B6883
S31508009A4C1800FFF70DFFFEF78BFF03003B611BE0C9
S31508009A5CFEF786FF02003B69D31A022B14D97B68E2
S31508009A6C1B681800FFF70EFF031E0DD07B689B6D55
S31508009A7C10221A437B689A657B68DB6D01221A43B0
S31508009A8C7B68DA65012324E07B681B681800FFF7FE
S31508009A9CF9FE031EDCD17B681B68D9687B681B68DA
S31508009AACBA690A43DA607B689B6D032293430122E9
S31508009ABC1A437B689A6505E07B689B6D10221A43EE
S31508009ACC7B689A657B685422002199541F23FB18DE
S31508009ADC1B781800BD460BB090BDC046FDFEFFFFB7
S31508009AEC03800000FC7FFFFFFFF1020008270140FE
S31508009AFC80B582B000AF0200FB1D1A70FB1D1B78E7
S31508009B0C7F2B09D8FB1D1B781A001F231A40044B00
S31508009B1C012191400A001A60C046BD4602B080BDBC
S31508009B2C00E100E090B583B000AF02003960FB1D80
S31508009B3C1A70FB1D1B787F2B28D82F4AFB1D1B7808
S31508009B4C5BB29B08C0339B009B58FA1D1278110018
S31508009B5C03220A40D200FF2191400A00D2431A4040
S31508009B6C11003B689B01FF221A40FB1D1B7818004D
S31508009B7C03230340DB009A401F48FB1D1B785BB28E
S31508009B8C9B080A43C0339B001A5031E01B4AFB1D45
S31508009B9C1B7819000F230B40083B9B0806339B00C8
S31508009BACD31804331B68FA1D1278110003220A40D5
S31508009BBCD200FF2191400A00D2431A4011003B689B
S31508009BCC9B01FF221A40FB1D1B7818000323034038
S31508009BDCDB009A400948FB1D1B781C000F23234009
S31508009BEC083B9B080A4306339B00C31804331A60C8
S31508009BFCC046BD4603B090BD00E100E000ED00E0B4
S31508009C0C80B582B000AF78607B685A1E80235B04EF
S31508009C1C9A4201D3012310E00A4B7A68013A5A603A
S31508009C2C01235B4203211800FFF77CFF054B00223A
S31508009C3C9A60044B07221A6000231800BD4602B02E
S31508009C4C80BDC04610E000E080B584B000AFB960B6
S31508009C5C7A600F217B18021C1A70BA687B181B785D
S31508009C6C5BB211001800FFF75DFFC046BD4604B095
S31508009C7C80BD80B582B000AF0200FB1D1A70FB1DBB
S31508009C8C1B785BB21800FFF733FFC046BD4602B01F
S31508009C9C80BD80B582B000AF78607B681800FFF78E
S31508009CACAFFF03001800BD4602B080BD80B582B078
S31508009CBC00AF78607B68002B01D1012391E07B68AB
S31508009CCC1B681A00494B9A4210D87B681B68484A8D
S31508009CDC9446634414211800F9F718FA03009A00FD
S31508009CEC7B685A647B68434A1A640FE07B681B6876
S31508009CFC414A9446634414211800F9F707FA0300FD
S31508009D0C9A007B685A647B683C4A1A647B682522ED
S31508009D1C022199547B681B681A687B681B6838494A
S31508009D2C0A401A607B681B6819687B689A687B68A6
S31508009D3CDB681A437B681B691A437B685B691A43A1
S31508009D4C7B689B691A437B68DB691A437B681B6AC9
S31508009D5C1A437B681B680A431A607B68180000F074
S31508009D6C87F97B689A688023DB019A4202D17B6863
S31508009D7C00225A607B685A687B689B6C7F210A4074
S31508009D8C1A607B68DB6C7A68126D5A607B685B6854
S31508009D9C002B11D07B685B68042B0DD87B681800E8
S31508009DAC00F0B0F97B685B6D00221A607B689B6DCE
S31508009DBC7A68D26D5A6008E07B6800225A657B681F
S31508009DCC00229A657B680022DA657B680022DA63D2
S31508009DDC7B682522012199547B68242200219954F9
S31508009DEC00231800BD4602B080BDC04607040240D9
S31508009DFCF8FFFDBF00000240F8FBFDBF000402405F
S31508009E0C0F80FFFF80B586B000AFF860B9607A6046
S31508009E1C3B601723FB1800221A70FB6824229B5CF4
S31508009E2C012B01D102236FE0FB68242201219954EE
S31508009E3CFB6825229B5CDBB2012B57D1FB682522DC
S31508009E4C02219954FB680022DA63FB681B681A68BE
S31508009E5CFB681B6801218A431A603B687A68B968F3
S31508009E6CF86800F0C9F8FB681B6B002B08D0FB6878
S31508009E7C1B681A68FB681B680E210A431A600FE0F8
S31508009E8CFB681B681A68FB681B6804218A431A60FE
S31508009E9CFB681B681A68FB681B680A210A431A6068
S31508009EACFB689B6C1A6880235B02134008D0FB681E
S31508009EBC9B6C1A68FB689B6C802149000A431A60E4
S31508009ECCFB685B6D002B08D0FB685B6D1A68FB683A
S31508009EDC5B6D802149000A431A60FB681B681A6887
S31508009EECFB681B6801210A431A600AE0FB6880229A
S31508009EFCDA63FB682422002199541723FB180122E4
S31508009F0C1A701723FB181B781800BD4606B080BDBF
S31508009F1C80B584B000AF78600F217B1800221A70C8
S31508009F2C7B6825229B5CDBB2022B06D07B6804225D
S31508009F3CDA637B1801221A7048E07B681B681A687A
S31508009F4C7B681B680E218A431A607B681B681A6833
S31508009F5C7B681B6801218A431A607B689B6C1A68AC
S31508009F6C7B689B6C1D490A401A607B685B6C1C22DB
S31508009F7C1A407B681B6C012191400A005A607B6869
S31508009F8CDB6C7A68126D5A607B685B6D002B0CD0A3
S31508009F9C7B685B6D1A687B685B6D10490A401A60B2
S31508009FAC7B689B6D7A68D26D5A607B682522012185
S31508009FBC99547B682422002199547B689B6B002B4F
S31508009FCC04D07B689B6B7A68100098470F23FB18A4
S31508009FDC1B781800BD4604B080BDC046FFFEFFFFC7
S31508009FEC80B582B000AF78607B6825229B5CDBB2BB
S31508009FFC1800BD4602B080BD80B584B000AFF860CD
S3150800A00CB9607A603B60FB68DB6CFA68126D5A6063
S3150800A01CFB685B6D002B04D0FB689B6DFA68D26DF0
S3150800A02C5A60FB685B6C1C221A40FB681B6C01218E
S3150800A03C91400A005A60FB681B683A685A60FB68CC
S3150800A04C9B68102B08D1FB681B687A689A60FB68BA
S3150800A05C1B68BA68DA6007E0FB681B68BA689A601E
S3150800A06CFB681B687A68DA60C046BD4604B080BDDA
S3150800A07C80B584B000AF78607B681B681A001D4BEE
S3150800A08C9A4214D87B685B6C9B089B001A4A9A18F0
S3150800A09C7B689A647B681B681A00FF231340083B8D
S3150800A0AC14211800F9F732F80300FB6014E07B68FA
S3150800A0BC5B6C9B089B00114A9A187B689A647B68B0
S3150800A0CC1B681A00FF231340083B14211800F9F7E4
S3150800A0DC1DF803000733FB607B68094ADA64FB68E2
S3150800A0EC1F22134001229A407B681A65C046BD465A
S3150800A0FC04B080BD07040240000802401C08024058
S3150800A10C8008024080B584B000AF78607B685B68D5
S3150800A11C7F221340FB60FB680A4A944663449B0003
S3150800A12C1A007B685A657B68074A9A65FB68013B87
S3150800A13C0322134001229A407B68DA65C046BD4665
S3150800A14C04B080BD3F8200104009024080B584B03F
S3150800A15C00AF78607B68002B01D101234EE17B6848
S3150800A16C5C229B5CDBB2002B07D17B685D2200214D
S3150800A17C99547B681800FDF7B5FB7B681B689A69D0
S3150800A18C7B681B6810218A439A61FEF7E9FB03007A
S3150800A19CFB6012E0FEF7E4FB0200FB68D31A0A2BFD
S3150800A1AC0BD97B681B6E01221A437B681A667B687F
S3150800A1BC5C2203219954012320E17B681B689B6967
S3150800A1CC08221340082BE5D07B681B689A697B68C4
S3150800A1DC1B6801210A439A61FEF7C2FB0300FB6068
S3150800A1EC12E0FEF7BDFB0200FB68D31A0A2B0BD94B
S3150800A1FC7B681B6E01221A437B681A667B685C2295
S3150800A20C032199540123F9E07B681B689B69012299
S3150800A21C1340E6D07B681B689A697B681B68022129
S3150800A22C0A439A617B681B68764A934203D1764A3D
S3150800A23C7B685B6813607B681B7C012B08D17B6889
S3150800A24C1B689A697B681B6840218A439A6107E0F8
S3150800A25C7B681B689A697B681B6840210A439A616C
S3150800A26C7B685B7C012B09D17B681B689A697B68C8
S3150800A27C1B688021C9010A439A6107E07B681B6841
S3150800A28C9A697B681B6861490A409A617B689B7C62
S3150800A29C012B08D17B681B689A697B681B685C492B
S3150800A2AC0A409A6108E07B681B689A697B681B6898
S3150800A2BC802149010A439A617B681B689B69554A48
S3150800A2CC134019007B689A687B681B680A439A6175
S3150800A2DC7B681B689A697B681B68A4218A439A6108
S3150800A2EC7B681B681A697B681B6810218A431A618C
S3150800A2FC7B68DB68012B08D17B681B689A697B68CD
S3150800A30C1B6804210A439A612CE07B68DB68002BE6
S3150800A31C28D07B68DB68022B1CD07B681B689A6983
S3150800A32C7B681B6880210A439A617B681B681A69DB
S3150800A33C7B681B6810210A431A617B68DB68032B50
S3150800A34C10D17B681B689A697B681B6820210A43B5
S3150800A35C9A6107E07B681B689A697B681B682021F1
S3150800A36C0A439A617B689B69013B5A067B68DB69E1
S3150800A37C013B1B021A437B681B6A013B1A431100FB
S3150800A38C7B685B69013B1A047B681B680A43DA61C4
S3150800A39C7B689A68C0239B009A4215D17B689B6A96
S3150800A3AC5A1E7B68DB6A013B1B021A437B681B6BD4
S3150800A3BC013B1B011A4311007B685B6A013B1A04BB
S3150800A3CC7B681B680A43DA607B681B68C02299584D
S3150800A3DC7B68DA6B7B681B680A43C0215A507B681A
S3150800A3EC180000F0C5FC7B6800229A657B68002281
S3150800A3FC1A667B685C220121995400231800BD4615
S3150800A40C04B080BD0064004000650040FFBFFFFF3C
S3150800A41CFFEFFFFFFFFCFFFF80B586B000AF78604B
S3150800A42C396017203B187A685C21525C1A70020056
S3150800A43CBB181B78012B03D0BB181B78022B3DD1FC
S3150800A44C3B681B68002B19D13B689B689A073B68CD
S3150800A45CDB68DB061A433B681B691B041A433B681B
S3150800A46C5B6913433B617B681A6C3B685B689B00B2
S3150800A47CD318BB60BB683A691A601DE03B68DB6899
S3150800A48C5A073B681B6913433B613B689B689A07F1
S3150800A49C3B685B691343FB607B685A6C3B685B687B
S3150800A4ACDB00D318BB60BB683A691A60BB68043317
S3150800A4BCBB60BB68FA681A60002306E07B681B6EF3
S3150800A4CC02221A437B681A6601231800BD4606B099
S3150800A4DC80BD80B584B000AFF860B9607A603B6027
S3150800A4ECFB685C229B5CDBB2012B17D1FB681B68F3
S3150800A4FC80229B583F2293431900BB681A017B683C
S3150800A50C9B001A433B685B001A43BB691A43FB68FA
S3150800A51C1B680A4380215A50002306E0FB681B6E11
S3150800A52C04221A43FB681A6601231800BD4604B0B8
S3150800A53C80BD80B582B000AF78607B685C229B5C7E
S3150800A54CDBB2012B10D17B685C22022199547B6803
S3150800A55C1B689A697B681B6801218A439A617B6828
S3150800A56C00221A66002306E07B681B6E04221A4337
S3150800A57C7B681A6601231800BD4602B080BD80B5FB
S3150800A58C86B000AFF860B9607A60FB685C229B5CA9
S3150800A59CDBB2022B2DD1FB681B68C4229A58802388
S3150800A5AC9B03134008D0FB681B6E802292001A434B
S3150800A5BCFB681A66012323E0FB681B68C4229B58B8
S3150800A5CC1B0C032213407B617B697A68B968F868AF
S3150800A5DC00F03AFCFB681B6801217A6991400A0075
S3150800A5ECCC215A5001227B699A40FB689A65002354
S3150800A5FC06E0FB681B6E08221A43FB681A660123E1
S3150800A60C1800BD4606B080BD80B58AB000AFF860AC
S3150800A61CB9607A603B600023FB611B203B18FA6823
S3150800A62C5C21525C1A703B181B78022B00D0F4E0A4
S3150800A63CBB68402B3BD1FB681B6890229B580F22AA
S3150800A64C134008D1FB681B6E802252001A43FB6824
S3150800A65C1A660123E8E0FB681B6890229A58802347
S3150800A66C5B041A4080235B049A420CD1FB681B6876
S3150800A67C80229A5880239B001A4080239B009A427A
S3150800A68C01D10123FB61FB681B6890229B581B0AAE
S3150800A69C03221340FA69D318FB61FB68996CFA69B3
S3150800A6AC1300DB009B18DB00CB187B623AE0FB68D7
S3150800A6BC1B6898229B580F22134008D1FB681B6E07
S3150800A6CC802252001A43FB681A660123ACE0FB6829
S3150800A6DC1B6898229A5880235B041A4080235B04D3
S3150800A6EC9A420CD1FB681B6880229A5880235B001F
S3150800A6FC1A4080235B009A4201D10123FB61FB6857
S3150800A70C1B6898229B581B0A03221340FA69D31814
S3150800A71CFB61FB68D96CFA691300DB009B18DB003C
S3150800A72CCB187B627B6A1A688023DB051A407B6828
S3150800A73C5A607B685B68002B07D17B6A1B689B0C8D
S3150800A74C5B055A0D7B681A6005E07B6A1B68DB00A3
S3150800A75CDA087B681A607B6A1A6880239B051A409C
S3150800A76C7B689A607B6A1B68DB0FDA077B681A6161
S3150800A77C7B6A04337B627B6A1B681B041A0C7B6836
S3150800A78CDA617B6A1B681B0C0F221A407B68DA603D
S3150800A79C7B6A1A6880235B031A407B685A617B6A5A
S3150800A7AC1A6880239B031A407B689A617B6A1B682C
S3150800A7BC1B0E7F221A407B681A627B6A1B68DA0FAB
S3150800A7CC7B685A627B6A04337B627B6A7B610023F3
S3150800A7DC3B620AE07A693B6AD21839683B6ACB183D
S3150800A7EC12781A703B6A01333B627B68DB68104A45
S3150800A7FCD35C1A003B6A9342ECD3BB68402B05D159
S3150800A80CFB681B689421FA695A5004E0FB681B68BC
S3150800A81C9C21FA695A50002306E0FB681B6E082235
S3150800A82C1A43FB681A6601231800BD460AB080BD98
S3150800A83CD011010880B584B000AF786039603B68E8
S3150800A84C402B07D17B681B6890229B580F2213401C
S3150800A85CFB6006E07B681B6898229B580F22134006
S3150800A86CFB60FB681800BD4604B080BD80B584B09B
S3150800A87C00AF78607B681B68C4229B58072213407C
S3150800A88CFB60FB681800BD4604B080BD80B586B079
S3150800A89C00AFF860B9607A6017203B18FA685C213B
S3150800A8AC525C1A700200BB181B78012B04D0BB181B
S3150800A8BC1B78022B00D0B4E0FB681B689B6D3B61D0
S3150800A8CCBB680722134003D03B690122134034D0DE
S3150800A8DCBB683822134003D03B69022213402CD0A4
S3150800A8ECBA68E0235B00134003D03B69042213408B
S3150800A8FC23D0BA68F0235B01134003D03B690822C6
S3150800A90C13401AD0BA68E0231B02134003D03B69E4
S3150800A91C1022134011D0BA68C0239B02134003D0EF
S3150800A92C3B692022134008D0BA68FC231B04134049
S3150800A93C0BD03B694022134007D1FB681B68DA6DC4
S3150800A94CFB681B6801210A43DA65BB6807221340BA
S3150800A95C03D03B690122134034D1BB68382213401B
S3150800A96C03D03B69022213402CD1BA68E0235B0062
S3150800A97C134003D03B690422134023D1BA68F02351
S3150800A98C5B01134003D03B69082213401AD1BA68FD
S3150800A99CE0231B02134003D03B691022134011D14C
S3150800A9ACBA68C0239B02134003D03B69202213408C
S3150800A9BC08D1BA68FC231B0413400BD03B69402210
S3150800A9CC134007D0FB681B68DA6DFB681B6802210D
S3150800A9DC0A43DA65BB688022134009D0FB681B68FA
S3150800A9ECDC229958FB681B687A680A43DC215A50A2
S3150800A9FCBA6880235B00134009D0FB681B68E02209
S3150800AA0C9958FB681B687A680A43E0215A50FB6818
S3150800AA1C1B68596DFB681B68BA680A435A6500239C
S3150800AA2C06E0FB681B6E02221A43FB681A660123B2
S3150800AA3C1800BD4606B080BD80B58CB000AF7860F6
S3150800AA4C7B681B681A6DE0235B011340FB627B680D
S3150800AA5C1B685A6DFB6A1340FB627B681B681B6D8F
S3150800AA6C07221340BB627B681B685A6DBB6A13408E
S3150800AA7CBB627B681B681B6D382213407B627B6844
S3150800AA8C1B685A6D7B6A13407B627B681B681A6D60
S3150800AA9CF1231B0413403B627B681B685A6D3B6AA7
S3150800AAAC13403B627B681B681A6DE0231B0313403B
S3150800AABCFB617B681B685A6DFB691340FB617B68FD
S3150800AACC1B685B6DBB617B681B681B6D7B617B6957
S3150800AADC9B091A00012313400DD0BB699B091A0068
S3150800AAEC0123134007D07B681B6840221A657B68D4
S3150800AAFC180000F024F97B691B0A1A00012313407D
S3150800AB0C1CD0BB691B0A1A000123134016D07B689C
S3150800AB1C1B68D8229B583B617B681B68E0229A58B5
S3150800AB2C3B6913403B617B681B68802252001A659F
S3150800AB3C3A697B681100180000F0E8F8FB6A002BEC
S3150800AB4C09D07B681B68FA6A1A65FA6A7B68110071
S3150800AB5C180000F0B8F8BB6A002B09D07B681B6894
S3150800AB6CBA6A1A65BA6A7B6811001800F9F7E6FE24
S3150800AB7C7B6A002B09D07B681B687A6A1A657A6A25
S3150800AB8C7B681100180000F0A7F87B695B0A1A00AD
S3150800AB9C012313400ED0BB695B0A1A00012313402C
S3150800ABAC08D07B681B68802292001A657B6818009F
S3150800ABBC00F09BF87B69DB091A00012313401BD0B4
S3150800ABCCBB69DB091A000123134015D07B681B6887
S3150800ABDCD4229B58FB607B681B68DC229A58FB685E
S3150800ABEC1340FB607B681B6880221A65FA687B68D1
S3150800ABFC1100180000F081F87B695B0B1A00012321
S3150800AC0C13400ED0BB695B0B1A000123134008D006
S3150800AC1C7B681B68802292011A657B68180000F015
S3150800AC2C7EF87B69DB0B1A00012313400ED0BB6937
S3150800AC3CDB0B1A000123134008D07B681B688022A3
S3150800AC4C12021A657B68180000F071F87B699B0B79
S3150800AC5C1A000123134010D0BB699B0B1A00012361
S3150800AC6C13400AD07B681B688022D2011A657B6860
S3150800AC7C1B6E80221A437B681A66FB69002B09D067
S3150800AC8C7B681B68FA691A65FA697B6811001800F3
S3150800AC9C00F065F83B6A002B09D07B681B683A6A9A
S3150800ACAC1A657B681A6E3B6A1A437B681A667B6858
S3150800ACBC1B6E002B03D07B68180000F048F8C046C2
S3150800ACCCBD460CB080BD80B582B000AF78603960E7
S3150800ACDCC046BD4602B080BD80B582B000AF786074
S3150800ACEC3960C046BD4602B080BD80B582B000AFA3
S3150800ACFC7860C046BD4602B080BD80B582B000AF54
S3150800AD0C78603960C046BD4602B080BD80B582B059
S3150800AD1C00AF78603960C046BD4602B080BD80B5CC
S3150800AD2C82B000AF7860C046BD4602B080BD80B523
S3150800AD3C82B000AF7860C046BD4602B080BD80B513
S3150800AD4C82B000AF7860C046BD4602B080BD80B503
S3150800AD5C82B000AF7860C046BD4602B080BD80B5F3
S3150800AD6C82B000AF78603960C046BD4602B080BD7F
S3150800AD7C80B584B000AF78602F4BBB607B681B68CE
S3150800AD8C2E4A934205D1BB68D4229200944663445A
S3150800AD9CBB607B68BA681A647B681B6880229B5800
S3150800ADAC274A134019007B685B6B1A047B681B687F
S3150800ADBC0A4380215A50BB6870331A007B685A6460
S3150800ADCC7B681B6880229B581E4A134019007B68B7
S3150800ADDC9B6B1A067B681B680A4380215A50BB6812
S3150800ADECB0331A007B689A64BB688933FF331A0040
S3150800ADFC7B68DA64BB68982292009A187B681A6595
S3150800AE0CBB689E2292009A187B685A65BB68FB60E1
S3150800AE1C05E0FB6800221A60FB680433FB60BB681C
S3150800AE2CD422920094466344FA689A42F1D3C046F7
S3150800AE3CC046BD4604B080BD00B400400068004062
S3150800AE4CFFFFE0FFFFFFFFF080B588B000AFF860AA
S3150800AE5CB9607A603B60BB685B68002B0AD1BB683B
S3150800AE6C1A69BB689B681A43BB681B689B04134327
S3150800AE7CFB610BE0BB681A69BB689B681A43BB6825
S3150800AE8C1B6813438022D2051343FB61BB681B6AFC
S3150800AE9C1A06BB68DB691A43BB689B691A43BB680D
S3150800AEAC5B691A43BB68DB681B0413433B61FB688D
S3150800AEBC596D3A681300DB009B18DB00CB18BB6195
S3150800AECCBB69FA691A60BB690433BB61BB693A6929
S3150800AEDC1A60BB690433BB6100237B6120E07B6984
S3150800AEEC03337A68D3181B781A067B690233796898
S3150800AEFCCB181B781B041A437B6901337968CB186A
S3150800AF0C1B781B02134379687A698A1812781A43D4
S3150800AF1CBB691A60BB690433BB617B6904337B610B
S3150800AF2CBB68DB68054AD35C1A007B699342D6D3A7
S3150800AF3CC046C046BD4608B080BDC046D011010803
S3150800AF4C80B586B000AF7860396000237B614DE12F
S3150800AF5C3B681B6801217A6991400A001340FB6023
S3150800AF6CFB68002B00D13EE13B685B68032213406B
S3150800AF7C012B05D03B685B6803221340022B30D1AA
S3150800AF8C7B689B683B617B695B0003229A401300D4
S3150800AF9CDA433B6913403B613B68DA687B695B00C3
S3150800AFAC9A4013003A6913433B617B683A699A6085
S3150800AFBC7B685B683B6101227B699A401300DA4324
S3150800AFCC3B6913403B613B685B681B0901221A40CD
S3150800AFDC7B699A4013003A6913433B617B683A696B
S3150800AFEC5A603B685B6803221340032B17D07B68B7
S3150800AFFCDB683B617B695B0003229A401300DA43EA
S3150800B00C3B6913403B613B689A687B695B009A40D5
S3150800B01C13003A6913433B617B683A69DA603B680B
S3150800B02C5B6803221340022B23D17B69DA087B6801
S3150800B03C08329200D3583B617B69072213409B0068
S3150800B04C0F229A401300DA433B6913403B613B6875
S3150800B05C1A697B6907210B409B009A4013003A69D1
S3150800B06C13433B617B69DA087B68083292003969BD
S3150800B07CD1507B681B683B617B695B0003229A4055
S3150800B08C1300DA433B6913403B613B685B68032258
S3150800B09C1A407B695B009A4013003A6913433B617B
S3150800B0AC7B683A691A603B685A68C0239B0213404E
S3150800B0BC00D198E0534A7B699B0818339B009B5830
S3150800B0CC3B617B6903221340DB000F229A40130075
S3150800B0DCDA433B6913403B617A68A023DB059A4245
S3150800B0EC19D07B68484A934213D07B68474A9342E7
S3150800B0FC0DD07B68464A934207D07B68454A9342F3
S3150800B10C01D1042308E0052306E0032304E0022307
S3150800B11C02E0012300E000237A6903210A40D200E9
S3150800B12C93403A6913433B6136497B699B0818334C
S3150800B13C9B003A695A50334B1B683B61FB68DA43F0
S3150800B14C3B6913403B613B685A6880235B03134099
S3150800B15C03D03A69FB6813433B612A4B3A691A6078
S3150800B16C284B5B683B61FB68DA433B6913403B61E0
S3150800B17C3B685A6880239B03134003D03A69FB68E3
S3150800B18C13433B611F4B3A695A601E4A8423D358B2
S3150800B19C3B61FB68DA433B6913403B613B685A6881
S3150800B1AC80239B02134003D03A69FB6813433B6127
S3150800B1BC144984223B698B50124A8023D3583B612D
S3150800B1CCFB68DA433B6913403B613B685A6880234A
S3150800B1DC5B02134003D03A69FB6813433B61094988
S3150800B1EC80223B698B507B6901337B613B681A680B
S3150800B1FC7B69DA40131E00D0AAE6C046C046BD4697
S3150800B20C06B080BD0018024000040050000800502B
S3150800B21C000C00500010005080B584B000AF786068
S3150800B22C0A00BB1C1A807B681B69BA1C128813405F
S3150800B23C04D00F23FB1801221A7003E00F23FB1806
S3150800B24C00221A700F23FB181B781800BD4604B091
S3150800B25C80BD80B582B000AF786008001100BB1CB9
S3150800B26C021C1A807B1C0A1C1A707B1C1B78002B70
S3150800B27C04D0BB1C1A887B689A6103E0BB1C1A882D
S3150800B28C7B689A62C046BD4602B080BD80B582B066
S3150800B29C00AF78607B68002B01D101238FE07B68B7
S3150800B2AC41229B5CDBB2002B07D17B684022002134
S3150800B2BC99547B681800FCF715FC7B6841222421FD
S3150800B2CC99547B681B681A687B681B6801218A433A
S3150800B2DC1A607B685A687B681B683B490A401A6186
S3150800B2EC7B681B689A687B681B6838490A409A60B1
S3150800B2FC7B68DB68012B08D17B689A687B681B68BE
S3150800B30C802109020A439A6007E07B689A687B6881
S3150800B31C1B68842109020A439A607B68DB68022B46
S3150800B32C09D17B681B685A687B681B6880210901F0
S3150800B33C0A435A6007E07B681B685A687B681B6877
S3150800B34C23490A405A607B681B685A687B681B68E5
S3150800B35C20490A435A607B681B68DA687B681B6855
S3150800B36C1A490A40DA607B681A697B685B691A4372
S3150800B37C11007B689B691A027B681B680A43DA60B2
S3150800B38C7B68D9697B681A6A7B681B680A431A60EA
S3150800B39C7B681B681A687B681B6801210A431A605C
S3150800B3AC7B6800225A647B684122202199547B6869
S3150800B3BC00221A637B684222002199540023180044
S3150800B3CCBD4602B080BDC046FFFFFFF0FF7FFFFF02
S3150800B3DCFFF7FFFF0080000290B589B002AFF86056
S3150800B3EC08007A6019000A23FB18021C1A80082325
S3150800B3FCFB180A1C1A80FB6841229B5CDBB2202BCB
S3150800B40C00D00AE1FB6840229B5C012B01D1022388
S3150800B41C04E1FB68402201219954FDF7A1FA0300C7
S3150800B42C3B6180231902F8683B69009319230122B2
S3150800B43C01F048FB031E01D00123EFE0FB68412213
S3150800B44C21219954FB68422210219954FB68002249
S3150800B45C5A64FB687A685A62FB680822BA1812881A
S3150800B46C5A85FB6800225A63FB685B8D9BB2FF2BDF
S3150800B47C06D9FB68FF221A8580235B047B6107E0EB
S3150800B48CFB685B8D9AB2FB681A8580239B047B61EB
S3150800B49CFB681B8D002B27D0FB685B6A1A78FB6848
S3150800B4AC1B689A62FB685B6A5A1CFB685A62FB68E3
S3150800B4BC5B8D9BB2013B9AB2FB685A85FB681B8D68
S3150800B4CC013B9AB2FB681A85FB681B8DDBB201330C
S3150800B4DCDAB27C690A23FB181988F868514B009371
S3150800B4EC230001F0C9FC6FE0FB681B8DDAB27C699E
S3150800B4FC0A23FB181988F8684A4B0093230001F0B5
S3150800B50CBBFC61E03A69B96AFB68180001F032FBCA
S3150800B51C031E01D0012381E0FB685B6A1A78FB687D
S3150800B52C1B689A62FB685B6A5A1CFB685A62FB6862
S3150800B53C5B8D9BB2013B9AB2FB685A85FB681B8DE7
S3150800B54C013B9AB2FB681A85FB685B8D9BB2002B94
S3150800B55C3AD0FB681B8D002B36D1BA6AF8683B6962
S3150800B56C009313000022802101F0ACFA031E01D0CF
S3150800B57C012353E0FB685B8D9BB2FF2B11D9FB684B
S3150800B58CFF221A85FB681B8DDAB280235C040A231A
S3150800B59CFB181988F86800230093230001F06CFC4B
S3150800B5AC12E0FB685B8D9AB2FB681A85FB681B8DEB
S3150800B5BCDAB280239C040A23FB181988F86800233E
S3150800B5CC0093230001F058FCFB685B8D9BB2002BA3
S3150800B5DC98D13A69B96AFB68180001F011FB031E89
S3150800B5EC01D001231AE0FB681B682022DA61FB688C
S3150800B5FC1B685A68FB681B680B490A405A60FB684B
S3150800B60C412220219954FB68422200219954FB6857
S3150800B61C402200219954002300E002231800BD465D
S3150800B62C07B090BD0020008000E800FE90B589B0F8
S3150800B63C02AFF8600C00100019000A23FB18221C34
S3150800B64C1A800823FB18021C1A80BB1D0A1C1A80B8
S3150800B65CFB6841229B5CDBB2202B00D00CE1BB6A59
S3150800B66C002B04D02C23FB181B88002B05D1FB6858
S3150800B67C802292005A640123FFE0FB6840229B5CFF
S3150800B68C012B01D10223F8E0FB68402201219954D1
S3150800B69CFDF766F903007B6180231902F8687B695C
S3150800B6AC00931923012201F00DFA031E01D0012380
S3150800B6BCE3E0FB68412221219954FB684222402190
S3150800B6CC9954FB6800225A64FB68BA6A5A62FB688A
S3150800B6DC2C22BA1812885A85FB6800225A63BB1D9D
S3150800B6EC1C880823FB181A880A23FB181988F8687B
S3150800B6FC7B6901933B6B0093230000F0BDFC031E92
S3150800B70C05D0FB684022002199540123B5E0FB685B
S3150800B71C5B8D9BB2FF2B11D9FB68FF221A85FB6840
S3150800B72C1B8DDAB280235C040A23FB181988F86887
S3150800B73C00230093230001F09FFB12E0FB685B8D4E
S3150800B74C9AB2FB681A85FB681B8DDAB280239C04B7
S3150800B75C0A23FB181988F86800230093230001F0C4
S3150800B76C8BFB7A69396BFB68180001F003FA031E28
S3150800B77C01D0012381E0FB685B6A1A78FB681B68B9
S3150800B78C9A62FB685B6A5A1CFB685A62FB685B8D9B
S3150800B79C9BB2013B9AB2FB685A85FB681B8D013B31
S3150800B7AC9AB2FB681A85FB685B8D9BB2002B3AD064
S3150800B7BCFB681B8D002B36D13A6BF8687B690093B6
S3150800B7CC13000022802101F07DF9031E01D001230C
S3150800B7DC53E0FB685B8D9BB2FF2B11D9FB68FF22EC
S3150800B7EC1A85FB681B8DDAB280235C040A23FB18C6
S3150800B7FC1988F86800230093230001F03DFB12E03A
S3150800B80CFB685B8D9AB2FB681A85FB681B8DDAB2EE
S3150800B81C80239C040A23FB181988F86800230093D4
S3150800B82C230001F029FBFB685B8D9BB2002B98D19A
S3150800B83C7A69396BFB68180001F0E2F9031E01D02E
S3150800B84C01231AE0FB681B682022DA61FB681B6877
S3150800B85C5A68FB681B680B490A405A60FB68412208
S3150800B86C20219954FB68422200219954FB684022F6
S3150800B87C00219954002300E002231800BD4607B0A6
S3150800B88C90BDC04600E800FE90B589B002AFF860DE
S3150800B89C0C00100019000A23FB18221C1A80082316
S3150800B8ACFB18021C1A80BB1D0A1C1A80FB68412255
S3150800B8BC9B5CDBB2202B00D010E1BB6A002B04D0BA
S3150800B8CC2C23FB181B88002B05D1FB6880229200C1
S3150800B8DC5A64012303E1FB6840229B5C012B01D1CE
S3150800B8EC0223FCE0FB68402201219954FDF738F845
S3150800B8FC03007B6180231902F8687B69009319237E
S3150800B90C012201F0DFF8031E01D00123E7E0FB68F2
S3150800B91C412222219954FB68422240219954FB6802
S3150800B92C00225A64FB68BA6A5A62FB682C22BA1857
S3150800B93C12885A85FB6800225A63BB1D1C8808238B
S3150800B94CFB181A880A23FB181988F8687B6901936F
S3150800B95C3B6B0093230000F0F3FB031E05D0FB683A
S3150800B96C4022002199540123B9E0FB685B8D9BB2F8
S3150800B97CFF2B11D9FB68FF221A85FB681B8DDAB2DF
S3150800B98C80235C040A23FB181988F868564B009325
S3150800B99C230001F071FA12E0FB685B8D9AB2FB6822
S3150800B9AC1A85FB681B8DDAB280239C040A23FB18C4
S3150800B9BC1988F8684C4B0093230001F05DFA3A6B32
S3150800B9CCF8687B69009313000022042101F07AF8C9
S3150800B9DC031E01D0012382E0FB681B685A6AFB68C8
S3150800B9EC5B6AD2B21A70FB685B6A5A1CFB685A62AD
S3150800B9FCFB681B8D013B9AB2FB681A85FB685B8D4D
S3150800BA0C9BB2013B9AB2FB685A85FB685B8D9BB26D
S3150800BA1C002B3AD0FB681B8D002B36D13A6BF86895
S3150800BA2C7B69009313000022802101F04BF8031E5A
S3150800BA3C01D0012353E0FB685B8D9BB2FF2B11D918
S3150800BA4CFB68FF221A85FB681B8DDAB280235C041F
S3150800BA5C0A23FB181988F86800230093230001F0C1
S3150800BA6C0BFA12E0FB685B8D9AB2FB681A85FB68C9
S3150800BA7C1B8DDAB280239C040A23FB181988F868F4
S3150800BA8C00230093230001F0F7F9FB685B8D9BB24A
S3150800BA9C002B94D17A69396BFB68180001F0B0F861
S3150800BAAC031E01D001231AE0FB681B682022DA6109
S3150800BABCFB681B685A68FB681B680C490A405A6085
S3150800BACCFB68412220219954FB6842220021995493
S3150800BADCFB68402200219954002300E00223180039
S3150800BAECBD4607B090BDC0460024008000E800FEA5
S3150800BAFC80B58AB002AFF8607A603B600A23FB18FF
S3150800BB0C0A1C1A8000237B61FB6841229B5CDBB212
S3150800BB1C202B00D0DFE0FB681B689A6980231B0288
S3150800BB2C1A4080231B029A4201D10223D4E0FB68F7
S3150800BB3C40229B5C012B01D10223CDE0FB684022FD
S3150800BB4C01219954FB68412224219954FB6800224F
S3150800BB5C5A64FB68DB68012B07D10A23FB181B8880
S3150800BB6C9B059B0D5E4A1A4306E00A23FB181B88A5
S3150800BB7C9B059B0D5B4A1A43FB681B685A60FCF7CE
S3150800BB8CEFFE0300BB61FB681B689B692022134010
S3150800BB9C203B5A425341DAB21F23FB181A70FB6832
S3150800BBAC1B689B6910221340103B5A425341DAB268
S3150800BBBC1E23FB181A7035E03B6801331AD0FCF7C4
S3150800BBCCCFFE0200BB69D31A3A689A4202D33B6885
S3150800BBDC002B0FD1FB68412220219954FB685B6C22
S3150800BBEC20221A43FB685A64FB68402200219954A8
S3150800BBFC012371E0FB681B689B6920221340203BDC
S3150800BC0C5A425341DAB21F23FB181A70FB681B6899
S3150800BC1C9B6910221340103B5A425341DAB21E2339
S3150800BC2CFB181A701F23FB181B78002B04D11E2334
S3150800BC3CFB181B78002BBFD0FB681B689B6910226E
S3150800BC4C1340102B1AD03A68F868BB690093130096
S3150800BC5C0022202100F036FF031E01D001233BE011
S3150800BC6CFB681B682022DA61FB6841222021995463
S3150800BC7CFB6840220021995400232DE03A68F868A5
S3150800BC8CBB69009313000022202100F01BFF031E42
S3150800BC9C01D0012320E0FB681B681022DA61FB68DF
S3150800BCAC1B682022DA617B6901337B617B697A68C0
S3150800BCBC9A4200D94DE7FB68412220219954FB682A
S3150800BCCC5B6C20221A43FB685A64FB6840220021ED
S3150800BCDC9954012300E002231800BD4608B080BD24
S3150800BCEC002000020028000280B584B000AF7860FE
S3150800BCFC7B681B689B69FB607B681B681B68BB6061
S3150800BD0C7B685B6B002B05D07B685B6BBA68F96844
S3150800BD1C78689847C046BD4604B080BD80B586B0E5
S3150800BD2C00AF78607B681B689B697B617B681B68C6
S3150800BD3C1B683B617B691B0A1A000123134010D050
S3150800BD4C3B69DB091A00012313400AD07B685B6C3C
S3150800BD5C01221A437B685A647B681B68802252004E
S3150800BD6CDA617B699B0A1A000123134010D03B69E0
S3150800BD7CDB091A00012313400AD07B685B6C082286
S3150800BD8C1A437B685A647B681B688022D200DA6186
S3150800BD9C7B695B0A1A000123134010D03B69DB0947
S3150800BDAC1A00012313400AD07B685B6C02221A43E3
S3150800BDBC7B685A647B681B6880229200DA617B6810
S3150800BDCC5B6CFB60FB680B22134005D0FA687B683A
S3150800BDDC1100180000F00AFDC046BD4606B080BD2D
S3150800BDEC80B582B000AF7860C046BD4602B080BD53
S3150800BDFC80B582B000AF7860C046BD4602B080BD43
S3150800BE0C80B582B000AF786008001100FB1C021CDC
S3150800BE1C1A703B000A1C1A80C046BD4602B080BD8B
S3150800BE2C80B582B000AF7860C046BD4602B080BD12
S3150800BE3C80B582B000AF7860C046BD4602B080BD02
S3150800BE4C80B582B000AF7860C046BD4602B080BDF2
S3150800BE5C80B586B000AFF860B9607A60FB68DB6ABB
S3150800BE6C7B61BB683B61FB6840229B5C012B01D163
S3150800BE7C0223FBE0FB684022012199543B695B09CC
S3150800BE8C1A00012313400CD07B685B091A000123A6
S3150800BE9C134006D03A69FB681100180000F0BCFA8A
S3150800BEACDFE03B691B091A000123134054D07B6859
S3150800BEBC1B091A00012313404ED0FB685B8D9BB2FD
S3150800BECC002B2DD1FB6841229B5CDBB2282B0BD1B6
S3150800BEDC7A6980239B049A4206D13A69FB68110059
S3150800BEEC180000F029FC36E0FB6841229B5CDBB2AB
S3150800BEFC292B10D17B695F4A93420CD0FB681B68CF
S3150800BF0C1022DA61FB68180000F09BFDFB6818002C
S3150800BF1C00F01CFA1FE0FB681B681022DA619DE032
S3150800BF2CFB681B681022DA61FB685B6C04221A43F7
S3150800BF3CFB685A647B69002B05D07A6980235B04FD
S3150800BF4C9A4200D08AE0FB685A6CFB68110018000C
S3150800BF5C00F04CFC82E081E03B699B081A00012347
S3150800BF6C134031D07B689B081A00012313402BD051
S3150800BF7CFB685B8D9BB2002B18D0FB681B685A6A52
S3150800BF8CFB685B6AD2B21A70FB685B6A5A1CFB6860
S3150800BF9C5A62FB681B8D013B9AB2FB681A85FB68D3
S3150800BFAC5B8D9BB2013B9AB2FB685A85FB685B8D2D
S3150800BFBC9BB2002B54D17B692E4A934250D0FB6816
S3150800BFCC180000F0C3F94BE03B69DB081A000123A3
S3150800BFDC13400CD07B68DB081A000123134006D0EB
S3150800BFEC3A69FB681100180000F00CF939E03B6956
S3150800BFFC5B081A000123134033D07B685B081A00D0
S3150800C00C012313402DD0FB685B8D9BB2002B18D0F7
S3150800C01CFB685B6A1A78FB681B689A62FB685B6A42
S3150800C02C5A1CFB685A62FB685B8D9BB2013B9AB241
S3150800C03CFB685A85FB681B8D013B9AB2FB681A850F
S3150800C04C0FE07A6980235B049A4202D07B69002B45
S3150800C05C07D1FB68180000F079F902E0C04600E049
S3150800C06CC046FB6840220021995400231800BD469F
S3150800C07C06B080BD0000FFFFB0B586B002AFF86011
S3150800C08C0C00100019000A257B19221C1A8008239B
S3150800C09CFB18021C1A80BB1D0A1C1A80BB1D1B88A8
S3150800C0ACDAB280235C047B191988F868234B009351
S3150800C0BC230000F0E1FE7A6A396AFB68180000F082
S3150800C0CC59FD031E01D0012333E0BB1D1B88012B30
S3150800C0DC07D10823FB181B88DAB2FB681B689A621F
S3150800C0EC19E00823FB181B881B0A9BB2DAB2FB68FB
S3150800C0FC1B689A627A6A396AFB68180000F03AFD7E
S3150800C10C031E01D0012314E00823FB181B88DAB29E
S3150800C11CFB681B689A623A6AF8687B6A0093130094
S3150800C12C0022802100F0CEFC031E01D0012300E082
S3150800C13C00231800BD4604B0B0BDC04600200080E0
S3150800C14CB0B586B002AFF8600C00100019000A25CD
S3150800C15C7B19221C1A800823FB18021C1A80BB1D8B
S3150800C16C0A1C1A80BB1D1B88DAB27B191988F86859
S3150800C17C234B0093002300F07FFE7A6A396AFB682A
S3150800C18C180000F0F7FC031E01D0012333E0BB1D99
S3150800C19C1B88012B07D10823FB181B88DAB2FB680E
S3150800C1AC1B689A6219E00823FB181B881B0A9BB2AA
S3150800C1BCDAB2FB681B689A627A6A396AFB681800F5
S3150800C1CC00F0D8FC031E01D0012314E00823FB1849
S3150800C1DC1B88DAB2FB681B689A623A6AF8687B6A4B
S3150800C1EC009313000022402100F06CFC031E01D0C2
S3150800C1FC012300E000231800BD4604B0B0BDC046BC
S3150800C20C00200080B0B584B000AF786039607B68D8
S3150800C21C41229B5CDBB21A0028231340282B00D042
S3150800C22C88E07B681B689B691B0CDAB20F257B19A7
S3150800C23C01210A401A707B681B689B691B0C9AB211
S3150800C24C0C203B18FE210A401A807B681B689B68E9
S3150800C25C9AB20A243B199205920D1A807B681B68C0
S3150800C26CDB689AB20823FB18FE210A401A807B6801
S3150800C27CDB68022B48D121007B181B88DB099AB294
S3150800C28C3B181B8853409BB21A000623134020D137
S3150800C29C3B187A1812881A807B689B6C5A1C7B6828
S3150800C2AC9A647B689B6C022B4CD17B6800229A643F
S3150800C2BC7B681B680822DA617B6840220021995446
S3150800C2CC3B181A887B1919787B681800FFF798FDB4
S3150800C2DC38E00C243B190822BA1812881A808023D5
S3150800C2EC1A027B681100180000F000FE7B684022D9
S3150800C2FC002199543B191A880F23FB1819787B6867
S3150800C30C1800FFF77DFD1DE080231A027B681100DB
S3150800C31C180000F0EBFD7B684022002199540C2391
S3150800C32CFB181A880F23FB1819787B681800FFF777
S3150800C33C67FD07E07B681B680822DA617B68402288
S3150800C34C00219954C046BD4604B0B0BD80B584B032
S3150800C35C00AF78607B681B681B68FB607B684222B1
S3150800C36C00219954FB689B0B1A000123134008D033
S3150800C37C7B681B681A687B681B6825490A401A6023
S3150800C38C0DE0FB68DB0B1A000123134007D07B6812
S3150800C39C1B681A687B681B681E490A401A607B680A
S3150800C3AC41229B5CDBB2292B14D17B6841222821C4
S3150800C3BC99547B6821221A637B680121180000F0C6
S3150800C3CC95FD7B684022002199547B681800FFF77D
S3150800C3DC07FD19E07B6841229B5CDBB22A2B13D143
S3150800C3EC7B684122282199547B6822221A637B6830
S3150800C3FC0221180000F07AFD7B684022002199542E
S3150800C40C7B681800FFF7F4FCC046BD4604B080BD37
S3150800C41CFFBFFFFFFF7FFFFF80B586B000AF7860D8
S3150800C42C39607B681B681B683B613B687B617B6872
S3150800C43CDB6AFB600B203B187A684121525C1A7048
S3150800C44C7B681B682022DA613B181B78212B03D0EA
S3150800C45C3B181B78292B09D1B04A7B6811001800A8
S3150800C46C00F044FD7B6821221A6320E00B22BB18DE
S3150800C47C1B78222B03D0BB181B782A2B09D1A84A68
S3150800C48C7B681100180000F031FD7B6822221A63C4
S3150800C49C0DE00B23FB181B78282B08D1A14A7B68C7
S3150800C4AC1100180000F022FD7B6800221A637B68D5
S3150800C4BC1B685A687B681B68802109020A435A6004
S3150800C4CC7B681B685A687B681B6897490A405A60E0
S3150800C4DC7B68180000F0B5FA3B699B0B1A00012320
S3150800C4EC134013D07B681B681A687B681B688F49D6
S3150800C4FC0A401A607B689B6B002B20D07B689B6B71
S3150800C50C1B685B689AB27B685A8518E03B69DB0B3B
S3150800C51C1A000123134012D07B681B681A687B68C3
S3150800C52C1B6883490A401A607B68DB6B002B06D0B4
S3150800C53C7B68DB6B1B685B689AB27B685A857B6980
S3150800C54C9B081A000123134020D07B6904229343CD
S3150800C55C7B617B681B685A6A7B685B6AD2B21A7005
S3150800C56C7B685B6A5A1C7B685A627B681B8D002B3E
S3150800C57C0CD07B681B8D013B9AB27B681A857B684D
S3150800C58C5B8D9BB2013B9AB27B685A857B685B8D47
S3150800C59C9BB2002B05D07B685B6C04221A437B6824
S3150800C5AC5A647B691B091A000123134051D03B6955
S3150800C5BC1B091A00012313404BD07B685B8D9BB279
S3150800C5CC002B2DD17B6841229B5CDBB2282B0BD12F
S3150800C5DCFA6880239B049A4206D17A697B68110013
S3150800C5EC180000F0A9F834E07B6841229B5CDBB2AA
S3150800C5FC292B10D1FB684F4A93420CD07B681B68D9
S3150800C60C1022DA617B68180000F01BFA7B681800A8
S3150800C61CFFF79CFE1DE07B681B681022DA6118E0A8
S3150800C62C7B681B681022DA617B685B6C04221A43F0
S3150800C63C7B685A64FB68002B04D0FA6880235B0479
S3150800C64C9A4206D17B685A6C7B681100180000F078
S3150800C65CCDF87B684222002199547B6800225A63E4
S3150800C66C7B685B6C002B13D07B685A6C7B6811005B
S3150800C67C180000F0BBF87B6841229B5CDBB2282BC8
S3150800C68C47D17A697B681100180000F055F840E02C
S3150800C69C7B68DB6A274A934216D07B681800FFF73B
S3150800C6AC55FE7B68234ADA627B684122202199541D
S3150800C6BC7B6800221A637B684022002199547B68A8
S3150800C6CC1800FFF7ADFB24E07B6841229B5CDBB2CC
S3150800C6DC222B0FD17B684122202199547B6800229A
S3150800C6EC1A637B684022002199547B681800FFF76F
S3150800C6FC7FFB0EE07B684122202199547B6800223F
S3150800C70C1A637B684022002199547B681800FFF74E
S3150800C71C67FBC046BD4606B080BDC046018000001A
S3150800C72C028000000380000000E800FEFFBFFFFF48
S3150800C73CFF7FFFFF0000FFFF80B582B000AF786077
S3150800C74C39607B68274ADA627B6800221A637B6841
S3150800C75C4122202199547B684222002199547B68F6
S3150800C76C00225A633B689B081A000123134022D007
S3150800C77C7B681B685A6A7B685B6AD2B21A707B68DC
S3150800C78C5B6A5A1C7B685A627B681B8D002B12D01D
S3150800C79C7B681B8D013B9AB27B681A857B685B8D1F
S3150800C7AC9BB2013B9AB27B685A857B685B6C042208
S3150800C7BC1A437B685A640C4A7B681100180000F00F
S3150800C7CC95FB7B681B681022DA617B684022002186
S3150800C7DC99547B681800FFF723FBC046BD4602B088
S3150800C7EC80BDC0460000FFFF0380000080B584B002
S3150800C7FC00AF786039600F203B187A684121525C8B
S3150800C80C1A707B684222002199547B68724ADA6254
S3150800C81C7B6800225A857B685A6C3B681A437B688E
S3150800C82C5A643B181B78282B07D03B181B78292BE6
S3150800C83C03D03B181B782A2B0CD17B6803211800D4
S3150800C84C00F054FB7B684122282199547B68634A83
S3150800C85C5A6332E0624A7B681100180000F046FB06
S3150800C86C7B68180000F0EDF87B6841229B5CDBB214
S3150800C87C602B1FD07B684122202199547B681B684A
S3150800C88C9B6920221340202B14D17B681B689B695B
S3150800C89C10221340102B09D17B681B681022DA6111
S3150800C8AC7B685B6C04221A437B685A647B681B683A
S3150800C8BC2022DA617B6800225A637B681B6BBB609B
S3150800C8CC7B689B6B002B3BD0BB68112B02D0BB68DB
S3150800C8DC212B35D17B681B681A688023DB011A402B
S3150800C8EC8023DB019A4207D17B681B681A687B6830
S3150800C8FC1B683C490A401A607B689B6B1800FDF75D
S3150800C90C6FFB0300012B16D07B689B6B364A9A6328
S3150800C91C7B684022002199547B689B6B1800FDF7B5
S3150800C92CF7FA031E51D07B689B6B9A6B7B689B6BE3
S3150800C93C1800904749E07B68180000F059F844E065
S3150800C94C7B68DB6B002B3BD0BB68122B02D0BB6819
S3150800C95C222B35D17B681B681A6880231B021A4068
S3150800C96C80231B029A4207D17B681B681A687B686E
S3150800C97C1B681E490A401A607B68DB6B1800FDF7BA
S3150800C98C2FFB0300012B16D07B68DB6B164A9A63C8
S3150800C99C7B684022002199547B68DB6B1800FDF7F5
S3150800C9ACB7FA031E13D07B68DB6B9A6B7B68DB6B61
S3150800C9BC180090470BE07B68180000F019F806E0A1
S3150800C9CC7B68180000F014F802E0C04600E0C04688
S3150800C9DCC046BD4604B080BD0000FFFF5DBE000822
S3150800C9EC03800000FFBFFFFF93CA0008FF7FFFFF0D
S3150800C9FC80B582B000AF78607B6841229B5CDBB265
S3150800CA0C602B0FD17B684122202199547B68002228
S3150800CA1C1A637B684022002199547B681800FFF73B
S3150800CA2C0FFA0AE07B6800221A637B684022002111
S3150800CA3C99547B681800FFF7FBF9C046BD4602B04F
S3150800CA4C80BD80B582B000AF78607B681B689B6937
S3150800CA5C02221340022B03D17B681B6800229A62C0
S3150800CA6C7B681B689B6901221340012B07D07B68E6
S3150800CA7C1B689A697B681B6801210A439A61C04640
S3150800CA8CBD4602B080BD80B584B000AF78607B68C7
S3150800CA9C9B6AFB60FB689B6B002B03D0FB689B6B4C
S3150800CAAC00229A63FB68DB6B002B03D0FB68DB6BFD
S3150800CABC00229A63FB681800FFF79AFFC046BD462A
S3150800CACC04B080BD80B584B000AFF860B9603B6037
S3150800CADCFB1D1A703AE0BA693968FB68180000F051
S3150800CAECD3F8031E01D0012340E03B6801332DD057
S3150800CAFCFBF736FF0200BB69D31A3A689A4202D38F
S3150800CB0C3B68002B22D1FB681B689B69BA681340EB
S3150800CB1CBA68D31A5A425341DBB21A00FB1D1B786A
S3150800CB2C9A4213D1FB685B6C20221A43FB685A6441
S3150800CB3CFB68412220219954FB6842220021995412
S3150800CB4CFB6840220021995401230FE0FB681B68FF
S3150800CB5C9B69BA681340BA68D31A5A425341DBB276
S3150800CB6C1A00FB1D1B789A42B5D000231800BD4647
S3150800CB7C04B080BD80B584B000AFF860B9607A6047
S3150800CB8C32E07A68B968FB68180000F07DF8031E75
S3150800CB9C01D0012330E0BB68013325D0FBF7E0FE5A
S3150800CBAC02007B68D31ABA689A4202D3BB68002B78
S3150800CBBC1AD1FB681B689B6902221340022B13D0FF
S3150800CBCCFB685B6C20221A43FB685A64FB6841229B
S3150800CBDC20219954FB68422200219954FB68402273
S3150800CBEC00219954012307E0FB681B689B69022204
S3150800CBFC1340022BC5D100231800BD4604B080BDD6
S3150800CC0C80B584B000AFF860B9607A602FE07A68B6
S3150800CC1CB968FB68180000F037F8031E01D0012329
S3150800CC2C2DE0FBF79DFE02007B68D31ABA689A4280
S3150800CC3C02D3BB68002B1AD1FB681B689B692022A0
S3150800CC4C1340202B13D0FB685B6C20221A43FB681D
S3150800CC5C5A64FB68412220219954FB684222002120
S3150800CC6C9954FB68402200219954012307E0FB687C
S3150800CC7C1B689B6920221340202BC8D1002318005F
S3150800CC8CBD4604B080BD000080B58AB000AFF86020
S3150800CC9CB9607A602723FB1800221A70FB681B6898
S3150800CCAC9B69BB6100233B627B68FB61BB691022F5
S3150800CCBC134000D179E0FB681B681022DA6157E053
S3150800CCCC2722BB18BA1812781A70BB6801334FD0D2
S3150800CCDCFBF746FE0200FB69D31ABA689A4202D3DE
S3150800CCECBB68002B44D1FB681B685A688023DB01A0
S3150800CCFC13407B6113203B18FA684221525C1A7068
S3150800CD0CFB681B689A6980231B021A4080231B0246
S3150800CD1C9A4226D17A698023DB019A4221D03B18A4
S3150800CD2C1B78202B1DD0FB681B685A68FB681B6890
S3150800CD3C8021C9010A435A60FBF712FE0300FB6106
S3150800CD4C0FE0FBF70DFE0200FB69D31A192B08D965
S3150800CD5C3B6A202213433B622723FB1801221A70D5
S3150800CD6C06E0FB681B689B6920221340202BE8D140
S3150800CD7CFB681B689B6920221340202B04D02723B1
S3150800CD8CFB181B78002B9BD02723FB181B78002B32
S3150800CD9C03D1FB681B682022DA613B6A0422134321
S3150800CDAC3B622723FB1801221A70FB681B689B69D8
S3150800CDBCBB61BA6980235B0013400CD03B6A012225
S3150800CDCC13433B62FB681B6880225200DA612723F7
S3150800CDDCFB1801221A70BA698023DB0013400CD0A9
S3150800CDEC3B6A082213433B62FB681B688022D2000D
S3150800CDFCDA612723FB1801221A70BA6980239B0073
S3150800CE0C13400CD03B6A022213433B62FB681B6837
S3150800CE1C80229200DA612723FB1801221A70272335
S3150800CE2CFB181B78002B1DD0FB681800FFF709FEB2
S3150800CE3CFB681B685A68FB681B680E490A405A60EF
S3150800CE4CFB685A6C3B6A1A43FB685A64FB684122B6
S3150800CE5C20219954FB68422200219954FB684022F0
S3150800CE6C002199542723FB181B781800BD460AB0D5
S3150800CE7C80BDC04600E800FE90B587B000AFF860EC
S3150800CE8C080011007B600A243B19021C1A80092031
S3150800CE9C3B180A1C1A703B191B889B059A0D3B18E4
S3150800CEAC1B781904FF231B040B401A437B681A438F
S3150800CEBCBB6A13435B005B087B61FB681B685B689A
S3150800CECCBA6A510D8022D2000A4007490A43D24356
S3150800CEDC1A401100FB681B687A690A435A60C046F7
S3150800CEECBD4607B090BDC046FF63FF0380B584B04E
S3150800CEFC00AF78600A00BB1C1A800023FB60BB1CC1
S3150800CF0C1B880122134010D0FB6842221343FB6096
S3150800CF1C7B6841229B5CDBB21A0028231340282B22
S3150800CF2C03D0FB68B0221343FB60BB1C1B88022290
S3150800CF3C134010D0FB6844221343FB607B684122E4
S3150800CF4C9B5CDBB21A0028231340282B03D0FB6802
S3150800CF5CB0221343FB60BB1C00229B5E002B03DA3A
S3150800CF6CFB68B8221343FB60BB1C1B88102B03D130
S3150800CF7CFB6890221343FB60BB1C1B88202B03D138
S3150800CF8CFB6820221343FB60BB1C1B88402B03D178
S3150800CF9CFB6840221343FB607B681B681A68FB68B6
S3150800CFACD9437B681B680A401A60C046BD4604B064
S3150800CFBC80BD000080B582B000AF786039607B68B0
S3150800CFCC41229B5CDBB2202B38D17B6840229B5CD0
S3150800CFDC012B01D1022332E07B68402201219954AE
S3150800CFEC7B684122242199547B681B681A687B68E4
S3150800CFFC1B6801218A431A607B681B681A687B6860
S3150800D00C1B6811490A401A607B681B6819687B689B
S3150800D01C1B683A680A431A607B681B681A687B683F
S3150800D02C1B6801210A431A607B6841222021995406
S3150800D03C7B68402200219954002300E00223180043
S3150800D04CBD4602B080BDC046FFEFFFFF80B584B079
S3150800D05C00AF786039607B6841229B5CDBB2202B81
S3150800D06C39D17B6840229B5C012B01D1022333E02A
S3150800D07C7B684022012199547B68412224219954CA
S3150800D08C7B681B681A687B681B6801218A431A60CF
S3150800D09C7B681B681B68FB60FB68114A1340FB60C6
S3150800D0AC3B681B02FA681343FB607B681B68FA68CB
S3150800D0BC1A607B681B681A687B681B6801210A431F
S3150800D0CC1A607B684122202199547B6840220021F2
S3150800D0DC9954002300E002231800BD4604B080BD15
S3150800D0ECFFF0FFFF80B584B000AF7860194B1B6862
S3150800D0FC194A13401900174B7A680A431A607A685A
S3150800D10C80239B009A421FD1144B1A6813005B00AC
S3150800D11C9B185B0012491800F5F7F8FF030001335A
S3150800D12CFB6008E0FB68002B03D0FB68013BFB6047
S3150800D13C01E0032309E0074B5A698023DB001A40F8
S3150800D14C8023DB009A42EDD000231800BD4604B0BC
S3150800D15C80BDC04600700040FFF9FFFF9C00002010
S3150800D16C40420F0080B500AF034B9A68E023DB0101
S3150800D17C13401800BD4680BD0010024080B588B02B
S3150800D18C00AF78607B68002B02D1012300F050FBBE
S3150800D19C7B681B680122134000D17CE0C34B9B685B
S3150800D1AC38221340BB61C14BDB68032213407B61F9
S3150800D1BCBB69102B02D17B69032B02D0BB69082BE8
S3150800D1CC0BD1BA4B1A6880239B02134062D07B683A
S3150800D1DC5B68002B5ED101232AE37B685A6880239F
S3150800D1EC5B029A4207D1B14B1A68B04B80214902AF
S3150800D1FC0A431A6020E07B685A68A023DB029A422D
S3150800D20C0ED1AA4B1A68A94B8021C9020A431A6087
S3150800D21CA64B1A68A54B802149020A431A600BE0F3
S3150800D22CA24B1A68A14BA2490A401A609F4B1A686E
S3150800D23C9E4BA0490A401A607B685B68002B14D089
S3150800D24CFBF78EFB03003B6108E0FBF789FB02004A
S3150800D25C3B69D31A642B01D90323E9E2934B1A6869
S3150800D26C80239B021340F0D015E0FBF779FB0300F3
S3150800D27C3B6108E0FBF774FB02003B69D31A642B8D
S3150800D28C01D90323D4E2894B1A6880239B021340E5
S3150800D29CF0D100E0C0467B681B680222134000D11F
S3150800D2AC99E0824B9B6838221340BB617F4BDB6845
S3150800D2BC032213407B61BB69102B02D17B69022BBD
S3150800D2CC02D0BB69002B35D1784B1A688023DB005A
S3150800D2DC134005D07B68DB68002B01D10123A7E23C
S3150800D2EC724B5B68744A134019007B685B691A02B7
S3150800D2FC6E4B0A435A60BB69002B12D16B4B1B68E9
S3150800D30C6E4A134019007B681A69684B0A431A60FF
S3150800D31C664B1B68DB0A07221340694ADA40694BDD
S3150800D32C1A60694B1B681800FBF7BEFA031E51D02E
S3150800D33C01237DE27B68DB68002B30D05B4B1B68D6
S3150800D34C5E4A134019007B681A69584B0A431A60DF
S3150800D35C564B1A68554B802149000A431A60FBF74D
S3150800D36CFFFA03003B6108E0FBF7FAFA02003B6997
S3150800D37CD31A022B01D903235AE24C4B1A68802381
S3150800D38CDB001340F0D0494B5B684B4A134019003D
S3150800D39C7B685B691A02454B0A435A601BE0434B90
S3150800D3AC1A68424B49490A401A60FBF7D9FA030036
S3150800D3BC3B6108E0FBF7D4FA02003B69D31A022B4F
S3150800D3CC01D9032334E2394B1A688023DB00134056
S3150800D3DCF0D100E0C0467B681B680822134047D092
S3150800D3EC324B9B6838221340182B0AD12F4B1B6ED5
S3150800D3FC022213403CD07B689B69002B38D1012351
S3150800D40C16E27B689B69002B19D0284B1A6E274BA2
S3150800D41C01210A431A66FBF7A3FA03003B6108E0ED
S3150800D42CFBF79EFA02003B69D31A022B01D9032398
S3150800D43CFEE11E4B1B6E02221340F1D018E01B4B6B
S3150800D44C1A6E1A4B01218A431A66FBF789FA0300EE
S3150800D45C3B6108E0FBF784FA02003B69D31A022BFE
S3150800D46C01D90323E4E1114B1B6E02221340F1D1BF
S3150800D47C7B681B680422134000D1C7E01F23FB18E6
S3150800D48C00221A70094B9B6838221340202B1FD197
S3150800D49C064BDB6D0222134000D1B7E07B689B6814
S3150800D4AC002B00D0B2E00123C2E1C04600100240B6
S3150800D4BCFFFFFEFFFFFFFBFFFF80FFFFFFC7FFFF1E
S3150800D4CC0024F4009C000020A0000020FFFEFFFFB3
S3150800D4DCB54BDA6B80235B05134001D1012300E0C1
S3150800D4EC0023002B11D0B04BDA6BAF4B80214905CA
S3150800D4FC0A43DA63AC4BDA6B80235B051340FB609B
S3150800D50CFB681F23FB1801221A70A84B1A68802384
S3150800D51C5B0013401AD1A54B1A68A44B802149000D
S3150800D52C0A431A60FBF71CFA03003B6108E0FBF799
S3150800D53C17FA02003B69D31A022B01D9032377E1A8
S3150800D54C9A4B1A6880235B001340F0D07B689B6863
S3150800D55C012B06D1944BDA6D934B01210A43DA65FC
S3150800D56C1CE07B689B68052B0CD18F4BDA6D8E4BB8
S3150800D57C04210A43DA658C4BDA6D8B4B01210A437D
S3150800D58CDA650BE0884BDA6D874B01218A43DA653D
S3150800D59C854BDA6D844B04218A43DA657B689B6874
S3150800D5AC002B14D0FBF7DCF903003B6109E0FBF711
S3150800D5BCD7F902003B69D31A7D4A934201D9032352
S3150800D5CC36E1794BDB6D02221340F0D013E0FBF702
S3150800D5DCC7F903003B6109E0FBF7C2F902003B6996
S3150800D5ECD31A734A934201D9032321E16E4BDB6D9F
S3150800D5FC02221340F0D11F23FB181B78012B05D1EF
S3150800D60C694BDA6B684B6B490A40DA637B681B68B3
S3150800D61C2022134039D07B68DB69002B1BD0624B68
S3150800D62C1A68614B8021C9030A431A60FBF798F9FB
S3150800D63C03003B6108E0FBF793F902003B69D31A38
S3150800D64C022B01D90323F3E0574B1A6880231B04DA
S3150800D65C1340F0D019E0544B1A68534B56490A40FC
S3150800D66C1A60FBF77DF903003B6108E0FBF778F9D4
S3150800D67C02003B69D31A022B01D90323D8E04A4B83
S3150800D68C1A6880231B041340F0D17B681B6A002B95
S3150800D69C00D1CCE0444B9B6838221340102B00D1A8
S3150800D6AC7BE07B681B6A022B56D13F4B1A683E4BB4
S3150800D6BC42490A401A60FBF753F903003B6108E03C
S3150800D6CCFBF74EF902003B69D31A022B01D9032347
S3150800D6DCAEE0354B1A6880239B041340F0D1324BCD
S3150800D6ECDB68374A134019007B685A6A7B689B6A61
S3150800D6FC1A437B68DB6A1B021A437B681B6B1A434B
S3150800D70C7B685B6B1A437B689B6B1A43264B0A43F5
S3150800D71CDA60254B1A68244B802149040A431A609F
S3150800D72C214BDA68204B802149050A43DA60FBF75E
S3150800D73C17F903003B6108E0FBF712F902003B6995
S3150800D74CD31A022B01D9032372E0174B1A688023CC
S3150800D75C9B041340F0D06AE0134B1A68124B174916
S3150800D76C0A401A60FBF7FCF803003B6108E0FBF77C
S3150800D77CF7F802003B69D31A022B01D9032357E0A9
S3150800D78C094B1A6880239B041340F0D1064BDA68C0
S3150800D79C054B0C490A40DA6049E07B681B6A012B89
S3150800D7AC12D1012344E0C04600100240007000402C
S3150800D7BC88130000FFFFFFEFFFFFBFFFFFFFFFFE11
S3150800D7CC8C80C111FCFFFEEE1B4BDB687B617B6911
S3150800D7DC03221A407B685B6A9A4226D17B697022BF
S3150800D7EC1A407B689B6A9A421FD17A69FE23DB0131
S3150800D7FC1A407B68DB6A1B029A4216D17A69F823AF
S3150800D80C9B031A407B681B6B9A420ED17A69E023FC
S3150800D81C1B051A407B685B6B9A4206D17B695B0FCA
S3150800D82C5A077B689B6B9A4201D0012300E00023C0
S3150800D83C1800BD4608B080BD0010024080B584B003
S3150800D84C00AF786039607B68002B01D10123E9E0D1
S3150800D85C764B1B68072213403A689A421ED9734BBB
S3150800D86C1B68072293431900704B3A680A431A60DF
S3150800D87CFBF776F80300FB6009E0FBF771F802008A
S3150800D88CFB68D31A6A4A934201D90323CAE0674B49
S3150800D89C1B68072213403A689A42EED17B681B68CC
S3150800D8AC0222134015D07B681B680422134006D04D
S3150800D8BC604B9A685F4BE021C9010A439A605D4B3D
S3150800D8CC9B685D4A134019007B689A68594B0A4352
S3150800D8DC9A607B681B680122134057D07B685B688B
S3150800D8EC012B07D1534B1A6880239B0213402BD16B
S3150800D8FC012397E07B685B68022B07D14D4B1A68AE
S3150800D90C80239B0413401FD101238BE07B685B6843
S3150800D91C002B07D1474B1A688023DB00134013D121
S3150800D92C01237FE07B685B68032B06D1414B1B6E9A
S3150800D93C0222134008D1012374E03E4BDB6D022210
S3150800D94C134001D101236DE03A4B9B6807229343A0
S3150800D95C19007B685A68374B0A439A60FBF700F83C
S3150800D96C0300FB6009E0FAF7FBFF0200FB68D31A19
S3150800D97C2F4A934201D9032354E02E4B9B68382235
S3150800D98C1A407B685B68DB009A42ECD1274B1B6814
S3150800D99C072213403A689A421ED2244B1B68072268
S3150800D9AC93431900214B3A680A431A60FAF7D8FFD1
S3150800D9BC0300FB6009E0FAF7D3FF0200FB68D31AF1
S3150800D9CC1B4A934201D903232CE0184B1B680722E8
S3150800D9DC13403A689A42EED17B681B6804221340BE
S3150800D9EC09D0144B9B68154A134019007B68DA68F2
S3150800D9FC104B0A439A6000F029F801000D4B9B68FE
S3150800DA0C1B0A0F221A400E4B9200D3581F221340A2
S3150800DA1C0A00DA400B4B1A600B4B1B681800FAF716
S3150800DA2C43FF03001800BD4604B080BD0020024029
S3150800DA3C8813000000100240FFF0FFFFFF8FFFFF66
S3150800DA4C4C1101089C000020A000002080B586B06F
S3150800DA5C00AF3C4B9B68382213400FD1394B1B68DF
S3150800DA6CDB0A0722134001229A4013003B603968EF
S3150800DA7C3548F5F74BFB03003B615DE0314B9B6882
S3150800DA8C38221340082B02D1304B3B6154E02D4B06
S3150800DA9C9B6838221340102B38D12A4BDB6803229B
S3150800DAAC1340FB60274BDB681B0907221340013325
S3150800DABCBB60FB68032B0DD1B9682448F5F726FB28
S3150800DACC030019001F4BDB681B0A7F2213404B43CC
S3150800DADC7B610DE0B9681C48F5F718FB03001900C3
S3150800DAEC184BDB681B0A7F2213404B437B61C046ED
S3150800DAFC144BDB685B0F0722134001337B60796894
S3150800DB0C7869F5F703FB03003B6115E00D4B9B6841
S3150800DB1C38221340202B03D180231B023B610BE0D8
S3150800DB2C084B9B6838221340182B03D1FA23DB01C8
S3150800DB3C3B6101E000233B613B691800BD4606B01A
S3150800DB4C80BDC046001002400024F40000127A0082
S3150800DB5C80B500AF024B1B681800BD4680BDC04699
S3150800DB6C9C000020B0B500AFFFF7F2FF0400FFF7EA
S3150800DB7CF9FA03001A0B054B9200D3581F221340CF
S3150800DB8CDC4023001800BD46B0BDC0468C11010808
S3150800DB9C80B586B000AF78601323FB1800221A7084
S3150800DBAC1223FB1800221A707B681A6880239B02C2
S3150800DBBC134000D1ADE011203B1800221A70474BD8
S3150800DBCCDA6B80235B05134010D1444BDA6B434B5D
S3150800DBDC802149050A43DA63404BDA6B80235B05DF
S3150800DBEC1340BB60BB683B1801221A703C4B1A6881
S3150800DBFC3B4B802149000A431A60FAF7B1FE030031
S3150800DC0CFB600BE0FAF7ACFE0200FB68D31A022B9A
S3150800DC1C04D91323FB1803221A7005E0304B1A6833
S3150800DC2C80235B001340EDD01323FB181B78002BC5
S3150800DC3C5ED12A4BDA6DC0239B0013407B617B694E
S3150800DC4C002B19D07B681B6C7A699A4214D0234B2B
S3150800DC5CDB6D244A13407B61204BDA6D1F4B802108
S3150800DC6C49020A43DA651D4BDA6D1C4B1E490A40FC
S3150800DC7CDA651A4B7A69DA657B690122134016D084
S3150800DC8CFAF76EFE0300FB600CE0FAF769FE020079
S3150800DC9CFB68D31A154A934204D91323FB1803229B
S3150800DCAC1A7004E00D4BDB6D02221340EDD01323E2
S3150800DCBCFB181B78002B0AD1084BDB6D094A13405D
S3150800DCCC19007B681A6C054B0A43DA6516E01223B1
S3150800DCDCFB181322BA1812781A700FE000100240BB
S3150800DCEC00700040FFFCFFFFFFFFFEFF88130000DB
S3150800DCFC1223FB181322BA1812781A701123FB1860
S3150800DD0C1B78012B05D1B64BDA6BB54BB5490A40D6
S3150800DD1CDA637B681B680122134009D0B04B5B6D34
S3150800DD2C0322934319007B685A68AD4B0A435A651C
S3150800DD3C7B681B680222134009D0A94B5B6D0C2229
S3150800DD4C934319007B689A68A54B0A435A657B6806
S3150800DD5C1B680422134009D0A14B5B6D30229343F8
S3150800DD6C19007B68DA689E4B0A435A657B681B6800
S3150800DD7C1022134009D09A4B5B6D9B4A134019002D
S3150800DD8C7B681A69964B0A435A657B681A6880231E
S3150800DD9C5B01134009D0924B5B6D944A13401900F2
S3150800DDAC7B685A698E4B0A435A657B681A688023C6
S3150800DDBC9B00134009D08A4B5B6D8D4A13401900A2
S3150800DDCC7B689A6A864B0A435A657B681A6880236D
S3150800DDDCDB00134009D0824B5B6D864A1340190051
S3150800DDEC7B68DA6A7E4B0A435A657B681B68202275
S3150800DDFC134009D07A4B5B6D7F4A134019007B6838
S3150800DE0C9A69774B0A435A657B681B68402213400C
S3150800DE1C09D0734B5B6D794A134019007B68DA6934
S3150800DE2C6F4B0A435A657B681A688023DB011340DB
S3150800DE3C15D06B4B5B6D9B0099087B681A6B684B0E
S3150800DE4C0A435A657B681A6B8023DB059A4206D10E
S3150800DE5C634BDA68624B802149020A43DA607B68B5
S3150800DE6C1A6880231B03134009D05D4B5B6D402257
S3150800DE7C934319007B685A6B594B0A435A657B685E
S3150800DE8C1A6880239B03134016D0554B5B6D5C4A6E
S3150800DE9C134019007B689A6B514B0A435A657B6889
S3150800DEAC9A6B8023DB039A4206D14D4BDA684C4BAE
S3150800DEBC802149040A43DA607B681A688023DB03ED
S3150800DECC134016D0464B5B6D4E4A134019007B68BF
S3150800DEDCDA6B434B0A435A657B68DA6B80235B041F
S3150800DEEC9A4206D13E4BDA683D4B802149040A43D7
S3150800DEFCDA607B681A6880231B01134014D0384BF0
S3150800DF0C9B6D0322934319007B681A6A344B0A43A8
S3150800DF1C9A657B681B6A012B06D1314BDA68304B44
S3150800DF2C802149020A43DA607B681A6880239B01C0
S3150800DF3C134014D02A4B9B6D0C22934319007B6813
S3150800DF4C5A6A274B0A439A657B685B6A042B06D187
S3150800DF5C234BDA68224B802149020A43DA607B6834
S3150800DF6C1A6880235B04134016D01D4B9B6D224AFE
S3150800DF7C134019007B685A6C194B0A439A657B68DF
S3150800DF8C5A6C80239B019A4206D1154BDA68144BBE
S3150800DF9C802149040A43DA607B681A6880239B044B
S3150800DFAC134016D00E4B9B6D104A134019007B6814
S3150800DFBC9A6C0B4B0A439A657B689A6C80235B00B8
S3150800DFCC9A4206D1064BDA68054B802149040A4366
S3150800DFDCDA601223FB181B781800BD4606B080BD04
S3150800DFEC00100240FFFFFFEFFFF3FFFFFFFCFFFFF0
S3150800DFFCFFFFF3FFFFFFCFFFFFCFFFFFFF3FFFFF43
S3150800E00CFFFFBFFFFFFFFFFE80B586B000AF78604D
S3150800E01C00237B617A6880239B029A423BD1E24BB0
S3150800E02CDA6DC0239B001340FB60DF4BDB6D0222CD
S3150800E03C1340022B09D1FA6880235B009A4204D15B
S3150800E04C80231B027B6100F0FCFCD74B1B6E022263
S3150800E05C1340022B09D1FA6880239B009A4204D1FB
S3150800E06CFA23DB017B6100F0ECFCCF4B1A688023AA
S3150800E07C9B021A4080239B029A4201D000F0E1FCD5
S3150800E08CFA68C0239B009A4201D000F0DAFCC74B11
S3150800E09C7B6100F0D6FCC44BDB6803221340022BD1
S3150800E0AC02D1C34B3B610AE0BF4BDB68032213402A
S3150800E0BC032B02D1BF4B3B6101E000233B61BA4BFA
S3150800E0CCDB681B0907221340013319003869F5F779
S3150800E0DC1DF803003B617A6880239B049A4201D1A0
S3150800E0EC00F043FC7A6880239B049A4201D900F01D
S3150800E0FC7CFC7A6880235B049A4201D100F0E0FB31
S3150800E10C7A6880235B049A4201D900F06EFC7A681F
S3150800E11C8023DB039A4201D100F0A1FB7A688023A5
S3150800E12CDB039A4201D900F060FC7A6880239B03D2
S3150800E13C9A4201D100F062FB7A6880239B039A42CB
S3150800E14C01D900F052FC7A6880231B039A4200D14D
S3150800E15C15E17A6880231B039A4201D900F045FC25
S3150800E16C7A688023DB019A4200D1ACE17A68802375
S3150800E17CDB019A4201D900F038FC7A6880239B01AE
S3150800E18C9A4200D170E27A6880239B019A4201D99F
S3150800E19C00F02BFC7A6880235B019A4200D158E187
S3150800E1AC7A6880235B019A4201D900F01EFC7A68D2
S3150800E1BC80231B019A4200D113E27A6880231B0143
S3150800E1CC9A4201D900F011FC7A688023DB009A4246
S3150800E1DC00D1D3E27A688023DB009A4201D900F099
S3150800E1EC04FC7A6880239B009A4200D186E27A68FE
S3150800E1FC80239B009A4201D900F0F7FB7B68202B01
S3150800E20C0FD87B68002B01D100F0EFFB7B68202B25
S3150800E21C01D900F0EAFB7B689A00674BD3181B6898
S3150800E22C9F467B68402B00D1B0E100F0DEFB5E4BCD
S3150800E23C5B6D03221340FB60FB68002B05D1FFF7CF
S3150800E24C91FC03007B6100F0D2FBFB68012B05D126
S3150800E25CFFF7FCFB03007B6100F0C9FB524B1A6805
S3150800E26C8023DB001A408023DB009A4206D1FB6828
S3150800E27C022B03D14E4B7B6100F0B9FB4A4BDB6D8D
S3150800E28C02221340022B01D000F0B1FBFB68032BD2
S3150800E29C01D000F0ACFB80231B027B6100F0A7FBCE
S3150800E2AC414B5B6D0C221340FB60FB68002B05D1C0
S3150800E2BCFFF758FC03007B6100F09BFBFB68042B03
S3150800E2CC05D1FFF7C3FB03007B6100F092FB364BCD
S3150800E2DC1A688023DB001A408023DB009A4206D199
S3150800E2ECFB68082B03D1324B7B6100F082FB2E4B6B
S3150800E2FCDB6D02221340022B01D000F07AFBFB687F
S3150800E30C0C2B01D000F075FB80231B027B6100F0FF
S3150800E31C70FB254B5B6D30221340FB60FB68002BB2
S3150800E32C05D1FFF71FFC03007B6100F064FBFB685B
S3150800E33C102B05D1FFF78AFB03007B6100F05BFB12
S3150800E34C194B1A688023DB001A408023DB009A429B
S3150800E35C06D1FB68202B03D1154B7B6100F04BFBD8
S3150800E36C114BDB6D02221340022B00D043E3FB68F2
S3150800E37C302B00D03FE380231B027B613BE30A4B27
S3150800E38C5B6D40221340FB60074B1A688023DB0049
S3150800E39C1A408023DB009A4212D1FB68002B0FD15E
S3150800E3AC064B7B6129E3C0460010024090D003005F
S3150800E3BC0024F40000127A00E01101081280000013
S3150800E3CCCB4BDB6D02221340022B00D015E3FB6806
S3150800E3DC402B00D011E380231B027B610DE3C44B59
S3150800E3EC5A6DC0231B011340FB60FB68002B04D13C
S3150800E3FCFFF7B8FB03007B6101E3FA688023DB00B7
S3150800E40C9A4204D1FFF722FB03007B61F7E2B84B73
S3150800E41C1A688023DB001A408023DB009A4207D156
S3150800E42CFA6880231B019A4202D1B24B7B61E6E261
S3150800E43CAF4BDB6D02221340022B00D0DFE2FA68E9
S3150800E44CC0231B019A4200D0D9E280231B027B61B0
S3150800E45CD5E2A74B5A6DC0239B001340FB60FB68A3
S3150800E46C002B04D1FFF77EFB03007B61C9E2FA6837
S3150800E47C80235B009A4204D1FFF7E8FA03007B611C
S3150800E48CBFE29B4B1A688023DB001A408023DB0013
S3150800E49C9A4207D1FA6880239B009A4202D1954B7F
S3150800E4AC7B61AEE2924BDB6D02221340022B00D04D
S3150800E4BCA7E2FA68C0239B009A4200D0A1E2802307
S3150800E4CC1B027B619DE28A4B5B6D9B0F9B07FB6076
S3150800E4DCFB68002B04D1FFF7B9FA03007B6192E2C3
S3150800E4ECFA6880231B069A4202D1824B7B618AE228
S3150800E4FCFA688023DB059A4200D084E27C4BDA6802
S3150800E50C80235B02134000D17DE2794BDB681B0A42
S3150800E51C7F221340BB603B69BA685A43744BDB686D
S3150800E52C5B0C1F210B40013319001000F4F7EEFDAC
S3150800E53C03007B6167E26E4B5A6DC0239B01134047
S3150800E54CFB60FB68002B04D1FFF70CFB03007B6117
S3150800E55C5BE2FA6880235B019A4204D1FFF776FAEC
S3150800E56C03007B6151E2624B1A688023DB001A4078
S3150800E57C8023DB009A4200D047E2FA6880239B018D
S3150800E58C9A4200D041E25B4B7B613EE2584B5A6D96
S3150800E59CC0231B021340FB60FB68002B04D1FFF75A
S3150800E5ACE1FA03007B6132E2FA688023DB019A42C6
S3150800E5BC04D1FFF74BFA03007B6128E24C4B1A682F
S3150800E5CC8023DB001A408023DB009A4200D01EE22F
S3150800E5DCFA6880231B029A4200D018E2454B7B61ED
S3150800E5EC15E2434B9B6D03221340FB60FB68012B22
S3150800E5FC1CD13F4BDA6880235B02134000D108E23A
S3150800E60C3B4BDB681B0A7F221340BB603B69BA682D
S3150800E61C5A43374BDB685B0C1F210B40013319003F
S3150800E62C1000F4F773FD03007B61F2E1FB68002B25
S3150800E63C04D1FFF70BFA03007B61EAE12C4B1A684D
S3150800E64C8023DB001A408023DB009A4205D1FB6845
S3150800E65C022B02D1274B7B61DBE1FB68032B00D035
S3150800E66CD7E1254B7B61D4E1214B9B6D0C221340E2
S3150800E67CFB60FB68042B1CD11D4BDA6880235B02FC
S3150800E68C134000D1C7E11A4BDB681B0A7F221340E3
S3150800E69CBB603B69BA685A43154BDB685B0C1F2198
S3150800E6AC0B40013319001000F4F730FD03007B61B1
S3150800E6BCB1E1FB68002B04D1FFF7C8F903007B61B5
S3150800E6CCA9E10B4B1A688023DB001A408023DB0078
S3150800E6DC9A4205D1FB68082B02D1064B7B619AE15D
S3150800E6ECFB680C2B00D096E1034B7B6193E1C0468B
S3150800E6FC001002400024F4000080BB00CC4B5A6D7D
S3150800E70CC0231B031340FB60FB68002B04D1FFF7E7
S3150800E71C29FA03007B6180E1C54B1B6E022213406C
S3150800E72C022B08D1FA688023DB029A4203D1FA231A
S3150800E73CDB017B6121E0BE4B1A688023DB001A40A3
S3150800E74C8023DB009A4207D1FA6880231B039A427E
S3150800E75C02D1B84B7B6110E0B54BDB6D022213403E
S3150800E76C022B00D059E1FA68C0231B039A4200D049
S3150800E77C53E180231B027B614FE14EE1AC4B5A6D92
S3150800E78CC0239B031340FB60FB68002B04D1FFF7E7
S3150800E79CE9F903007B6142E1A54B1B6E022213408B
S3150800E7AC022B08D1FA6880235B039A4203D1FA2319
S3150800E7BCDB017B6121E09E4B1A688023DB001A4043
S3150800E7CC8023DB009A4207D1FA6880239B039A427E
S3150800E7DC02D1984B7B6110E0954BDB6D02221340FE
S3150800E7EC022B00D01BE1FA68C0239B039A4200D087
S3150800E7FC15E180231B027B6111E110E18C4B5A6DEC
S3150800E80C8023DB031340FB60FA688023DB039A4200
S3150800E81C1CD1874BDA6880235B04134000D100E1D6
S3150800E82C834BDB681B0A7F221340BB603B69BA68C3
S3150800E83C5A437F4BDB685B0E07210B4001331900EB
S3150800E84C1000F4F763FC03007B61EAE0FB68002B1D
S3150800E85C00D0E6E0FFF786F903007B61E1E0744B34
S3150800E86C5A6D80235B041340FB60FA6880235B04B3
S3150800E87C9A421CD16E4BDA6880235B04134000D194
S3150800E88CD1E06B4BDB681B0A7F221340BB603B69EC
S3150800E89CBA685A43664BDB685B0E07210B4001339B
S3150800E8AC19001000F4F732FC03007B61BBE0FB682F
S3150800E8BC002B00D0B7E0FFF755F903007B61B2E0F7
S3150800E8CC5B4B9A6DC0239B011340FB60FA6880234F
S3150800E8DC9B019A421CD1564BDA6880235B04134081
S3150800E8EC00D1A2E0524BDB681B0A7F221340BB60A7
S3150800E8FC3B69BA685A434E4BDB685B0E07210B40E3
S3150800E90C013319001000F4F701FC03007B618CE05D
S3150800E91CFB68002B10D1464B1A6880231B041A403F
S3150800E92C80231B049A4200D07FE0FB68002B00D0A2
S3150800E93C7BE0414B7B6178E0FA6880235B019A4265
S3150800E94C00D072E03A4B1A6880239B021A40802347
S3150800E95C9B029A4200D068E0FA6880235B019A42CF
S3150800E96C00D062E0354B7B615FE0314B9A6DC0237A
S3150800E97C9B001340FB60FA6880235B009A421BD10C
S3150800E98C2B4BDA6880235B04134059D0284BDB6881
S3150800E99C1B0A7F221340BB603B69BA685A43244B57
S3150800E9ACDB685B0E07210B40013319001000F4F7E6
S3150800E9BCADFB03007B6143E0FB68002B04D1FFF73A
S3150800E9CCD1F803007B613BE0194B1A6880239B0244
S3150800E9DC1A4080239B029A4232D1FA6880239B0004
S3150800E9EC9A422DD1154B7B612AE0C04629E0C046D8
S3150800E9FC27E0C04625E0C04623E0C04621E0C046D5
S3150800EA0C1FE0C0461DE0C0461BE0C04619E0C046E4
S3150800EA1C17E0C04615E0C04613E0C04611E0C046F4
S3150800EA2C0FE0C0460DE0C0460BE0C04609E0C04604
S3150800EA3C001002400024F400006CDC0200127A007C
S3150800EA4CC0467B691800BD4606B080BD80B582B04D
S3150800EA5C00AF78607B68002B01D101234AE07B6804
S3150800EA6C3D229B5CDBB2002B07D17B683C22002144
S3150800EA7C99547B681800F9F79FF87B683D220221A8
S3150800EA8C99547B681A687B6804331900100000F0E7
S3150800EA9C5BFB7B684822012199547B683E22012145
S3150800EAAC99547B683F22012199547B6840220121A5
S3150800EABC99547B684122012199547B684222012191
S3150800EACC99547B684322012199547B68442201217D
S3150800EADC99547B684522012199547B684622012169
S3150800EAEC99547B684722012199547B683D22012160
S3150800EAFC995400231800BD4602B080BD80B582B07B
S3150800EB0C00AF78607B68002B01D101234AE07B6853
S3150800EB1C3D229B5CDBB2002B07D17B683C22002193
S3150800EB2C99547B68180000F041F87B683D22022155
S3150800EB3C99547B681A687B6804331900100000F036
S3150800EB4C03FB7B684822012199547B683E220121EC
S3150800EB5C99547B683F22012199547B6840220121F4
S3150800EB6C99547B684122012199547B6842220121E0
S3150800EB7C99547B684322012199547B6844220121CC
S3150800EB8C99547B684522012199547B6846220121B8
S3150800EB9C99547B684722012199547B683D220121AF
S3150800EBAC995400231800BD4602B080BD80B582B0CA
S3150800EBBC00AF7860C046BD4602B080BD80B584B053
S3150800EBCC00AF786039603B68002B08D17B683E2221
S3150800EBDC9B5CDBB2013B5A1E9341DBB237E03B68C8
S3150800EBEC042B08D17B683F229B5CDBB2013B5A1E87
S3150800EBFC9341DBB22BE03B68082B08D17B6840229B
S3150800EC0C9B5CDBB2013B5A1E9341DBB21FE03B68AF
S3150800EC1C0C2B08D17B6841229B5CDBB2013B5A1E4C
S3150800EC2C9341DBB213E03B68102B08D17B68422278
S3150800EC3C9B5CDBB2013B5A1E9341DBB207E07B6857
S3150800EC4C43229B5CDBB2013B5A1E9341DBB2002B81
S3150800EC5C01D0012390E03B68002B04D17B683E224F
S3150800EC6C0221995423E03B68042B04D17B683F228C
S3150800EC7C022199541BE03B68082B04D17B6840227F
S3150800EC8C0221995413E03B680C2B04D17B68412272
S3150800EC9C022199540BE03B68102B04D17B68422265
S3150800ECAC0221995403E07B684322022199547B681C
S3150800ECBC1B6839680122180000F03EFE7B681B6849
S3150800ECCC2F4A93420ED07B681B682E4A934209D072
S3150800ECDC7B681B682C4A934204D07B681B682B4ABA
S3150800ECEC934201D1012300E00023002B08D07B6856
S3150800ECFC1B685A6C7B681B68802109020A435A6494
S3150800ED0C7B681B681E4A934214D07B681A6880235A
S3150800ED1CDB059A420ED07B681B681D4A934209D0C4
S3150800ED2C7B681B681B4A934204D07B681B68154A90
S3150800ED3C934216D17B681B689B68174A1340FB6085
S3150800ED4CFB68062B16D0FA6880235B029A4211D010
S3150800ED5C7B681B681A687B681B6801210A431A6062
S3150800ED6C08E07B681B681A687B681B6801210A43E4
S3150800ED7C1A6000E0C04600231800BD4604B080BDEA
S3150800ED8C002C01400040014000440140004801406D
S3150800ED9C00040040000800400700010080B586B05A
S3150800EDAC00AFF860B9607A601723FB1800221A7056
S3150800EDBCFB683C229B5C012B01D10223E5E0FB6836
S3150800EDCC3C22012199547B68142B00D9D1E07B682D
S3150800EDDC9A00704BD3181B689F46FB681B68BA6869
S3150800EDEC1100180000F048FAFB681B689A69FB6862
S3150800EDFC1B6808210A439A61FB681B689A69FB68B9
S3150800EE0C1B6804218A439A61FB681B689969BB686D
S3150800EE1C1A69FB681B680A439A61AFE0FB681B68B2
S3150800EE2CBA681100180000F0B1FAFB681B689A69F9
S3150800EE3CFB681B68802109010A439A61FB681B68F9
S3150800EE4C9A69FB681B6854490A409A61FB681B68F7
S3150800EE5C9969BB681B691A02FB681B680A439A61A5
S3150800EE6C8CE0FB681B68BA681100180000F012FBEE
S3150800EE7CFB681B68DA69FB681B6808210A43DA61B8
S3150800EE8CFB681B68DA69FB681B6804218A43DA612C
S3150800EE9CFB681B68D969BB681A69FB681B680A4357
S3150800EEACDA616BE0FB681B68BA681100180000F0A1
S3150800EEBC79FBFB681B68DA69FB681B68802109010A
S3150800EECC0A43DA61FB681B68DA69FB681B68324916
S3150800EEDC0A40DA61FB681B68D969BB681B691A02A8
S3150800EEECFB681B680A43DA6148E0FB681B68BA686A
S3150800EEFC1100180000F0C0FBFB681B685A6DFB6814
S3150800EF0C1B6808210A435A65FB681B685A6DFB681F
S3150800EF1C1B6804218A435A65FB681B68596DBB68D4
S3150800EF2C1A69FB681B680A435A6527E0FB681B6865
S3150800EF3CBA681100180000F0FFFBFB681B685A6DD5
S3150800EF4CFB681B68802109010A435A65FB681B6824
S3150800EF5C5A6DFB681B6810490A405A65FB681B68A2
S3150800EF6C596DBB681B691A02FB681B680A435A650C
S3150800EF7C04E01723FB1801221A70C046FB683C22D2
S3150800EF8C002199541723FB181B781800BD4606B0A8
S3150800EF9C80BDC04664120108FFFBFFFF80B584B034
S3150800EFAC00AF786039600F23FB1800221A707B6853
S3150800EFBC3C229B5C012B01D10223BCE07B683C22E2
S3150800EFCC012199547B683D22022199547B681B6860
S3150800EFDC9B68BB60BB685A4A1340BB60BB68594AFE
S3150800EFEC1340BB607B681B68BA689A603B681B68F1
S3150800EFFC80229201934240D080229201934200D9FA
S3150800F00C88E080225201934200D188E08022520186
S3150800F01C934200D97EE0702B18D000D97AE0602B89
S3150800F02C4FD000D976E0502B3BD000D972E0402B5C
S3150800F03C57D000D96EE0302B63D06BD8202B60D01C
S3150800F04C68D8002B5DD0102B5BD063E07B68186802
S3150800F05C3B6899683B685A683B68DB6800F04CFC6F
S3150800F06C7B681B689B68BB60BB6877221343BB60D5
S3150800F07C7B681B68BA689A6052E07B6818683B68BC
S3150800F08C99683B685A683B68DB6800F035FC7B6816
S3150800F09C1B689A687B681B688021C9010A439A60B9
S3150800F0AC3EE07B6818683B6859683B68DB681A0061
S3150800F0BC00F0A6FB7B681B685021180000F000FCCA
S3150800F0CC2EE07B6818683B6859683B68DB681A0051
S3150800F0DC00F0C4FB7B681B686021180000F0F0FB8D
S3150800F0EC1EE07B6818683B6859683B68DB681A0041
S3150800F0FC00F086FB7B681B684021180000F0E0FBDB
S3150800F10C0EE07B681A683B681B681900100000F053
S3150800F11CD7FB05E00F23FB1801221A7000E0C04646
S3150800F12C7B683D22012199547B683C220021995425
S3150800F13C0F23FB181B781800BD4604B080BDC046CB
S3150800F14C88FFCEFFFF00FFFF80B584B000AF786064
S3150800F15C39607B681B68FB607B683F4A93420CD01E
S3150800F16C7A688023DB059A4207D07B683B4A934230
S3150800F17C03D07B683A4A934208D1FB6870229343C2
S3150800F18CFB603B685B68FA681343FB607B68324A32
S3150800F19C93421CD07A688023DB059A4217D07B6889
S3150800F1AC2E4A934213D07B682D4A93420FD07B6824
S3150800F1BC2C4A93420BD07B682B4A934207D07B6828
S3150800F1CC2A4A934203D07B68294A934208D1FB68A2
S3150800F1DC284A1340FB603B68DB68FA681343FB60FC
S3150800F1ECFB68802293431A003B685B691343FB60F8
S3150800F1FC7B68FA681A603B689A687B68DA623B68CF
S3150800F20C1A687B689A627B68134A93420BD07B68B0
S3150800F21C154A934207D07B68144A934203D07B68FD
S3150800F22C134A934203D13B681A697B681A637B6855
S3150800F23C01225A617B681B6901221340012B06D1F6
S3150800F24C7B681B69012293431A007B681A61C046C6
S3150800F25CBD4604B080BDC046002C014000040040E9
S3150800F26C00080040002000400040014000440140D6
S3150800F27C00480140FFFCFFFF80B586B000AF786000
S3150800F28C39607B681B6A7B617B681B6A0122934326
S3150800F29C1A007B681A627B685B683B617B689B69B2
S3150800F2ACFB60FB68324A1340FB60FB6803229343FE
S3150800F2BCFB603B681B68FA681343FB607B69022298
S3150800F2CC93437B613B689B687A6913437B617B68D4
S3150800F2DC284A93420BD07B68274A934207D07B680F
S3150800F2EC264A934203D07B68254A93420CD17B6904
S3150800F2FC082293437B613B68DB687A6913437B611D
S3150800F30C7B69042293437B617B681A4A93420BD030
S3150800F31C7B68194A934207D07B68184A934203D0F4
S3150800F32C7B68174A934211D13B69164A13403B61D5
S3150800F33C3B69154A13403B613B685B693A69134361
S3150800F34C3B613B689B693A6913433B617B683A6945
S3150800F35C5A607B68FA689A613B685A687B685A6394
S3150800F36C7B687A691A62C046BD4606B080BDC0463F
S3150800F37C8FFFFEFF002C0140004001400044014075
S3150800F38C00480140FFFEFFFFFFFDFFFF80B586B07A
S3150800F39C00AF786039607B681B6A7B617B681B6A87
S3150800F3AC102293431A007B681A627B685B683B6180
S3150800F3BC7B689B69FB60FB682E4A1340FB60FB6805
S3150800F3CC2D4A1340FB603B681B681B02FA68134303
S3150800F3DCFB607B69202293437B613B689B681B011E
S3150800F3EC7A6913437B617B68244A93420DD17B6906
S3150800F3FC802293437B613B68DB681B017A69134364
S3150800F40C7B617B69402293437B617B681B4A9342F1
S3150800F41C0BD07B681A4A934207D07B68194A9342E9
S3150800F42C03D07B68184A934213D13B69174A134099
S3150800F43C3B613B69164A13403B613B685B699B0021
S3150800F44C3A6913433B613B689B699B003A691343D2
S3150800F45C3B617B683A695A607B68FA689A613B68D3
S3150800F46C5A687B689A637B687A691A62C046BD4695
S3150800F47C06B080BDFF8FFFFEFFFCFFFF002C01408E
S3150800F48C004001400044014000480140FFFBFFFFDB
S3150800F49CFFF7FFFF80B586B000AF786039607B68F0
S3150800F4AC1B6A7B617B681B6A334A1A407B681A6243
S3150800F4BC7B685B683B617B68DB69FB60FB682F4A92
S3150800F4CC1340FB60FB6803229343FB603B681B6895
S3150800F4DCFA681343FB607B69294A13407B613B68D6
S3150800F4EC9B681B027A6913437B617B68254A9342A6
S3150800F4FC0DD17B69244A13407B613B68DB681B0290
S3150800F50C7A6913437B617B69204A13407B617B686C
S3150800F51C1C4A93420BD07B681D4A934207D07B68E2
S3150800F52C1C4A934203D07B681B4A934213D13B690E
S3150800F53C1A4A13403B613B69194A13403B613B68C5
S3150800F54C5B691B013A6913433B613B689B691B0169
S3150800F55C3A6913433B617B683A695A607B68FA6877
S3150800F56CDA613B685A687B68DA637B687A691A627F
S3150800F57CC046BD4606B080BDFFFEFFFF8FFFFEFFEF
S3150800F58CFFFDFFFF002C0140FFF7FFFFFFFBFFFF0E
S3150800F59C004001400044014000480140FFEFFFFFD6
S3150800F5ACFFDFFFFF80B586B000AF786039607B68F7
S3150800F5BC1B6A3B617B681B6A264A1A407B681A627F
S3150800F5CC7B685B687B617B68DB69FB60FB68224A4E
S3150800F5DC1340FB60FB68214A1340FB603B681B68C1
S3150800F5EC1B02FA681343FB603B691D4A13403B61D7
S3150800F5FC3B689B681B033A6913433B617B68194A52
S3150800F60C93420BD07B68184A934207D07B68174AFB
S3150800F61C934203D07B68164A934209D17B69154AF3
S3150800F62C13407B613B685B699B017A6913437B6179
S3150800F63C7B687A695A607B68FA68DA613B685A684B
S3150800F64C7B681A647B683A691A62C046BD4606B07E
S3150800F65C80BDC046FFEFFFFFFF8FFFFEFFFCFFFFDD
S3150800F66CFFDFFFFF002C0140004001400044014031
S3150800F67C00480140FFBFFFFF80B586B000AF786039
S3150800F68C39607B681B6A3B617B681B6A234A1A4094
S3150800F69C7B681A627B685B687B617B685B6DFB6069
S3150800F6ACFB681F4A1340FB603B681B68FA681343E8
S3150800F6BCFB603B691B4A13403B613B689B681B0418
S3150800F6CC3A6913433B617B68174A93420BD07B68B4
S3150800F6DC164A934207D07B68154A934203D07B6837
S3150800F6EC144A934209D17B690C4A13407B613B68E7
S3150800F6FC5B691B027A6913437B617B687A695A607A
S3150800F70C7B68FA685A653B685A687B689A657B68B1
S3150800F71C3A691A62C046BD4606B080BDFFFFFEFFB9
S3150800F72C8FFFFEFFFFFFFDFF002C0140004001404C
S3150800F73C004401400048014080B586B000AF7860AF
S3150800F74C39607B681B6A3B617B681B6A244A1A40D2
S3150800F75C7B681A627B685B687B617B685B6DFB60A8
S3150800F76CFB68204A1340FB603B681B681B02FA685F
S3150800F77C1343FB603B691C4A13403B613B689B681F
S3150800F78C1B053A6913433B617B68184A93420BD0B5
S3150800F79C7B68174A934207D07B68164A934203D074
S3150800F7AC7B68154A934209D17B69144A13407B61DD
S3150800F7BC3B685B699B027A6913437B617B687A6950
S3150800F7CC5A607B68FA685A653B685A687B68DA65DA
S3150800F7DC7B683A691A62C046BD4606B080BDC0460B
S3150800F7ECFFFFEFFFFF8FFFFEFFFFDFFF002C01403F
S3150800F7FC004001400044014000480140FFFFFBFF68
S3150800F80C80B586B000AFF860B9607A60FB681B6A91
S3150800F81C7B61FB681B6A012293431A00FB681A6218
S3150800F82CFB689B693B613B69F02293433B617B68B0
S3150800F83C1B013A6913433B617B690A2293437B613B
S3150800F84C7A69BB6813437B61FB683A699A61FB6802
S3150800F85C7A691A62C046BD4606B080BD80B586B0C8
S3150800F86C00AFF860B9607A60FB681B6A7B61FB685D
S3150800F87C1B6A102293431A00FB681A62FB689B6981
S3150800F88C3B613B690D4A13403B617B681B033A6934
S3150800F89C13433B617B69A02293437B61BB681B01C5
S3150800F8AC7A6913437B61FB683A699A61FB687A69E2
S3150800F8BC1A62C046BD4606B080BDC046FF0FFFFFA4
S3150800F8CC80B584B000AF786039607B689B68FB6054
S3150800F8DCFB68084A1340FB603A68FB681343072227
S3150800F8EC1343FB607B68FA689A60C046BD4604B051
S3150800F8FC80BDC0468FFFCFFF80B586B000AFF860DD
S3150800F90CB9607A603B60FB689B687B617B69094AD6
S3150800F91C13407B613B681A027B681A43BB68134326
S3150800F92C7A6913437B61FB687A699A60C046BD465F
S3150800F93C06B080BDFF00FFFF80B586B000AFF8604B
S3150800F94CB9607A60BB681F22134001229A401300E3
S3150800F95C7B61FB681B6A7A69D2431A40FB681A6298
S3150800F96CFB681A6ABB681F210B40796899400B0023
S3150800F97C1A43FB681A62C046BD4606B080BD000035
S3150800F98C80B584B000AF786039607B683C229B5C9C
S3150800F99C012B01D102235AE07B683C2201219954A0
S3150800F9AC7B683D22022199547B681B685B68FB6067
S3150800F9BC7B681B689B68BB607B681B68264A9342FE
S3150800F9CC08D1FB68254A1340FB603B685B68FA68FC
S3150800F9DC1343FB60FB6870229343FB603B681B6810
S3150800F9ECFA681343FB607B681B68FA685A607B6885
S3150800F9FC1B68194A934214D07B681A688023DB0566
S3150800FA0C9A420ED07B681B68154A934209D07B68CC
S3150800FA1C1B68144A934204D07B681B68124A9342AB
S3150800FA2C0CD1BB6880229343BB603B689B68BA6861
S3150800FA3C1343BB607B681B68BA689A607B683D2277
S3150800FA4C012199547B683C22002199540023180003
S3150800FA5CBD4604B080BDC046002C0140FFFF0FFF19
S3150800FA6C00040040000800400040014080B584B006
S3150800FA7C00AF786039600023FB607B683C229B5C96
S3150800FA8C012B01D102236FE07B683C22012199549A
S3150800FA9CFB68FF2293431A003B68DB681343FB6041
S3150800FAACFB68334A1A403B689B681343FB60FB6848
S3150800FABC304A1A403B685B681343FB60FB682E4A66
S3150800FACC1A403B681B681343FB60FB682B4A1A40B9
S3150800FADC3B681B691343FB60FB68294A1A403B6861
S3150800FAEC5B691343FB60FB68264A1A403B681B6B31
S3150800FAFC1343FB60FB68244A1A403B689B691B044A
S3150800FB0C1343FB60FB68214A1A403B68DB691343C5
S3150800FB1CFB607B681B681E4A93421CD1FB681D4A16
S3150800FB2C1A403B689B6A1B051343FB60FB681A4A21
S3150800FB3C1A403B681B6A1343FB60FB68174A1A405A
S3150800FB4C3B685B6A1343FB60FB68154A1A403B68C3
S3150800FB5CDB6A1343FB607B681B68FA685A647B682C
S3150800FB6C3C220021995400231800BD4604B080BDE0
S3150800FB7CFFFCFFFFFFFBFFFFFFF7FFFFFFEFFFFF9A
S3150800FB8CFFDFFFFFFFBFFFFFFFFFF0FFFFFFFFEFEA
S3150800FB9C002C0140FFFF0FFFFFFFFFFEFFFFFFFDDD
S3150800FBACFFFFFFDF0CB430B5174B0C001D689DB07A
S3150800FBBC002908DA8B2301202B6040421DB030BC8B
S3150800FBCC08BC02B01847822302A99B008B8100232C
S3150800FBDC02904B6608619C4200D0631E8B604B6199
S3150800FBEC01235B42CB81280021AB209A019300F0BC
S3150800FBFCA1F9431C01DA8B232B60002CDED00022E2
S3150800FC0C029B1A70DAE7C046A80000200300821887
S3150800FC1C934200D1704719700133F9E7014B186804
S3150800FC2C7047C046A800002070B500260C4C0D4D38
S3150800FC3C641BA410A64209D1002600F0D7FD0A4C75
S3150800FC4C0A4D641BA410A64205D170BDB300EB582F
S3150800FC5C98470136EEE7B300EB5898470136F2E7BA
S3150800FC6CF0120108F0120108F4120108F01201084A
S3150800FC7C7047704770B505000C1E10D0043C2368FD
S3150800FC8C002B00DAE418280000F0E0F81D4A136887
S3150800FC9C002B05D163601460280000F0DFF870BDF6
S3150800FCACA34208D9206821188B42F3D119685B68DE
S3150800FCBC09182160EEE71A005B68002B01D0A342F5
S3150800FCCCF9D911685018A0420BD120680918501898
S3150800FCDC11608342E0D118685B6841181160536063
S3150800FCECDAE7A04202D90C232B60D5E72068211845
S3150800FCFC8B4203D119685B680918216063605460EC
S3150800FD0CCAE7C046200A002070B50F4E0D003168B0
S3150800FD1C0400002902D100F095FB30602900200070
S3150800FD2C00F090FB431C03D101256D42280070BDE1
S3150800FD3C0323C51C9D43A842F8D0291A200000F0BD
S3150800FD4C81FB0130F2D1EFE71C0A0020F7B503223C
S3150800FD5CCB1C9343083305001F000C2B34D20C27FD
S3150800FD6CB94233D8280000F071F8374E33681C00B6
S3150800FD7C002C2FD139002800FFF7C6FF0400431CBE
S3150800FD8C5FD134680094009B002B4AD1002C52D0CA
S3150800FD9C23682800E3180099019300F053FB019B94
S3150800FDAC834248D123682800FF1A3900FFF7ACFFB5
S3150800FDBC013040D02368DB19236033685A68002A5F
S3150800FDCC33D1009B336019E0002BC9DA0C232B6066
S3150800FDDC0020FEBD2168C91B20D40B290AD9E219BB
S3150800FDEC2760A34204D1326063681160536005E052
S3150800FDFC5A60F9E76268A3420ED13260280000F017
S3150800FE0C2DF8200007220B30231D9043C21A984266
S3150800FE1CDFD01B1AA350DCE75A60EFE723006468AF
S3150800FE2CA6E7009C63680093ADE71A005B68A342DB
S3150800FE3CFBD10023DAE70C2328002B6000F00EF820
S3150800FE4CC6E70760DAE7C046200A002010B5024864
S3150800FE5CFFF70EFF10BDC046180A002010B5024861
S3150800FE6CFFF707FF10BDC046180A0020F0B58E68CC
S3150800FE7C85B01F000C00330002900392BE4254D882
S3150800FE8C0C22885E9022D20010422CD003220969DB
S3150800FE9C23685B1A019363695343019ADD0FED18C6
S3150800FEAC7B1C6D109B182A00AB4201D91D001A0049
S3150800FEBC400527D511000298FFF748FF061E2AD0E1
S3150800FECC019A216900F0DBFAA289194B1A408023A2
S3150800FEDC1343A381019B2661F618266065613E00D3
S3150800FEECED1A3B00A5601F003A000399206800F044
S3150800FEFC97FA0020A3689B1BA3602368DB19236071
S3150800FF0C05B0F0BD029800F0C3FA061EE2D12169CD
S3150800FF1C0298FFF7AFFE0C230120029A40421360A9
S3150800FF2CA28934331343A381EAE73E00DCE7C046D3
S3150800FF3C7FFBFFFFF0B59FB002901D008B890F0069
S3150800FF4C16001B0612D50B69002B0FD14021FFF7A3
S3150800FF5CFDFE38603861002806D10C23029A13601E
S3150800FF6C012040421FB0F0BD40237B61002306AC44
S3150800FF7C6361203363761033A376059535002B78A9
S3150800FF8C002B01D0252B48D1AB1B0393B5420BD0C4
S3150800FF9C320039000298FFF769FF013000D1AAE058
S3150800FFAC6369039A9B1863612B78002B00D1A2E036
S3150800FFBC0122532100235242626002AA52186E1C77
S3150800FFCC2360E360A3601370A365524B05221800E7
S3150800FFDC3178039300F048FA751C226800281ED164
S3150800FFECD30604D5202302A9533009180B7013071E
S3150800FFFC04D553202B2302A909180B7033782A2B06
S3150801000C15D0350000210A20E3682A786E1C303A8F
S3150801001C092A4ED9002910D116E00135AFE7039B01
S3150801002C2E00C01A0123834013432360CDE7059B99
S3150801003C191D1B680591002B01DBE36004E05B428B
S3150801004CE3600223134323602B782E2B0CD16B7898
S3150801005C2A2B33D1059B02351A1D1B680592002BD9
S3150801006C01DA01235B4263602B4E032230002978A7
S3150801007C00F0FAF9002806D04023801B8340226839
S3150801008C0135134323602978062224486E1C2176F0
S3150801009C00F0EAF9002834D02148002821D107229A
S315080100AC059B073393430833059363691B186361EF
S315080100BC64E74343350001219B18A6E700230A2070
S315080100CC1900013563602A786E1C303A092A03D95E
S315080100DC002BC9D06160C7E7414335000123891854
S315080100ECF1E705AA009221003A000E4B029800E0AE
S315080100FC00BF431CD9D1BB895B0600D530E76069C3
S3150801010C30E705AA009221003A00064B029800F046
S3150801011C7BF8EEE7B8120108BE120108C2120108F3
S3150801012C0000000079FE0008F7B5160001938A68ED
S3150801013C0B690C000090934200DA1300220033601D
S3150801014C43321278002A01D00133336023689B06A7
S3150801015C02D53368023333602268062315001D4025
S3150801016C1A4227D0230043331B785A1E934122681F
S3150801017C920630D4220001990098089D4332A8476B
S3150801018C013025D00622236800251340042B05D1FE
S3150801019C3368E568ED1AEB43DB171D40A368226942
S315080101AC934201DD9B1AED180026B54220D1002099
S315080101BC10E00135E36832689B1AAB42D2DD2200A6
S315080101CC012301990098089F1932B8470130F0D1DB
S315080101DC01204042FEBD3020E11843310870210050
S315080101EC5A1C45310978A218433202331170C1E7FA
S315080101FC2200012301990098089F1A32B847013049
S3150801020CE6D00136D1E70000F0B58BB006920A00AC
S3150801021C43320793059003920A7E0C00109B782AA9
S3150801022C09D8622A0BD8002A00D1BBE07A49049175
S3150801023C582A00D18FE0250042352A7022E0100099
S3150801024C63381528F7D8F2F757FF16001F00F6FF83
S3150801025CF6FFF6FFF6FF1F00F6FFF6FFF6FFF6FFB1
S3150801026CA00036007F00F6FFF6FFB100F6FF360058
S3150801027CF6FFF6FF830025001A684235111D196031
S3150801028C13682B7001239FE018680968021D0D0677
S3150801029C0BD506681A60002E03DA2D23039A7642CB
S315080102AC13705D4B0A27049319E006681A60490610
S315080102BCF1D536B2EFE71A68096840CA080602D4BE
S315080102CC490600D5B6B21A60237E534A0A27049208
S315080102DC6F2B00D1023F2300002243331A70636847
S315080102ECA360002B06DB04212268039D8A43226046
S315080102FC33430CD0039D30003900F2F78DFF049B74
S3150801030C013D5B5C2B70330006009F42F3D9082F25
S3150801031C09D12368DB0706D5626823699A4202DC90
S3150801032C3023013D2B70039B5B1B2361079B21002B
S3150801033C00930598069B09AAFFF7F6FE013048D1EA
S3150801034C012040420BB0F0BD202209680A43226005
S3150801035C782232490491210045310A7019682268BC
S3150801036C40C9100602D4500600D5B6B21960D30797
S3150801037C02D5202313432360002E01D01027AAE7A8
S3150801038C2022236893432360F8E71A680D68101D29
S3150801039C4969186013682E0601D5196002E06D06C5
S315080103ACFBD519800023039D2361BFE71A68111D2C
S315080103BC1960156800212800626800F055F80028B4
S315080103CC01D0401B6060636823610023039A137094
S315080103DCACE72A00236906990598079DA8470130B9
S315080103ECAED023689B0715D4099BE0689842A9DA15
S315080103FC1800A7E72200012306990598079E1932CA
S3150801040CB04701309CD00135E368099A9B1AAB4277
S3150801041CF0DCE9E70025F7E7C9120108DA12010849
S3150801042C10B5884202D98B18984208D300239A42F0
S3150801043C07D0CC5CC4540133F9E78B5C8354013A7D
S3150801044CFBD210BD002370B5064D040008002B60C5
S3150801045CF7F76AFC431C03D12B68002B00D02360E9
S3150801046C70BDC046140A0020C9B28218904201D147
S3150801047C0020704703788B42FBD00130F6E7002346
S3150801048C10B59A4200D110BDCC5CC4540133F8E7BF
S3150801049CF7B506000C001500002905D11100FFF768
S315080104AC55FC04002000FEBD002A03D1FFF7E2FB30
S315080104BC2C00F7E700F01CF80700854202D8430820
S315080104CCAB42EFD329003000FFF740FC019000281E
S315080104DC01D1019CE6E72A00BD4200D93A00210068
S315080104EC0198FFF7CCFF21003000FFF7C3FBF0E7BB
S315080104FC0B1F1B68181F002B01DA0B58C018704705
S3150801050C70B5041C00F02CF8211C051C201CF3F7F3
S3150801051C4BFE002810D10021201CF2F7A9FE002859
S3150801052C0AD10021201CF2F789FE002806D0FFF714
S3150801053C75FB2223064D0360281C70BDFFF76EFB65
S3150801054C21230360034800F007F8051CF4E7C046AD
S3150801055C000080FFEC120108004870470000C07FBC
S3150801056CF8B5DE4657464E4645464200E0B5002AE2
S3150801057C46D0021E4FDBFF21C905884200DBC6E0C7
S3150801058C802300211B04984206DA9821C905F3F742
S3150801059C77FA192102004942D3157F3B5B18802152
S315080105AC5202540A834AFE200904A2180A40FE2163
S315080105BC80055040D61520438905F618F3F7B2FB8A
S315080105CC22007D4B0F32051C1A422BD10021F2F762
S315080105DC35FE002800D19EE00020002E15D03000F3
S315080105ECF3F718FE7549041CF3F74AFA7449051C06
S315080105FC201CF3F745FA011C281CF2F765FE04E0EA
S3150801060CCC2000210006F3F76DF8F0BCBB46B246C8
S3150801061CA946A046F8BD011CF3F784FB0021F3F7A4
S3150801062C61F8F2E78021C905F2F74EFE011C281C78
S3150801063CF3F758F880463000F3F7ECFD414681464E
S3150801064C4046F3F71DFA5F4B011C9A468346F3F7AE
S3150801065C17FA5D49071CF3F713FA5C49F2F734FEEE
S3150801066C391CF3F70DFA5A49F2F72EFE391CF3F732
S3150801067C07FA5849F2F728FE5946F3F701FA56498B
S3150801068C8346381CF3F7FCF95449F2F71DFE391C5D
S3150801069CF3F7F6F95249F2F717FE391CF3F7F0F9A5
S315080106ACA244011C5846F2F70FFE52464D4B071C45
S315080106BC1B1B1343002B48DDFC21281C8905F3F76A
S315080106CCDFF9291CF3F7DCF9011C041C381CF2F7B9
S315080106DCFBFD4146F3F7D4F9071C002E49D03749DF
S315080106EC4846F3F7CDF93649061C4846F3F7C8F9D7
S315080106FC391CF2F7E9FD011C201CF3F713FB291C25
S3150801070CF3F710FB011C301CF3F70CFB7DE7011CFE
S3150801071CF2F7DAFD79E73449281CF3F7B1F9011C2C
S3150801072CFC208005F3F7FEFA291C041C281CF3F798
S3150801073CA7F9011C201CF3F7A3F9041C002E21D1DF
S3150801074C211C281CF3F7EEFA5FE7011C281CF3F7AA
S3150801075CE9FA4146F3F794F9041C002EF0D0484601
S3150801076C1649F3F78DF91649061C4846F3F788F925
S3150801077CC1E7011C201CF3F7D5FA011C281CF3F759
S3150801078CD1FA42E73000F3F745FD0C49061CF3F79D
S3150801079C77F90B49071C301CF3F772F9011C201C5D
S315080107ACF3F7C0FA291CF3F7BDFA011C381CF3F749
S315080107BCB9FA2AE720FB4A00F0FF7F008071313F26
S315080107CCD1F71737305CCFFF9788173E25333A3E5A
S315080107DC2549923EABAA2A3F4FD01C3E298E633E31
S315080107ECCDCCCC3E88C23500ABAAAA3EF8B5C046DC
S315080107FCF8BC08BC9E467047F8B5C046F8BC08BCA0
S3090801080C9E4670473E
S31508010810252D3138730000002D25642E256400002E
S3150801082025642E2564000000494E49540000000045
S3150801083052554E2000000000464C5421000000008D
S315080108405354425900000000415558004C45440094
S315080108504452560043415000534243003F3F3F3FF5
S315080108600000000053543A252D3473204552523A5C
S3150801087030782530345800005632343A252D3573F0
S315080108800000000056433A252D3573005631323A99
S31508010890252D35730000000020543A252D357300A7
S315080108A04241543A253464204341503A2534640080
S315080108B04452563A253464205342433A2534640057
S315080108C04155583A253464204C45443A2534640048
S315080108D05241494C0000000050470000464C540064
S315080108E04F4300002D2D4641554C54204445544153
S315080108F0494C2D2D2D2D000020204E4F20414354CB
S31508010900495645204641554C545300002020202085
S315080109102020202020202020202020202020000008
S315080109205556203A00000000563234002020200097
S3150801093056435000563132004F43203A000000001A
S315080109402020202000000000464C543A00000000F8
S315080109504F564800504F5745525354414745204931
S315080109604E49540086380008B23700089C370008FB
S31508010970183800089C3700084C3800089C370008CE
S3150801098018380008B2370008B23700084C38000892
S31508010990183800088837000888370008883700089B
S315080109A056380008B2370008B23700089C370008E5
S315080109B0F23800089C3700084C3800089C370008B4
S315080109C0F2380008B2370008B23700084C38000878
S315080109D0F238000888370008883700088837000881
S315080109E000000000000000000000000000000000F8
S315080109F00000000000100010001000100010001088
S31508010A00000000100000000000280028002800004F
S31508010A10000000000000000000000000002400247F
S31508010A20007C00240048007C0048004800000000C3
S31508010A30003800540050003800140054005400389F
S31508010A40001000000020005400580030002800540F
S31508010A5000140008000000000010002800280010FB
S31508010A60003400480048003400000000001000105F
S31508010A700010000000000000000000000000000057
S31508010A80000800100020002000200020002000207F
S31508010A9000100008002000100008000800080008DF
S31508010AA00008000800100020001000380010002877
S31508010AB00000000000000000000000000000000027
S31508010AC000100010007C001000100000000000005B
S31508010AD000000000000000000000000000000010F7
S31508010AE0001000100000000000000000000000389F
S31508010AF000000000000000000000000000000000E7
S31508010B0000000000000000100000000000080008B6
S31508010B100010001000100010002000200000000046
S31508010B20003800440044005400440044004400389E
S31508010B3000000000001000300050001000100010E6
S31508010B4000100010000000000038004400440004B2
S31508010B50000800100020007C000000000038004456
S31508010B6000040018000400040044003800000000D6
S31508010B7000080018002800280048007C0008000822
S31508010B8000000000007C00400040007800040004DA
S31508010B900044003800000000003800440040007896
S31508010BA0004400440044003800000000007C0004B2
S31508010BB0000800100010002000200020000000009E
S31508010BC0003800440044003800440044004400381A
S31508010BD0000000000038004400440044003C0004C2
S31508010BE0004400380000000000000000001000006A
S31508010BF000000000000000100000000000000000D6
S31508010C000000001000000000000000100010001095
S31508010C1000000000000C003000400030000C00000D
S31508010C2000000000000000000000007C0000007CBD
S31508010C30000000000000000000000000006000182D
S31508010C40000400180060000000000000003800449D
S31508010C500004000800100010000000100000000049
S31508010C6000380044004C0054005C00400040003845
S31508010C700000000000100028002800280028007C39
S31508010C800044004400000000007800440044007855
S31508010C900044004400440078000000000038004485
S31508010CA000400040004000400044003800000000B9
S31508010CB000700048004400440044004400480070A5
S31508010CC000000000007C00400040007C004000401D
S31508010CD00040007C00000000007C004000400078D5
S31508010CE00040004000400040000000000038004479
S31508010CF000400040005C0044004400380000000049
S31508010D00004400440044007C00440044004400447C
S31508010D10000000000038001000100010001000103C
S31508010D20001000380000000000040004000400045C
S31508010D300004000400440038000000000044004894
S31508010D4000500060005000480048004400000000C0
S31508010D500040004000400040004000400040007C48
S31508010D60000000000044006C006C0054004400447C
S31508010D70004400440000000000440064006400547C
S31508010D800054004C004C00440000000000380044A8
S31508010D9000440044004400440044003800000000B8
S31508010DA000780044004400440078004000400040B8
S31508010DB00000000000380044004400440044004498
S31508010DC00054003800040000007800440044004440
S31508010DD0007800480048004400000000003800443C
S31508010DE000400030000800040044003800000000FC
S31508010DF0007C0010001000100010001000100010F8
S31508010E00000000000044004400440044004400443B
S31508010E100044003800000000004400440044002853
S31508010E2000280028001000100000000000440044BB
S31508010E30005400540054006C0028002800000000EB
S31508010E40004400280028001000100028002800444B
S31508010E50000000000044004400280028001000108B
S31508010E600010001000000000007C000400080010BB
S31508010E70001000200040007C00000000001800104F
S31508010E8000100010001000100010001000100018CB
S31508010E9000200020001000100010001000080008B3
S31508010EA000000000003000100010001000100010B3
S31508010EB0001000100010003000100028002800441F
S31508010EC00000000000000000000000000000000013
S31508010ED0000000000000000000000000000000FE05
S31508010EE000200010000000000000000000000000C3
S31508010EF0000000000000000000380044003C0044E7
S31508010F00004C003400000000004000400058006416
S31508010F10004400440064005800000000000000007E
S31508010F20003800440040004000440038000000003A
S31508010F30000400040034004C00440044004C003412
S31508010F40000000000000000000380044007C00405A
S31508010F500044003800000000000C0010007C00105E
S31508010F600010001000100010000000000000000032
S31508010F700034004C00440044004C0034000400785E
S31508010F800040004000580064004400440044004406
S31508010F900000000000100000007000100010001092
S31508010FA00010001000000000001000000070001082
S31508010FB00010001000100010001000E00040004072
S31508010FC0004800500060005000480044000000003E
S31508010FD00070001000100010001000100010001022
S31508010FE0000000000000000000780054005400547E
S31508010FF0005400540000000000000000005800647E
S3150801100000440044004400440000000000000000C1
S315080110100038004400440044004400380000000041
S3150801102000000000005800640044004400640058B1
S3150801103000400040000000000034004C0044004419
S31508011040004C00340004000400000000005800644D
S315080110500040004000400040000000000000000081
S315080110600038004400300008004400380000000041
S315080110700020002000780020002000200020001811
S315080110800000000000000000004400440044004441
S31508011090004C003400000000000000000044004439
S315080110A000280028002800100000000000000000A9
S315080110B0005400540054006C002800280000000069
S315080110C00000000000440028001000100028004419
S315080110D00000000000000000004400440028002829
S315080110E0001000100010006000000000007C0008DD
S315080110F0001000200040007C0000000000180010CD
S315080111000010001000200020001000100010001828
S315080111100010001000100010001000100010001040
S315080111200010001000300010001000100008000820
S3150801113000100010001000300000000000000074CC
S31508011140004C000000000000000000000000000044
S315080111500000000000000000000000000000000080
S31508011160000000000000000000000000010000006F
S315080111700200000003000000040000000600000051
S315080111800700000008000000090000000000000038
S31508011190000000000000000000000000010000003F
S315080111A002000000030000000400000028080108EE
S315080111B030080108380801084008010848080108EC
S315080111C04C08010850080108540801085808010884
S315080111D00001020304050607080C10141820304004
S315080111E0F6E900083AE20008ACE20008F6E9000868
S315080111F01EE30008F6E90008F6E90008F6E9000822
S31508011200F6E90008F6E90008F6E90008F6E9000833
S31508011210F6E90008F6E90008F6E90008F6E9000823
S31508011220EAE30008F6E90008F6E90008F6E9000825
S31508011230F6E90008F6E90008F6E90008F6E9000803
S31508011240F6E90008F6E90008F6E90008F6E90008F3
S31508011250F6E90008F6E90008F6E90008F6E90008E3
S3150801126042E50008E6ED00087EEF00087EEF00087B
S315080112707EEF000828EE00087EEF00087EEF0008E2
S315080112807EEF00086EEE00087EEF00087EEF00088C
S315080112907EEF0008B0EE00087EEF00087EEF00083A
S315080112A07EEF0008F6EE00087EEF00087EEF0008E4
S315080112B07EEF000838EF0008232D302B2000686CDC
S315080112C04C0065666745464700303132333435365A
S315080112D03738394142434445460030313233343593
S315080112E036373839616263646566000000000000BC
S309080112F0E5300008CE
S309080112F4BD300008F2
S315080112F8000100000000204E204E1027200400207F
S3150801130800000000000A0A322D000000070A000042
S31508011318E00901080000005000040000000C005014
S3150801132800010000000C005000020000000C0050EB
S31508011338020000000008005000020000000C0050DE
S3150801134801000000000C005010000000000C0050BD
S3150801135804000000000C00500800000000040050BA
S3150801136808000000000C005020000000000C005086
S3150801137840000000000000000000000000040050C2
S315080113881000000000040050200000000024F400AA
S315080113980400000001000000AC0000200000000065
S315080113A8DC08002044090020AC09002000000000E0
S315080113B80000000000000000000000000000000016
S315080113C80000000000000000000000000000000006
S315080113D800000000000000000000000000000000F6
S30D080113E80000000000000000EE
S7050800882149
