S02B0000416374756174696F6E5F494F5F446973747269627574696F6E5F426F6172645F456D62656464656426
S3150800300000400220ED830008797A0008817A0008DA
S3150800301000000000000000000000000000000000A2
S31508003020000000000000000000000000897A000887
S315080030300000000000000000937A00089D7A00084E
S315080030403D8400083D8400083D8400083D8400084E
S315080030503D8400083D8400083D8400083D8400083E
S315080030603D840008AD7A0008C57A0008E97A0008A8
S315080030703D8400083D8400083D8400083D8400081E
S315080030803D8400083D8400083D8400083D8400080E
S315080030903D8400080D7B00083D8400083D84000837
S315080030A03D8400083D8400083D8400083D840008EE
S311080030B03D8400083D8400083D840008AB
S315080030BC10B5064C2378002B07D1054B002B02D0F4
S315080030CC044800E000BF0123237010BDAC000020AB
S315080030DC000000001CE70008044B10B5002B03D0B9
S315080030EC0349044800E000BF10BDC04600000000BC
S315080030FCB00000201CE70008002243088B4274D35A
S3150800310C03098B425FD3030A8B4244D3030B8B42CE
S3150800311C28D3030C8B420DD3FF22090212BA030CD7
S3150800312C8B4202D31212090265D0030B8B4219D3B8
S3150800313C00E0090AC30B8B4201D3CB03C01A5241D8
S3150800314C830B8B4201D38B03C01A5241430B8B4220
S3150800315C01D34B03C01A5241030B8B4201D30B0309
S3150800316CC01A5241C30A8B4201D3CB02C01A524130
S3150800317C830A8B4201D38B02C01A5241430A8B42F3
S3150800318C01D34B02C01A5241030A8B4201D30B02DC
S3150800319CC01A5241CDD2C3098B4201D3CB01C01AF6
S315080031AC524183098B4201D38B01C01A5241430900
S315080031BC8B4201D34B01C01A524103098B4201D3EE
S315080031CC0B01C01A5241C3088B4201D3CB00C01A5B
S315080031DC524183088B4201D38B00C01A52414308D3
S315080031EC8B4201D34B00C01A5241411A00D20146F8
S315080031FC524110467047FFE701B5002000F006F86B
S3150800320C02BDC0460029F7D076E770477047C0461E
S3150800321C844608006146FFE71FB500F0C3FB00288B
S3150800322C01D40021C8421FBD10B500F04BFB40422B
S3150800323C013010BD10B500F0B5FB002801DB0020ED
S3150800324C10BD012010BDC04610B500F0ABFB002820
S3150800325C01DD002010BD012010BDC04610B500F0E0
S3150800326C59FB002801DC002010BD012010BDC0460A
S3150800327C10B500F04FFB002801DA002010BD012024
S3150800328C10BDC0469E2110B5C905041CFFF7F0FFFA
S3150800329C002803D1201C00F0A1FF10BD9E21201C84
S315080032ACC90500F021FD00F099FF80231B069C46FA
S315080032BC6044F2E7F8B54B025A0A94464A00C90F1D
S315080032CCCE4647468946450046022D0E120E80B557
S315080032DC9909770AC40FB609AB1A4C4520D0002BAE
S315080032EC0CDD002A34D100292AD05A1E012B00D114
S315080032FC8FE0FF2B00D1CDE013002FE0002B60D020
S3150800330C531B002D00D0EEE0002E00D13EE15C1ED2
S3150800331C012B00D16BE1FF2B00D1B9E02300E7E0CC
S3150800332C002B00DCA4E0002A69D0FF2D00D1B1E007
S3150800333C8022D20411431B2B00DCE9E02B00053656
S3150800334CF708FF2B00D1A5E07A02520AD8B230E072
S3150800335CFF2D00D19EE08022D204114301201B2BA5
S3150800336C08DC08002022D840D31A99400B005A1EB4
S3150800337C93411843361A730100D471E0B601B709A4
S3150800338C380000F09BFF3B000538834085424DDD35
S3150800339CB44E2D1A1E405A0768D00F221340042B20
S315080033AC64D00436730161D5681CFE2D54D1FF20F8
S315080033BC0022C0051043E4072043C0BCB946B046FA
S315080033CCF8BDFE229046681C0200404610426BD19E
S315080033DC002D00D0DDE0002E00D102E10029B3D08B
S315080033EC8022771AD204174200D136E14C468E1B3E
S315080033FC61D00120164230D10023F708A4E7002932
S3150800340C9ED05A1E012B00D1CAE0FF2B42D01300C6
S3150800341C91E7711A4B0100D4D1E08F01BF0938002E
S3150800342C00F04CFF3B000538834001252022401B49
S3150800343C0130121A1E009340C6405A1E93411E4371
S3150800344C39D0730700D11BE10F2300253340042B19
S3150800345CA7D1012072017CD5C0B2B201520AA8E7E5
S3150800346C730703D00F233340042B9AD12B0067E73D
S3150800347C002B23D0531B002D7BD1002E00D186E0C8
S3150800348C5D1E012B00D18BE0FF2B02D02B0075E0C3
S3150800349C4C466746002F00D189E78022D2033A436F
S315080034AC5202FF20520A84E7771A7B016BD4002F4D
S315080034BC00D065E70024002000227AE7FE226B1C68
S315080034CC1A4249D1002D00D09FE0002E00D1BAE057
S315080034DC002900D1CFE07218530100D4CDE0920137
S315080034EC0120520A65E7FF2AD2D08020C004064381
S315080034FC01201B2B08DC30002024D840E31A9E4000
S3150800350C33005C1EA34118434C4615000E1A32E7CD
S3150800351C08002022D840D31A99400B005A1E934112
S3150800352C0343F61873019BD50135FF2D00D13EE7F1
S3150800353C01234D49720833400A401A4316005307B3
S3150800354C04D00F231340042B00D02AE7730100D5AF
S3150800355C2AE72B00F708F7E6FF2B00D127E77118A7
S3150800356C49084A072FD00F220A40042A2BD00E1DD1
S3150800357CE6E6FF2A8DD08020C00406431B2B24DDEB
S3150800358C13004E1DDCE64C468F1BF9E64C460E0026
S3150800359CD6E6002E49D1002968D067464C467CE70A
S315080035AC7018430174D5304940080140430709D0C7
S315080035BC0F230340042B05D002230E1DC0E601235E
S315080035CCCF08C1E60223CF08BEE620253000D84036
S315080035DCEB1A9E4033005D1EAB41034315005E1883
S315080035ECA0E7002900D165E74C466746ACE68F1B79
S315080035FC7B012ED5BF01BF09380000F05FFE3B00EA
S3150800360C053883404C46013510E7002E00D140E7BB
S3150800361C002900D141E78023DB039F4200D23CE717
S3150800362C9C4500D339E7674637E7002900D134E7CC
S3150800363C8023DB039F4200D22FE79C4500D32CE75F
S3150800364C4C46674629E7002900D134E70023CF0802
S3150800365C7AE64C460123FF0876E6002F00D129E7C7
S3150800366CFF0871E6FFFFFFFBFFFFFF7D80220024AA
S3150800367CFF20D2039DE6002366E60023D70863E6FF
S3150800368C0120720100D5E7E631000023CF085BE67E
S3150800369C0123C70858E6C046F0B546464F46D646F7
S315080036AC4502C0B5C30F470098460E1C6D0A3F0E5F
S315080036BC5BD0FF2F21D08023ED00DB041D430023B4
S315080036CC99469A467F3F74027300640A1B0EF60FDE
S315080036DC002B20D0FF2B43D080220020E400D204FC
S315080036EC14437F3B4246FF1A4B4672400F2B00D9B8
S315080036FC9DE071499B00CB589F46002D5AD1082353
S3150800370C9946063B74029A467300FF27640A1B0EF9
S3150800371CF60F002BDED1002C3BD10123424649463D
S3150800372C724019430E2918D86448890041588F46A7
S3150800373C5346022B00D1B8E0032B6ED042462C0020
S3150800374C012B40D100200024C0052043D20710438A
S3150800375CE0BCBA46B146A846F0BDFF200024F3E704
S3150800376C002C20D10223FF3FD8E7002D05D10423D6
S3150800377C9946033B00279A46A5E7280000F09EFDCC
S3150800378C7627431F9D4000237F4299469A463F1A47
S3150800379C99E7200000F092FD431F9C4076235B427C
S315080037AC1B1A00209EE703234A461A439146032018
S315080037BCFC3397E70C239946093BFF279A4682E781
S315080037CC03282CD0320038007F30002847DD6307E9
S315080037DC04D00F232340042B00D00434230103D533
S315080037EC3800374B80301C40FE28B6DCA401640A2E
S315080037FCC0B2A9E780240022FF20E403A4E78023B3
S3150800380CDB031D4201D01C420BD08024E4032C435D
S3150800381C64024246FF20640A96E746462C0080233B
S3150800382CDB031C4364023200FF20640A8CE76D013B
S3150800383C600185422DD21B230024013F0126290055
S3150800384C64006D00002901DB854201D32D1A34432F
S3150800385C013B002BF3D16B1E9D412C43B3E701238F
S3150800386C1B1A1B2B00DD6DE721009E37D940BC4087
S3150800387C0B00611E8C412343590704D00F211940B4
S3150800388C042900D00433590113D49B0100205C0A87
S3150800389C5AE71A2301242D1AD0E7981E4342584199
S315080038AC404232000024C0B24EE74246FF200024B4
S315080038BC4AE70120002447E764E70008A4E7000864
S315080038CCFFFFFFF770B542004E024C0045026D0A29
S315080038DC120EC30F760A240EC90FFF2A10D0FF2C1E
S315080038EC0CD00120A2420AD1B54208D18B420FD086
S315080038FC002A04D12800431E984100E0012070BD1F
S3150800390C0120FF2CFBD13543F9D14B401800F6E7C3
S3150800391C0020F4E730B5420044024D02C30F4800BC
S3150800392C640A120E6D0A000EC90FFF2A18D0FF285A
S3150800393C0AD0002A1ED100280AD1002D29D0002C25
S3150800394C2DD14800013830BD002D25D1002A01D1D2
S3150800395C002CF6D08B4219D001205B421843F2E7B3
S3150800396C002C19D1FF28F7D1002D15D100208B4238
S3150800397CF2D1E8E70028EFD08B42EDD18242EBDC9E
S3150800398C04DBAC42E8D80020AC42DCD25800013843
S3150800399CD9E7002CD7D0DFE702204042D3E78B4289
S315080039ACDAD1EEE730B5420044024D02C30F4800A7
S315080039BC640A120E6D0A000EC90FFF2A17D0FF28CB
S315080039CC0AD0002A1BD100280AD1002D1DD0002CA4
S315080039DC2DD14800013811E0002D0ED1002A01D155
S315080039EC002CF6D08B420CD15800013806E0002C7E
S315080039FC03D1FF2805D1002D15D0022030BD002893
S31508003A0C06D101205B421843F8E7002CF6D0F8E7FC
S31508003A1C8B42F6D18242F4DCE6DBAC42F1D80020CC
S31508003A2CAC42EBD2E0E700208B42EAD1E6E78B42C8
S31508003A3CE7D1F2E7F0B54F464646D6464400C0B540
S31508003A4C46020F1C760A240EC50F002C00D1DAE0AC
S31508003A5CFF2C74D08023F600DB041E430023994602
S31508003A6C9A467F3C7B025B0A98467B001B0EFF0F2F
S31508003A7C002B74D0FF2B00D18EE042468021D20059
S31508003A8CC90411437F3B2A00E4184B467A40884602
S31508003A9CD2B20A2B75DC4B460020022B0FDD4946A9
S31508003AAC01238B40A621C9000B4269D190218900BC
S31508003ABC0B4200D000E18821194200D0F5E04146BE
S31508003ACC0904090C43460800350C36041B0C360C45
S31508003ADC704369435E435D437618030C9B19994200
S31508003AEC03D9802149028C46654400041904000C4C
S31508003AFC09188E01701E86411B0C890E5B190E4324
S31508003B0C9B011E431B016CD423007F33002B00DC66
S31508003B1CB1E0150071070BD00F20210030400428A6
S31508003B2C06D00436320103D56E4B1E400B0080338B
S31508003B3CFE2B00DDBDE0B201520ADBB248E0002ED6
S31508003B4C00D092E008239946063B9A467B025B0A0C
S31508003B5C98467B00FF241B0EFF0F002B8AD142468A
S31508003B6C002A64D149460132114389460A2908DCE0
S31508003B7C7D400120EAB2022991DC1500002227E0DB
S31508003B8C15005346022B00D193E0032B1AD0012BB8
S31508003B9C2CD1002300221BE04346FF34002B55D0C2
S31508003BAC03214B460B4319000A2B00DC92E00F2B22
S31508003BBC00D08CE08022D203164203D0434613422F
S31508003BCC00D17DE08022D20332435202520AFF23EF
S31508003BDCD805ED0710432843E0BCBA46B146A846BB
S31508003BECF0BD0123150071081E400E4323008033D7
S31508003BFC611C002B41DD720794D00F223240042A37
S31508003C0C00D08EE78EE7002E05D104239946033B98
S31508003C1C00249A4626E7300000F050FB7624431F12
S31508003C2C9E400023644299469A46241A1AE740464F
S31508003C3C00F044FB4B46241A763C0A2BA1DC43467F
S31508003C4C053883407D409846EAB224E74A46023353
S31508003C5C13432A007A40D2B20A2B92DC4946150045
S31508003C6C002926D09946022019E70C239946093BC8
S31508003C7CFF249A46F6E6150021000122D31A1B2BBF
S31508003C8C00DD86E79E3132008E40DA40731E9E4177
S31508003C9C3243530704D00F231340042B00D00432AD
S31508003CAC530110D50123002292E73D004646824671
S31508003CBC67E7FF2300228BE780220025D20386E7DD
S31508003CCC3D001A4383E792010023520A80E73D0020
S31508003CDC464677E72A0001237A408B400320D2B266
S31508003CECE9E6C046FFFFFFF7F8B54746CE4643025E
S31508003CFC80B55F0A9B0945004A009C464B02C40FD7
S31508003D0CCE0F2D0E580A120E9909FF2A6BD00123D5
S31508003D1C5E40AB1AB4424BD0002B00DCFFE0002A05
S31508003D2C00D188E0FF2D00D1EFE08022D2041143A8
S31508003D3C01201B2B08DC08002022D840D31A9940F6
S31508003D4C0B005A1E9341184363461B1A9C4663463E
S31508003D5C5B0100D4CDE063469F01BF09380000F033
S31508003D6CADFA3B0005388340854200DCA2E0B74A31
S31508003D7C2D1A1A4094465A0700D1C3E00F22134055
S31508003D8C042B00D1BEE004239846C44463465B0169
S31508003D9C00D4B7E0681CFE2D00D0A5E0FF20002259
S31508003DACC0051043E4072043C0BCB946B046F8BD6D
S31508003DBC002B00DCEBE1002A46D0FF2D00D1A4E055
S31508003DCC8022D20411431B2B00DCFBE0052398460A
S31508003DDC2B00C4446246D708FF2B00D195E07A0223
S31508003DEC520AD8B2DCE72B00FF3B9946002918D1BA
S31508003DFC01235E40B44200D1CAE04B46002B2DD0BD
S31508003E0C002D00D03CE1FF236446002C00D15FE175
S31508003E1C5D1E012B00D174E13400FF2B74D02B00EE
S31508003E2C03E1B44200D19CE0002B17D0002DEAD058
S31508003E3C070034006CE00029CCD05A1E012B2BD07D
S31508003E4CFF2B62D0130073E70029C3D05A1E012B2F
S31508003E5C00D11EE1FF2B58D01300B4E7FE226B1CD1
S31508003E6C1A420DD1002D60D06346002B00D020E1FC
S31508003E7C002900D028E180220024FF20D2038FE7F6
S31508003E8C63465F1A7B0100D5FEE0002F00D065E77C
S31508003E9C00240020002283E76346591A4B0100D4FC
S31508003EAC19E18F01BF09380000F008FA3B00053804
S31508003EBC834001252022401B0130121A1900934019
S31508003ECCC1405A1E934119438C460B1EE1D05B0721
S31508003EDC00D152E10F2300250B40042B00D052E7EA
S31508003EEC01204A0100D492E0C0B263469A01520AF4
S31508003EFC56E763465B0705D00F2362461340042B2F
S31508003F0C00D040E72B0065E70700002F00D145E7F6
S31508003F1C8022D2033A435202FF20520A40E7002B72
S31508003F2C79D1FE226B1C1A42AAD16346002B00D10A
S31508003F3CF5E0002900D1D1E05F1A8023DB041F428B
S31508003F4C00D10EE1624601248A1A944600203440B8
S31508003F5C002A00D124E701201A42C6D10023D7082B
S31508003F6C3DE7002B17D0002D00D0AFE0FF236546A8
S31508003F7C002D00D1ADE05E1E012B00D189E0FF2B90
S31508003F8CC2D01B2E00DCABE04B1D9C46130021E770
S31508003F9C4B46002B70D1FE226B1C1A425ED1002DAB
S31508003FAC00D0C3E06346002B00D1D0E0002900D135
S31508003FBC94E00A006244530100D4D8E0920101202F
S31508003FCC520AEDE608002022D840D31A99400B0075
S31508003FDC5A1E934103439C4463465B0189D50135BC
S31508003FECFF2D00D1DAE6624601231949134052081F
S31508003FFC0A401A43130094465B0704D00F23134058
S3150800400C042B00D0BFE663465B0100D5C2E66346C7
S3150800401CDF082B00E3E6531B002D00D1F4E68020C5
S3150800402C6446C0040443A446340001201B2B09DC57
S3150800403C20256046D840EB1A65469D402B005D1E30
S3150800404CAB4118430B1A9C46150080E6FFFFFFFB95
S3150800405CFFFFFF7DFE226B1C1342A3D0FF2B00D162
S3150800406C9CE6614449084A0749D00F220A40042AAB
S3150800407C45D00A1D9446ADE6002D00D176E78DE6AF
S3150800408C3400FF2000228BE663460124CF1A344005
S3150800409C64E661444B016DD5480844490140430721
S315080040AC2CD00F230340042B28D00B1D9C4602232F
S315080040BC90E6002900D12BE78023DB039F4200D230
S315080040CC26E7984200D323E70124344007001FE76C
S315080040DC34008C467EE60123CF0880E600237EE674
S315080040EC20206546801B854063462800F340451E04
S315080040FCA84103439C4615008C446DE70223CF0860
S3150800410C6DE60F1B7B0128D5BF01BF09380000F0EF
S3150800411CD5F83B000538834034000125CAE600294A
S3150800412C00D1B5E601240700344058E66346002B57
S3150800413C00D1E9E6002900D1EAE68023DB039F4299
S3150800414C00D2E5E6984200D3E2E60700E0E600294D
S3150800415C00D19EE60023CF0841E634000123FF0870
S3150800416C3DE6002F00D193E60023FF0837E600232F
S3150800417CD70834E60123CF0831E680220B00D20497
S3150800418C01201340114200D0AEE6CF0827E6002BDB
S3150800419C00D15FE7561B002D01D13300E7E68023DB
S315080041AC6046DB0418438446EBE6C046FFFFFF7DFA
S315080041BC43024A02400049005B0A520A090E000EE5
S315080041CCFF2806D00020FF2902D1531E9A41100061
S315080041DC7047FE38002BFBD1F4E7C046410242007B
S315080041ECC30F490A0020120E7E2A03DD9D2A02DD22
S315080041FC094A98187047802000040143952A07DC61
S3150800420C9620821AD1404842002BF3D10800F1E7D8
S3150800421C963A9140F7E7C046FFFFFF7F70B5002836
S3150800422C12D0C317C5185D40C40F280000F046F815
S3150800423C9E231B1A962B0FDC082838D00838854085
S3150800424C6D026D0AD8B202E0002400200025C005D4
S3150800425C2843E407204370BD992B14DC421F954074
S3150800426C2A001549114055071CD00F252A40042A47
S3150800427C18D00431CA08490115D59F235202181AB9
S3150800428C550AC0B2E3E705222900121AD1400200EA
S3150800429C1B3295402A00551EAA410A43064911406D
S315080042AC5507E2D1CA085202550AD8B2CFE76D02B1
S315080042BC6D0A8E30CBE7C046FFFFFFFB1C2101239E
S315080042CC1B04984201D3000C10391B0A984201D3DF
S315080042DC000A08391B09984201D30009043902A2BD
S315080042EC105C40187047C046040302020101010124
S315080042FC000000000000000080B582B000AF7860B6
S3150800430C3960124B1B780F2B02D83B68002B01D156
S3150800431C002317E00D4B1B781A007B68DB00D908C5
S3150800432C0B4BD200D150094B1B78094ADB00D3182A
S3150800433C04333A681A60054B1B780133DAB2034B1F
S3150800434C1A7001231800BD4602B080BD4801002032
S3150800435CC800002080B582B000AF78607B680F2B50
S3150800436C25D87B689A00144BD3181B689F460023E4
S3150800437C1EE001231CE002231AE0032318E00423A1
S3150800438C16E0052314E0062312E0072310E00823A1
S3150800439C0EE00C230CE010230AE0142308E0182383
S315080043AC06E0202304E0302302E0402300E000234B
S315080043BC1800BD4602B080BDE0E7000880B584B0A1
S315080043CC00AF7860134B1B68FB60FB6801330F2248
S315080043DC1340BB60104B1B68BA689A4206D10F4B48
S315080043EC1B685A1C0D4B1A6000230FE0FB681A0158
S315080043FC0B4BD3187968102218000AF01DF8BFF376
S3150800440C5F8FC046034BBA681A6001231800BD4675
S3150800441C04B080BD4C01002050010020540200203D
S3150800442C5401002080B584B000AF7860114B1B682E
S3150800443CFB60114B1B68BB60FA68BB689A4201D1DA
S3150800444C002312E0FB681A010C4BD1187B6810226A
S3150800445C180009F0F1FFBFF35F8FC046FB68013304
S3150800446C0F221A40034B1A6001231800BD4604B0EC
S3150800447C80BDC046500100204C010020540100208C
S3150800448CB0B592B000AF786039603B680122134032
S3150800449C38D018243B1920257A197868402105F05C
S315080044AC8FFF7B191B68194A934205D13B191B7858
S315080044BCFF2B01D105F075FA20217B181A68082400
S315080044CC3B191A607B18DB681800FFF743FF0300DB
S315080044DC1A003B191A713B191B79082B02D93B197F
S315080044EC08221A7108203B181B791A001823F91888
S315080044FC04003B180533180009F09EFF3B191800F9
S3150800450CFFF75CFFC046BD4612B0B0BD670600009B
S3150800451C80B500AF024B034A9A60C046BD4680BDC3
S3150800452C00ED00E00030000880B500AFFFF7F0FFA3
S3150800453CC046BD4680BD000080B500AF214B1900B2
S3150800454C6020FFF7D9FE204AA0235B001100180053
S3150800455CFFF7D2FE1D4A88235B0011001800FFF7EF
S3150800456CCBFE1B4A1223FF3311001800FFF7C4FEBB
S3150800457C184A89235B0011001800FFF7BDFE164A7E
S3150800458C80239B0011001800FFF7B6FE134B144A44
S3150800459C19001000FFF7B0FE124B134A1900100051
S315080045ACFFF7AAFE114B124A19001000FFF7A4FEDA
S315080045BC104B00220121180006F018F8C046BD461B
S315080045CC80BDC046514800081D4D0008FD5700081F
S315080045DC835800080959000805690008B56B0008D6
S315080045EC01020000396F0008030700007970000803
S315080045FC040700003404002090B587B000AF3B00D8
S3150800460C1800FFF70FFF03001A0001235340DBB213
S3150800461C002B34D13B001B79002B32D03B001B6896
S3150800462CDB00DB083B611723FB1800221A701EE01F
S3150800463C17217B181A78154BD200D3583A699A4227
S3150800464C0FD17B181B78114ADB00D31804331C686E
S3150800465C3B0018683B001A793B0005331900A04744
S3150800466C10E01722BB18BA18127801321A70084BC8
S3150800467C1B781722BA1812789A42D9D302E0C04688
S3150800468C00E0C046BD4607B090BDC046C800002035
S3150800469C4801002090B58DB000AF786003F046FF56
S315080046AC0300FB62634B1B68FA6AD31A7A689A4250
S315080046BC01D90023BAE05F4BFA6A1A6024243B1925
S315080046CC180008231A00002109F084FE3B19591C0E
S315080046DC3B190222180000F0ADFA3B1902330221ED
S315080046EC180001F04FF93B1904330121180001F0A9
S315080046FC7DF93B1905330121180001F04BFA3919DC
S3150800470CC023DB000822180002F018FE1C243B19F3
S3150800471C180005231A00002109F05CFE3B1902213A
S3150800472C180001F0CDF93B190233012219000120BA
S3150800473C01F083F93B19033301221900022001F019
S3150800474C7CF93B19043301221900032001F075F991
S3150800475C3B1939480522190002F0F0FD14243B19BF
S3150800476C180008231A00002109F034FE3B1901220F
S3150800477C1900002001F0D5F93B1901330122190063
S3150800478C012001F0CEF93B1902330122190002204F
S3150800479C01F0C7F93B19033301221900032001F074
S315080047ACC0F93B19043301221900042001F0B9F9A8
S315080047BC3B19053301221900052001F0B2F93B1902
S315080047CC1E480822190002F0B9FD0C243B191800E2
S315080047DC05231A00002109F0FDFD3B1901221900D9
S315080047EC012000F013FC3B190133012219000220A9
S315080047FC00F00CFC3B19023301221900032000F0CF
S3150800480C05FC3B19033301221900042000F0FEFBBA
S3150800481C3B19043301221900052000F0F7FB3B195C
S3150800482C07480522190002F089FD00231800BD4629
S3150800483C0DB090BD580200200106000002060000CB
S3150800484C0306000080B584B000AFF860B960FB1DA4
S3150800485C1A70FB1D1B78002B0CD0A023DB0520211E
S3150800486C180006F0C3FBE023DB006021180000F0FB
S3150800487C05F800E0C046BD4604B080BD80B584B0DE
S3150800488C00AF78600A00FB1C1A700C217B18FA1C06
S3150800489C12781A707B1800225A7079187B680222D3
S315080048AC180002F04BFDC046BD4604B080BD80B56D
S315080048BC84B000AF78600A00FB1C1A700C217B18B8
S315080048CCFA1C12781A707B18FF225A7079187B68B2
S315080048DC0222180002F032FDC046BD4604B080BD67
S315080048EC80B500AF00F082FE00F072F802F0DCFA38
S315080048FCC046BD4680BD80B500AFFFF7F1FFC04688
S3150800490CBD4680BD80B500AF02F000FCC046BD4672
S3150800491C80BD80B500AFFFF7E3FFC046BD4680BD3E
S3150800492C90B583B000AFFC1D02F09EFA030023700D
S3150800493CFB1D1B78022B02D1FFF7EBFF0FE0FB1DCB
S3150800494C1B78032B02D1FFF7DDFF08E0FB1D1B7854
S3150800495C012B02D1FFF7CFFF01E0FFF7CCFFC046D2
S3150800496CBD4603B090BD000090B583B000AFFC1DEA
S3150800497C8023DB01154A1900100006F0FDFA030026
S3150800498C2370BC1D80239B01104A1900100006F0E9
S3150800499CF3FA03002370FB1D1B78012B05D1BB1DF5
S315080049AC1B78002B01D100230BE0FB1D1B78002B79
S315080049BC05D1BB1D1B78012B01D1012301E0012375
S315080049CC5B421800BD4603B090BDC04600040050BB
S315080049DC80B584B000AFFFF7C7FF0300FB60142354
S315080049ECBB6003F0A3FD03007B60224B1B68FA68CF
S315080049FC9A4206D01F4BFA681A601F4B7A681A60DF
S31508004A0C35E01D4B1B687A68D31ABA689A422BD8BC
S31508004A1C1A4B1A68174B1B689A4203D0154B1A681F
S31508004A2C164B1A60FB68012B13D0FB68012B1EDC96
S31508004A3CFB6801331AD0FB68002B18D1104B0022E7
S31508004A4C1A7080231B020F480022190006F0B1FACF
S31508004A5C0DE00B4B01221A7080231B020948012218
S31508004A6C190006F0A6FA02E0C04600E0C046BD46AC
S31508004A7C04B080BD60020020640200206802002099
S31508004A8C5C02002000040050F0B585B000AF0200AF
S31508004A9CFB1D1A70FB1D1B78042B00D9BDE09A0070
S31508004AAC614BD3181B689F460F257C195F4B202139
S31508004ABC180006F061FA030023700E26BC195B4B2E
S31508004ACC1021180006F058FA030023707B191B787E
S31508004ADC012B05D1BB191B78002B01D100239EE0B5
S31508004AEC0F23FB181B78002B06D10E23FB181B78FB
S31508004AFC012B01D1012392E0022390E00D257C19AC
S31508004B0C4A4B0821180006F037FA030023707B1964
S31508004B1C1B78012B01D1012381E000237FE00F25AF
S31508004B2C7C19434B4021180006F026FA0300237023
S31508004B3C0E26BC193E4B2021180006F01DFA030060
S31508004B4C23707B191B78012B05D1BB191B78002BFD
S31508004B5C01D1002363E00F23FB181B78002B06D129
S31508004B6C0E23FB181B78012B01D1012357E00223D6
S31508004B7C55E00F257C192E4B1021180006F0FCF970
S31508004B8C030023700E26BC19294B0821180006F0C1
S31508004B9CF3F9030023707B191B78012B05D1BB197C
S31508004BAC1B78002B01D1002339E00F23FB181B7847
S31508004BBC002B06D10E23FB181B78012B01D10123E0
S31508004BCC2DE002232BE00F257C19194B0421180024
S31508004BDC06F0D2F9030023700E26BC19144B0221D9
S31508004BEC180006F0C9F9030023707B191B78012BF2
S31508004BFC05D1BB191B78002B01D100230FE00F231D
S31508004C0CFB181B78002B06D10E23FB181B78012BDF
S31508004C1C01D1012303E0022301E001235B421800C2
S31508004C2CBD4605B0F0BDC04620E80008000400509B
S31508004C3C000C005080B588B000AFF860B9607A6097
S31508004C4CFB68002B05D0BB68002B02D07B68012BB8
S31508004C5C01D8002358E01F23FB1800221A701E23C4
S31508004C6CFB1800221A700023BB6126E0BB69DBB275
S31508004C7C1800FFF709FF03003B613B69012B0BD1B9
S31508004C8C0122BB699A401300D9B21F22BB18BA1865
S31508004C9C12780A431A700DE03B69022B0AD10122DD
S31508004CACBB699A401300D9B21E22BB18BA181278DF
S31508004CBC0A431A70BB690133BB61BB69042BD5DD8A
S31508004CCCFFF752FE03007B617B69012B07D11F227C
S31508004CDCBB18BA18127820210A431A7009E07B69A6
S31508004CEC022B06D11E22BB18BA18127820210A43A9
S31508004CFC1A70FB681F22BA1812781A70BB681E2223
S31508004D0CBA1812781A7002231800BD4608B080BD6E
S31508004D1C80B586B000AFF860B960FB1D1A70FB1D34
S31508004D2C1B78012B12D917217B18BA6812781A70BE
S31508004D3C16203B18BA6852781A703B181A787B18E2
S31508004D4C1B781100180000F005F800E0C046BD46B7
S31508004D5C06B080BD80B586B000AF0200FB1D1A7088
S31508004D6CBB1D0A1C1A7000237B61FB1D1B78052BC7
S31508004D7C00D968E09A00374BD3181B689F46364B08
S31508004D8C7B610BE0354B7B6108E0354B7B6105E0BD
S31508004D9C344B7B6102E0344B7B61C0467B69002B4C
S31508004DAC53D07B691B68002B4FD0BB1D1B78642B1B
S31508004DBC02D9BB1D64221A707B691B681B68DB6AE7
S31508004DCC3B61BB1D1B783A69534364211800FEF7F7
S31508004DDC93F90300FB607B695B68002B05D17B6943
S31508004DEC1B681B68FA685A6330E07B695B68042B9E
S31508004DFC05D17B691B681A68FB68936326E07B6997
S31508004E0C5B68082B05D17B691B681A68FB68D3633A
S31508004E1C1CE07B695B680C2B05D17B691B681A68DF
S31508004E2CFB68136412E07B695B68102B05D17B6900
S31508004E3C1B681A68FB68936508E07B691B681A6827
S31508004E4CFB68D36502E0C04600E0C046BD4606B026
S31508004E5C80BDC04634E80008000000200800002089
S31508004E6C10000020180000202000002090B589B002
S31508004E7C00AF3B1D144A13CA13C303CA03C300234A
S31508004E8CFB6118E03B1DFA699200D358BB61BB69FC
S31508004E9C002B0CD0BB691B68002B08D0BB691A68A1
S31508004EACBB695B681900100008F072F800E0C04690
S31508004EBCFB690133FB61FB69042BE3D9C046C04689
S31508004ECCBD4609B090BDC04634E7000880B588B029
S31508004EDC00AF02003960FB1D1A701E23FB18002256
S31508004EEC1A80FB1D1B78052B31D89A003F4BD3181B
S31508004EFC1B689F463E4B59883D4B1A881E23FB1848
S31508004F0C8A1A1A8027E03B4B59883A4B1A881E2373
S31508004F1CFB188A1A1A801EE0374B5988364B1A88A2
S31508004F2C1E23FB188A1A1A8015E0344B5988334B02
S31508004F3C1A881E23FB188A1A1A800CE0304B5988DB
S31508004F4C2F4B1A881E23FB188A1A1A8003E03B6813
S31508004F5C00221A8046E01E23FB181B88002B03D15F
S31508004F6C3B6800221A803DE001F0B6FC03007B6129
S31508004F7C1C217B18234A1A807B69002B0ED07B696F
S31508004F8CDA7C1B7D1B0213439BB2002B06D07A18C6
S31508004F9C7B69D97C1B7D1B020B4313801E23FB18D4
S31508004FAC1B8819001848FEF7A7F803003B613A69F5
S31508004FBC13001B019B1A5B00FB60FB6864225A43B7
S31508004FCC1C23FB181B8819001000FEF795F8030024
S31508004FDCBB61BB69642B01D96423BB61BB699AB2FB
S31508004FEC3B681A80BD4608B080BDC0464CE8000830
S31508004FFC6C02002078020020840200209002002017
S3150800500C9C0200208813000000350C0090B587B070
S3150800501C00AFB9607A600F23FB18021C1A70BB68C4
S3150800502C002B02D07B68002B01D1002311E016243B
S3150800503C3B1900221A803A190F23FB181B7811000A
S3150800504C1800FFF743FF3B191B88DAB2BB681A70C6
S3150800505C01231800BD4607B090BD000080B584B08A
S3150800506C00AF02003960FB1D1A7003F05FFA0300EB
S3150800507CFB60FB1D1B78032B51D000DD72E0012B66
S3150800508C02D0022B26D06DE03A4B012202211800E1
S3150800509C05F08FFF13E003F049FA0200FB68D31AF8
S315080050AC3A689A4208D8334B00220221180005F0B8
S315080050BC80FF01235B4259E0012003F041FA80236B
S315080050CC5A01A023DB051100180005F055FF031E35
S315080050DCE1D14AE0274B01220421180005F069FFAB
S315080050EC13E003F023FA0200FB68D31A3A689A42D3
S315080050FC08D8204B00220421180005F05AFF01237A
S3150800510C5B4233E0012003F01BFA80235B00194A4B
S3150800511C1900100005F030FF031EE2D125E0154BEF
S3150800512C01220821180005F044FF13E003F0FEF9EC
S3150800513C0200FB68D31A3A689A4208D80D4B00222B
S3150800514C0821180005F035FF01235B420EE001200B
S3150800515C03F0F6F9084B0121180005F00DFF031EA4
S3150800516CE4D102E002235B4200E000231800BD46AE
S3150800517C04B080BD00080050000C005080B582B009
S3150800518C00AF02003960FB1D1A70FB1D1B78032B40
S3150800519C13D019DC012B02D0022B07D014E00E4BCE
S315080051AC00220221180005F004FF10E00A4B002229
S315080051BC0421180005F0FDFE09E0074B0022082122
S315080051CC180005F0F6FE02E002235B4200E000231D
S315080051DC1800BD4602B080BD0008005080B584B0EA
S315080051EC00AF78607B6819000120FFF7C7FF030042
S315080051FCFB60FB68002B01D0FB6813E07B68190089
S3150800520C0220FFF7BBFF0300FB60FB68002B01D0F5
S3150800521CFB6807E07B6819000320FFF7AFFF030064
S3150800522CFB60FB681800BD4604B080BD80B500AFB6
S3150800523C084B180003F0D0FC064B180004F0D2F902
S3150800524C031E02D003235B4200E000231800BD4670
S3150800525C80BDC046C402002080B500AF0749084B84
S3150800526C0C22180003F0F4FC031E02D003235B4245
S3150800527C00E000231800BD4680BDC046A8020020E9
S3150800528CC402002080B586B000AF02003960FB1D51
S3150800529C1A70FB1D1B78032B11D016DC012B02D0C0
S315080052AC022B06D011E01623FB181D4A92891A8088
S315080052BC0EE01623FB181A4AD2891A8008E0162320
S315080052CCFB18174A128A1A8002E002235B4223E073
S315080052DC1623FB181B881800FEF7A0FF031C1149A0
S315080052EC181CFEF7D9F9031C0F49181CFEF7A2FB6C
S315080052FC031C3B610D493869FEF7CEF9031CFB60AC
S3150800530C0B49F868FEF796FB031C181CFDF7BAFF49
S3150800531C02003B681A6000231800BD4606B080BD23
S3150800532CA802002000F07F4533335340BC74133E6B
S3150800533C00007A4480B586B000AF786016217B18D9
S3150800534C144AD28A1A807B181B881800FEF766FF47
S3150800535C031C1149181CFEF79FF9031C0F49181C4E
S3150800536CFEF768FB031C3B610D493869FEF794F997
S3150800537C031CFB600B49F868FEF75CFB031C181C46
S3150800538CFDF780FF02007B681A60C046BD4606B072
S3150800539C80BDC046A802002000F07F453333534039
S315080053ACBC74133E00007A4480B584B000AF7860B4
S315080053BC0E217B18144A528A1A807B181B881800EF
S315080053CCFEF72CFF031C1149181CFEF765F9031C84
S315080053DC0F49181CFEF72EFB031CBB600D49B86859
S315080053ECFEF728FB031C0C49181CFEF723FB031CB1
S315080053FCBB60B868FDF746FF02007B681A60C046BA
S3150800540CBD4604B080BDC046A802002000F07F450A
S3150800541C333353405D7421410000204180B584B07C
S3150800542C00AF78600E217B18144A928A1A807B1872
S3150800543C1B881800FEF7F2FE031C1149181CFEF710
S3150800544C2BF9031C0F49181CFEF7F4FA031CBB6056
S3150800545C0D49B868FEF7EEFA031C0C49181CFEF742
S3150800546CE9FA031CBB60B868FDF70CFF02007B6801
S3150800547C1A60C046BD4604B080BDC046A8020020CE
S3150800548C00F07F45333353405D74214100002041C1
S3150800549C90B58FB000AF02003960FB1D1A70FB1D6A
S315080054AC1B78052B00D988E0FB1D197836203B188C
S315080054BC454A49008A5A1A803B181B88002B02D188
S315080054CC03235B427BE03623FB181B881800FEF788
S315080054DCA5FE031C3D49181CFEF7DEF8031C3C49C7
S315080054EC181CFEF7A7FA031C3B633A4BFB62396B95
S315080054FCF86AFEF79FFA031C1C1C396B3448FEF736
S3150800550CF3FB031C191C201CFEF7C6F8031CBB6214
S3150800551C304B7B62304B3B62304BFB61796AB86A25
S3150800552CFEF7BAF8031C181C08F090FF031CBB61A5
S3150800553C396AFE208005FEF7AFF8031C1C1CF969B6
S3150800554CFE208005FEF7A8F8031CB969181CFEF79F
S3150800555C71FA031C191C201CFDF7ACFE031C7B619D
S3150800556C00217869FDF770FE031E02D003235B4207
S3150800557C25E07969FE208005FEF78EF8031C3B6151
S3150800558C17493869FEF7B0FB031CFB601549F86828
S3150800559CFDF750FE031E05D11349F868FDF75EFEAC
S315080055AC031E02D003235B4209E0F868FDF76AFE86
S315080055BC02003B681A60002301E002235B421800D4
S315080055CCBD460FB090BDC046A802002000F07F452E
S315080055DC333353400050C3473313954300E07645A5
S315080055EC33938843000020C20000484390B58FB01F
S315080055FC00AF2423FB18724A1188198092789A7086
S3150800560C01F06AF903007B637B6B002B0FD10C242A
S3150800561C3B191A000021002000F012FF3B19180054
S3150800562C00F06CFD031E00D1C5E03B197B6300231B
S3150800563C3B6361E000237B6024243A193B6BD31847
S3150800564C1B783A1D11001800FFF71CFE031E4FD1DC
S3150800565C7B6B5A7C9B7C1B0213439BB219007A68A2
S3150800566C00238A425B41DAB227217B181A707B1811
S3150800567C1B78002B2BD0534A3B6BD3181B78002B6B
S3150800568C25D13A193B6BD3181B78FA225200110014
S3150800569C1800FFF773FD4B4A3B6BD31801221A709F
S315080056AC3B00474A1188198092789A703A003B6BEE
S315080056BCD3181B787A6892B20121180001F052FBB4
S315080056CCE023DB0011211800FFF7D8F811E0272397
S315080056DCFB181B78002B0CD13A4A3B6BD3181B785A
S315080056EC002B06D0374A3B6BD31800221A7000E001
S315080056FCC0463B6B01333B633B6B022B9ADD0023A5
S3150800570CBB600823FB181800FFF74EFEBB68642223
S3150800571C5343BB622F217B1800221A707B6BDA7AF3
S3150800572C1B7B1B0213439BB21A00BB6A934203D31F
S3150800573C7B1802221A700DE07B6B5A7B9B7B1B0233
S3150800574C13439BB21A00BB6A934203D32F23FB184D
S3150800575C01221A702F23FB181B78022B15D11A4B12
S3150800576C1B78022B11D0FA235B001800FFF736FDC5
S3150800577CBB6A9BB21A000121112001F0F3FAE0234F
S3150800578CDB0012211800FFF779F82F23FB181B787A
S3150800579C012B0AD10C4B1B78012B06D0BB6A9BB28A
S315080057AC1A000021102001F0DDFA074B2F22BA1837
S315080057BC12781A7000E0C046BD460FB090BDC046C0
S315080057CC5CE70008C0020020C302002080B500AFC9
S315080057DC054B00221A70054B03220021180008F00D
S315080057ECF9FDC046BD4680BDC3020020C00200209C
S315080057FC80B586B000AFF860B960FB1D1A70FB1D4A
S3150800580C1B78002B33D0BB681B785A1E9341DAB22F
S3150800581C17217B181A707B181B78002B18D001F0EF
S3150800582C2DFB03001A0001235340DBB2002B08D0D2
S3150800583CFB68DAB2E023DB0011001800FFF737F833
S3150800584C16E0FA235B0019000120FFF707FC05E0B8
S3150800585CFA235B0019000120FFF790FCFB68DAB20B
S3150800586CE023DB0011001800FFF708F800E0C0463B
S3150800587CBD4606B080BD80B586B000AFF860B9608D
S3150800588CFB1D1A70FB1D1B78002B33D0BB681B78CD
S3150800589C5A1E9341DAB217217B181A707B181B789B
S315080058AC002B18D001F0EAFA03001A000123534022
S315080058BCDBB2002B08D0FB68DAB2E023DB00110060
S315080058CC1800FEF7F4FF16E0FA235B001900022015
S315080058DCFFF7C4FB05E0FA235B0019000220FFF76B
S315080058EC4DFCFB68DAB2E023DB0011001800FEF76A
S315080058FCC5FF00E0C046BD4606B080BD80B586B083
S3150800590C00AFF860B960FB1D1A70FB1D1B78002BE5
S3150800591C33D0BB681B785A1E9341DAB217217B1811
S3150800592C1A707B181B78002B18D001F0A7FA030005
S3150800593C1A0001235340DBB2002B08D0FB68DAB2FD
S3150800594CE023DB0011001800FEF7B1FF16E0FA237E
S3150800595C5B0019000320FFF781FB05E0FA235B00C7
S3150800596C19000320FFF70AFCFB68DAB2E023DB0018
S3150800597C11001800FEF782FF00E0C046BD4606B0CF
S3150800598C80BD000080B584B000AF786039607B6854
S3150800599C002B02D03B68012B01D8002320E0002302
S315080059ACBB600823FB181800FFF7FEFCBA688023B7
S315080059BC5B029A4202D2BB689AB200E00A4A0E21EE
S315080059CC7B181A807B181B88DAB27B681A707B18CE
S315080059DC1B881B0A9AB27B680133D2B21A7002234F
S315080059EC1800BD4604B080BDFFFF000080B584B02A
S315080059FC00AF786039607B68002B02D03B68002BBF
S31508005A0C01D1002315E00023BB600823FB181800FE
S31508005A1CFFF704FDBB68FF2B02D8BB68DAB200E0BF
S31508005A2CFF220F217B181A707B687A1812781A7065
S31508005A3C01231800BD4604B080BD80B588B000AF00
S31508005A4CB9607A600F23FB18021C1A70BB68002B0E
S31508005A5C02D07B68002B01D100232DE000237B614B
S31508005A6C1423FA180F23FB181B7811001800FFF7DC
S31508005A7C09FC031E01D000231EE07B693233642126
S31508005A8C1800FDF739FB0300FB61FA6996235B00E6
S31508005A9C9A4202D996235B00FB61FB69FF2B02D85D
S31508005AACFB69DAB200E0FF221B217B181A70BB686F
S31508005ABC7A1812781A7001231800BD4608B080BDF2
S31508005ACC80B584B000AF786039607B68002B02D053
S31508005ADC3B68012B01D800231FE00023BB60082379
S31508005AECFB181800FFF726FCBB6832336421180034
S31508005AFCFDF702FB03001A000E217B181A807B188F
S31508005B0C1B88DAB27B681A707B181B881B0A9AB238
S31508005B1C7B680133D2B21A7002231800BD4604B052
S31508005B2C80BD80B588B000AFB9607A600F23FB18CA
S31508005B3C021C1A70BB68002B02D07B68002B01D1A3
S31508005B4C002322E000237B611423FA180F23FB1889
S31508005B5C1B7811001800FFF79BFC031E01D00023CD
S31508005B6C13E07B69BB61BB692833FB61FB69002BBE
S31508005B7C01DA0023FB61FB69FF2B01DDFF23FB61C7
S31508005B8CFB69DAB2BB681A7001231800BD4608B067
S31508005B9C80BD000080B584B000AF786039607B6842
S31508005BAC002B02D03B68002B01D100233FE00F21CC
S31508005BBC7B1800221A70204B1B785BB20322134009
S31508005BCC5AB27B181B785BB213435AB27B181A70FD
S31508005BDC194B5B785BB29B005BB20C2213405AB232
S31508005BEC7B181B785BB213435AB27B181A70124B8C
S31508005BFC9B785BB21B015BB2302213405AB27B18FE
S31508005C0C1B785BB213435AB27B181A700B4B1B7872
S31508005C1C5BB29B015AB27B181B785BB213435AB220
S31508005C2C7B181A707B687A1812781A700123180078
S31508005C3CBD4604B080BDC046C0020020C302002089
S31508005C4C80B584B000AF3B1D18000C231A00002148
S31508005C5C08F0C0FB704B714A1A606F4B8022D20554
S31508005C6C5A606D4B00229A606B4B0022DA606A4BC5
S31508005C7C802212061A61684B08225A61664B00226A
S31508005C8C1A76654B00225A76634B01229A76624B3A
S31508005C9C0122DA61604B00225A625F4B00229A623B
S31508005CAC5D4B2C22012199545B4B00221A635A4BEB
S31508005CBC07225A63584B3C2200219954564B002212
S31508005CCCDA64554B180002F0DFFD031E01D001F013
S31508005CDC9FFE3B1D01221A603B1D01225A603A1D8C
S31508005CEC4D4B1100180003F059F8031E01D001F0B2
S31508005CFC8FFE3B1D4A4A1A603A1D474B1100180085
S31508005D0C03F04CF8031E01D001F082FE3B1D454AF8
S31508005D1C1A603A1D404B1100180003F03FF8031E99
S31508005D2C01D001F075FE3B1D3F4A1A603A1D3A4BED
S31508005D3C1100180003F032F8031E01D001F068FEBA
S31508005D4C3B1D3A4A1A603A1D334B1100180003F0F2
S31508005D5C25F8031E01D001F05BFE3B1D344A1A6080
S31508005D6C3A1D2D4B1100180003F018F8031E01D02C
S31508005D7C01F04EFE3B1D2F4A1A603A1D264B1100A8
S31508005D8C180003F00BF8031E01D001F041FE3B1D71
S31508005D9C294A1A603A1D204B1100180002F0FEFF22
S31508005DAC031E01D001F034FE3B1D244A1A603A1D2D
S31508005DBC194B1100180002F0F1FF031E01D001F077
S31508005DCC27FE3B1D1E4A1A603A1D134B110018007C
S31508005DDC02F0E4FF031E01D001F01AFE3B1D194A1E
S31508005DEC1A603A1D0C4B1100180002F0D7FF031E5F
S31508005DFC01D001F00DFE3B1D134A1A603A1D064BE5
S31508005E0C1100180002F0CAFF031E01D001F000FEB3
S31508005E1CC046BD4604B080BDC40200200024014023
S31508005E2C02000004040000080800000C1000001012
S31508005E3C400000188000001C00010020000200240D
S31508005E4C000400280008002C0000014090B58BB017
S31508005E5C00AF786014243B19180014231A0000218B
S31508005E6C08F0B8FA7B681B683B4A93426FD13B4BE8
S31508005E7C1A6C3A4B802149030A431A64374B1A6C3D
S31508005E8C80235B0313403B613B69344B5A6B334BA2
S31508005E9C01210A435A63314B5B6B01221340FB60A9
S31508005EACFB682E4B5A6B2D4B02210A435A632B4B1C
S31508005EBC5B6B02221340BB60BB683B19DF221A607E
S31508005ECC3B1903225A603B1900229A603A19A023FF
S31508005EDCDB051100180004F0E3FE3B19204A1A6092
S31508005EEC3B1903225A603B1900229A603B191D4A3A
S31508005EFC1900100004F0D4FE1B4B1C4A1A601A4BEE
S31508005F0C05225A60184B00229A60174B0022DA6059
S31508005F1C154B80221A61144B802252005A61124B7F
S31508005F2C8022D2009A61104B2022DA610E4B002295
S31508005F3C1A620D4B180003F045FD031E01D001F043
S31508005F4C67FD7B68084A1A65074B7A689A62C046E9
S31508005F5CBD460BB090BDC04600240140001002405F
S31508005F6C0714000000040050280300200800024013
S31508005F7C80B582B000AF144B9A6B134B01210A43C0
S31508005F8C9A63114B9B6B012213407B607B68002242
S31508005F9C0021092003F0E0FC092003F0F2FC0022A2
S31508005FAC00210A2003F0D8FC0A2003F0EAFC0022A0
S31508005FBC00210B2003F0D0FC0B2003F0E2FCC046BA
S31508005FCCBD4602B080BDC0460010024080B582B006
S31508005FDC00AF78607B681A7800210A40111C7C2275
S31508005FEC52420A431A705A7800210A40111C35226B
S31508005FFC0A435A707B6805331A7800210A40111C2B
S3150800600C382252420A431A705A7800210A405A70AA
S3150800601C7B6801229A707B6807331A7800210A403C
S3150800602C111C32220A431A705A7800210A405A70F7
S3150800603C7B6809331A7800210A40111C1E220A4370
S3150800604C1A705A7800210A405A707B680B331A78F2
S3150800605C00210A40111C702252420A431A705A78BF
S3150800606C00210A40111C65220A435A707B680D33BD
S3150800607C1A7800210A40111C642252420A431A70EB
S3150800608C5A7800210A40111C63220A435A707B680D
S3150800609C0F331A7800210A40111C802252420A43F7
S315080060AC1A705A7800210A40111C3E220A435A706B
S315080060BC7B6811331A7800210A40111C802252423F
S315080060CC0A431A705A7800210A40111C3E220A43C8
S315080060DC5A707B6813331A7800210A40111C7822EF
S315080060EC52420A431A705A7800210A40111C13228C
S315080060FC0A435A70C046BD4602B080BD80B582B010
S3150800610C00AF78607B681A785B781B0213439BB2E6
S3150800611C044A934201D1012300E000231800BD462E
S3150800612C02B080BD8435000080B582B000AF020095
S3150800613CBB1D1A803B1D0A1C1A80BB1D1A883B1DE9
S3150800614C1B88D3183F2B02DCBB1D1B8804E03B1DA8
S3150800615C1B884022D31A9BB21800BD4602B080BDDC
S3150800616CF0B58FB004AF04000800BA6019000E250C
S3150800617C7B19221C1A800C243B19021C1A80BB1D85
S3150800618C0A1C1A800623BB612623FB187A19128867
S3150800619C1A803B191A88BB1D1B88D318002B00DAEA
S315080061AC3F339B1199B216203B180E22BA18128847
S315080061BC8A181A803A182623FB1812881B88D31AB1
S315080061CC9AB21423FB1801321A802423FB180022D6
S315080061DC1A8000233B6261E02626BB191A88BB6924
S315080061EC9A4013001AB20C217B1800201B5E13432D
S315080061FC1AB21223FB181A8010257C197B181A88D8
S3150800620CBB1D1B8811001800FFF78EFF03002380A7
S3150800621C2422BB181B88BA68D31812203A1811887E
S3150800622C2448FA22920002922C003A1912880192FA
S3150800623C009302230A00A02104F09AFF031E34D10E
S3150800624CBB19BA19128801321A800C217B18002244
S3150800625C1A80BB1DB91D3A19098812888A1A1A8020
S3150800626C2422BB18B9183A19098812888A181A8070
S3150800627C0023FB610AE00F4864230122A02105F0E4
S3150800628CD9F9031E06D0FB690133FB61FB69092B9F
S3150800629CF1DD00E0C0463B6A01333B621423FB1870
S315080062AC1B883A6A9A4297DB00E0C046BD460BB09B
S315080062BCF0BDC04698040020F0B58FB004AF0400BA
S315080062CC0800BA6019000E257B19221C1A800C24AA
S315080062DC3B19021C1A80BB1D0A1C1A800623FB617B
S315080062EC2623FB187A1912881A803B191A88BB1DA3
S315080062FC1B88D318002B00DA3F339B1199B21A204E
S3150800630C3B180E22BA1812888A181A803A182623AD
S3150800631CFB1812881B88D31A9AB21823FB18013259
S3150800632C1A802423FB1800221A8000233B624AE0B9
S3150800633C2626BB191A88FB699A4013001AB20C2137
S3150800634C7B1800201B5E13431AB21623FB181A80FF
S3150800635C14257C197B181A88BB1D1B88110018007C
S3150800636CFFF7E2FE0300238024243B191B88BA6836
S3150800637CD3181622BA1811881848FA2292000292D3
S3150800638C7A1912880192009302230A00A02105F0BB
S3150800639C1DF8BB19BA19128801321A800C217B1800
S315080063AC00221A80BB1DB91D7A19098812888A1A07
S315080063BC1A803B1939197A19098812888A181A8089
S315080063CC3B6A01333B621823FB181B883A6A9A42CC
S315080063DCAEDBC046C046BD460BB0F0BD98040020E7
S315080063EC80B582B000AF3A60BB1D021C1A803B1DFB
S315080063FC0A1C1A803A683B1D1988BB1D1888152378
S3150800640CFFF7AEFE0B4A3B681000190015231A005D
S3150800641C08F012F8084B01221A70084B1B68002B5F
S3150800642C04D0064B1B68034A10009847C046BD4665
S3150800643C02B080BD880300209D030020A003002025
S3150800644C80B582B000AF3A60BB1D021C1A803B1D9A
S3150800645C0A1C1A803A683B1D1988BB1D1888152317
S3150800646CFFF72AFFC046BD4602B080BD90B589B07D
S3150800647C00AF78600823FB181800FFF7A7FD1F2349
S3150800648CFB1800221A707B68DA7A1B7B1B021343F3
S3150800649C9BB2CA4A934208D97B68DA7A1B7B1B02E1
S315080064AC13439BB2C64A93421FD90823FB18DA7AC0
S315080064BC1B7B1B0213439AB27B680B33FF211140DB
S315080064CC0C00197800200140081C211C0143197086
S315080064DC120A90B25A7800210A40111C021C0A436F
S315080064EC5A701F23FB1801221A707B685A7B9B7BF8
S315080064FC1B0213439BB2B14A934216D97B685A7B4B
S3150800650C9B7B1B0213439BB2AD4A93420DD87B6807
S3150800651C5A7B9B7B1B0213439AB27B68D97A1B7BEB
S3150800652C1B020B439BB29A421ED30823FB18DB684B
S3150800653C1B021B0C9AB27B680D33FF2111400C0011
S3150800654C197800200140081C211C01431970120AF5
S3150800655C90B25A7800210A40111C021C0A435A7040
S3150800656C1F23FB1801221A707B68DA7B1B7C1B0223
S3150800657C13439BB2934A934216D97B68DA7B1B7CEE
S3150800658C1B0213439BB2904A93420DD87B68DA7B65
S3150800659C1B7C1B0213439AB27B68597B9B7B1B02A1
S315080065AC0B439BB29A421FD30823FB18DA7B1B7C3E
S315080065BC1B0213439AB27B680F33FF2111400C0060
S315080065CC197800200140081C211C01431970120A75
S315080065DC90B25A7800210A40111C021C0A435A70C0
S315080065EC1F23FB1801221A707B685A7C9B7C1B02A2
S315080065FC13439AB2FA235B009A4208D37B685A7CF7
S3150800660C9B7C1B0213439BB26D4A93421ED90823EB
S3150800661CFB181B691B021B0C9AB27B681133FF21F2
S3150800662C11400C00197800200140081C211C01435C
S3150800663C1970120A90B25A7800210A40111C021CD1
S3150800664C0A435A701F23FB1801221A707B68DA7CDE
S3150800665C1B7D1B0213439BB2632B08D97B68DA7C20
S3150800666C1B7D1B0213439BB2574A93421FD908231F
S3150800667CFB18DA7C1B7D1B0213439AB27B68133317
S3150800668CFF2111400C00197800200140081C211C20
S3150800669C01431970120A90B25A7800210A40111C4B
S315080066AC021C0A435A701F23FB1801221A707B68B6
S315080066BC5A799B791B0213439BB2002B08D07B6833
S315080066CC5A799B791B0213439BB2404A93421ED9B3
S315080066DC0823FB185B681B021B0C9AB27B680533F4
S315080066ECFF2111400C00197800200140081C211CC0
S315080066FC01431970120A90B25A7800210A40111CEB
S3150800670C021C0A435A701F23FB1801221A707B6855
S3150800671CDA791B7A1B0213439BB2642B1FD9082305
S3150800672CFB18DA791B7A1B0213439AB27B68073378
S3150800673CFF2111400C00197800200140081C211C6F
S3150800674C01431970120A90B25A7800210A40111C9A
S3150800675C021C0A435A701F23FB1801221A707B6805
S3150800676C5A7A9B7A1B0213439BB2642B1ED90823B5
S3150800677CFB189B681B021B0C9AB27B680933FF211A
S3150800678C11400C00197800200140081C211C0143FB
S3150800679C1970120A90B25A7800210A40111C021C70
S315080067AC0A435A701F23FB1801221A701F23FB1861
S315080067BC1B781800BD4609B090BDC0460F270000CF
S315080067CC60EA0000871300003075000010270000EF
S315080067DCF0B58FB000AF36243B1900221A80342549
S315080067EC7B1900221A801C26BA197B1919883B19A1
S315080067FC1B881800FFF724FEBB191800FFF77EFC50
S3150800680C03001A0001235340DBB2002B32D0BB190C
S3150800681C1800FFF7DBFBBA197B1919883B191B887B
S3150800682C1800FFF7DDFD3A1D7B1919883B191B88E3
S3150800683C1800FFF705FE3B1D1800FFF75FFC031E4B
S3150800684C14D0224B3A1D13CA13C303CA03C31278B6
S3150800685C1A701F4B01221A701E4B1B68002B30D066
S3150800686C1C4B1B68194A100098472AE0184B002243
S3150800687C1A7027E01C243B191800FFF7F7FD031EB6
S3150800688C09D03A193423FB1819883623FB181B88A8
S3150800689C1800FFF7A5FD0D4B1C22BA1813CA13C313
S315080068AC03CA03C312781A70094B01221A70094BD2
S315080068BC1B68002B06D0074B1B68044A1000984728
S315080068CC00E0C046BD460FB0F0BDC04688030020A8
S315080068DC9D030020A003002080B500AF044B1B7855
S315080068EC002B01D0034B00E000231800BD4680BDE9
S315080068FC9D0300208803002090B58FB000AFF86088
S3150800690CB960FB1D1A7036203B1800221A803421F8
S3150800691C7B1800221A80BB68002B00D121E1FB1DD5
S3150800692C1B78022B00D81CE13323FB18BA681278A3
S3150800693C1A70BB6801331B781AB2BB6802331B7812
S3150800694C1BB21B021BB213431AB230243B191A8012
S3150800695C3B191B88002B00D105E118243A197B1822
S3150800696C19883B181B881800FFF76AFD3B19180095
S3150800697CFFF7C4FB03001A0001235340DBB2002BBC
S3150800698C03D03B191800FFF721FB3323FB181B78A0
S3150800699C042B00D9E9E09A007D4BD3181B689F4657
S315080069AC30217B181B887B4A934200D8DFE07B1882
S315080069BC1B88794A934200D9D9E01823FB187A1810
S315080069CC0B331478197800200140081C211C01434C
S315080069DC197050785A7800210A40111C021C0A4377
S315080069EC5A7099E030217B181B886A4A934200D862
S315080069FCBFE07B181B88684A934200D9B9E0182077
S31508006A0C3B18DA7A1B7B1B0213439BB27A18128843
S31508006A1C9A4200D3AFE03B187A180D3314781978DC
S31508006A2C00200140081C211C0143197050785A7823
S31508006A3C00210A40111C021C0A435A706CE03021D2
S31508006A4C7B181B88554A934200D896E07B181B88FE
S31508006A5C534A934200D990E018203B18DB681B0276
S31508006A6C1B0C9BB27A1812889A4200D387E03B1803
S31508006A7C7A180F331478197800200140081C211C49
S31508006A8C0143197050785A7800210A40111C021CCF
S31508006A9C0A435A7040E030217B181A88FA235B00A7
S31508006AAC9A4200D26DE07B181B883B4A934268D801
S31508006ABC1823FB187A18113314781978002001401A
S31508006ACC081C211C0143197050785A7800210A4079
S31508006ADC111C021C0A435A701EE030217B181B88B5
S31508006AEC632B50D97B181B882D4A93424BD81823F5
S31508006AFCFB187A1813331478197800200140081CEF
S31508006B0C211C0143197050785A7800210A40111C2F
S31508006B1C021C0A435A70C0461823FA183423FB1869
S31508006B2C19883623FB181B881800FFF759FC142103
S31508006B3C7B183322BA1812781A7030203B181B8827
S31508006B4CDAB27B185A703B181B881B0A9BB2DAB24E
S31508006B5C7B189A707B1813480322190000F0EEFB79
S31508006B6C12E0C04610E0C0460EE0C0460CE0C04637
S31508006B7C0AE0C04608E0C04606E0C04604E0C04647
S31508006B8C02E0C04600E0C046BD460FB090BDC04608
S31508006B9C64E800080F27000060EA0000871300006D
S31508006BAC307500000406000090B58FB000AFF86091
S31508006BBCB960FB1D1A70FFF78FFE03007B637B6BB6
S31508006BCC002B0ED11C243B191A0000210020FFF7BC
S31508006BDC37FC3B191800FFF791FA031E01D03B1935
S31508006BEC7B6314243B19180008231A00002107F0AC
S31508006BFCF1FB7B6B002B50D07B6BDA7A1B7B1B0271
S31508006C0C13439BB2DAB221007B181A707B6BDA7AC3
S31508006C1C1B7B1B0213439BB21B0A9BB2DAB27B1873
S31508006C2C5A707B6B5A7B9B7B1B0213439BB2DAB263
S31508006C3C7B189A707B6B5A7B9B7B1B0213439BB20C
S31508006C4C1B0A9BB2DAB27B18DA707B6B5A7C9B7C7C
S31508006C5C1B0213439BB2DAB27B181A717B6B5A7CF4
S31508006C6C9B7C1B0213439BB21B0A9BB2DAB27B18A2
S31508006C7C5A717B6BDA7C1B7D1B0213439BB2DAB20F
S31508006C8C7B189A717B6BDA7C1B7D1B0213439BB2B8
S31508006C9C1B0A9BB2DAB27B18DA711423FB18154857
S31508006CAC0822190000F04AFB10217B1800221A80D2
S31508006CBC7B6B002B13D07B6BDA7B1B7C1B02134381
S31508006CCC9BB2DAB27B181A707B6BDA7B1B7C1B02C5
S31508006CDC13439BB21B0A9BB2DAB27B185A70102369
S31508006CECFB1805480222190000F028FBC046BD46D1
S31508006CFC0FB090BD040600000506000080B500AF75
S31508006D0C104B00221A70104B00221A700F4B0022DF
S31508006D1C1A700F4B00221A700E4B03220021180012
S31508006D2C07F058FB0C4B80220021180007F052FB89
S31508006D3C0A4B00221A700A4B00221A60C046BD463E
S31508006D4C80BDC046A4030020280400202904002086
S31508006D5C2A0400202C040020A80300202F0400205D
S31508006D6C3004002090B585B000AF0400080011006F
S31508006D7CFB1D221C1A70BB1D021C1A703B1D0A1C1B
S31508006D8C1A80314B1B78DA00304BD318FB6001F0B4
S31508006D9CCDFB0200FB681A60FB68FA1D12781A71A3
S31508006DACFB68BA1D12785A71FB683A1D1288DA808C
S31508006DBC254B1B780133264A134004D5013B102278
S31508006DCC524213430133DAB21F4B1A70214B1B780C
S31508006DDC0F2B05D81F4B1B780133DAB21D4B1A70D3
S31508006DECBB1D1B78012B1FD11B4B02221A70FB1DD6
S31508006DFC1B78122B14D89A00184BD3181B689F466D
S31508006E0C174B01221A701BE0154B01225A7017E01A
S31508006E1C134B01229A7013E0124B01221A700FE0E1
S31508006E2C104B01221A700BE0BB1D1B78002B07D1E7
S31508006E3C094B1B78002B03D1074B01221A70FFE76D
S31508006E4CC046BD4605B090BD29040020A803002005
S31508006E5C0F00008028040020A403002078E800080E
S31508006E6C2C0400202A04002080B500AF024B1B78A6
S31508006E7C1800BD4680BDC046A403002080B500AFEF
S31508006E8C084B1B78002B03D0064B1B78012B01D122
S31508006E9C012300E000231A1C01231340DBB218005F
S31508006EACBD4680BDA403002080B582B000AF1B4B45
S31508006EBC1B78022B03D0194B1B78032B29D1184BA3
S31508006ECC1B78002B05D0FA235B001800FEF786F911
S31508006EDC20E03B00134A1188198092789A70002397
S31508006EEC7B6012E0104A7B68D3181B78002B09D0FC
S31508006EFC3A007B68D3181B78FA2252001100180046
S31508006F0CFEF73CF97B6801337B607B68022BE9DD75
S31508006F1C00E0C046BD4602B080BDC046A4030020B2
S31508006F2C2A04002060E700082C040020B0B58CB0B9
S31508006F3C00AFF860B960FB1D1A70484B1B78002B24
S31508006F4C0DD118243B190822FF21180007F042FA24
S31508006F5C3B1943480822190000F0F0F97AE03F4B38
S31508006F6C1B780F2B04D82F23FB1800221A7004E069
S31508006F7C2F23FB183B4A12781A702E23FB18002273
S31508006F8C1A7053E02F23FA182E257B1912781B78C2
S31508006F9CD318DAB22D203B180F210A401A703B1869
S31508006FAC1B78DA00304BD318BB6210243B19180037
S31508006FBC08231A00002107F00DFA21007B182C0073
S31508006FCC3A1912781A70BB6A1A797B185A70BB6A06
S31508006FDC5A797B189A70BB6ADB88DAB27B18DA7036
S31508006FECBB6ADB881B0A9BB2DAB27B181A71BB6ABE
S31508006FFC1B68DAB27B185A71BB6A1B681B0ADAB2B1
S3150800700C7B189A71BB6A1B681B0CDAB27B18DA718F
S3150800701C7B1813480822190000F090F9022001F099
S3150800702C8FFA3B193A19127801321A700B4B1B78E6
S3150800703C2E22BA1812789A42A4D320243B19082275
S3150800704CFF21180007F0C6F93B1905480822190054
S3150800705C00F074F9BD460CB0B0BDC046280400203B
S3150800706C0107000029040020A803002080B584B07D
S3150800707C00AFF860B960FB1D1A70FB1D1B78002B5E
S3150800708C06D0BB68002B03D0BB681B78AA2B05D08F
S3150800709C174B00211800FDF70AFC25E0154B1B7849
S315080070AC022B05D0124B01211800FDF700FC1BE042
S315080070BC114B00221A70114B00221A70104B8022A9
S315080070CC0021180007F086F90A4B03221A700D4B9B
S315080070DC00221A7001F02AFA02000B4B1A60044BB4
S315080070ECBB211800FDF7CAFBBD4604B080BDC046DF
S315080070FC02070000A403002028040020290400200D
S3150800710CA80300202F0400203004002090B58FB06F
S3150800711C00AF6E4B1B78032B00D0D0E001F006FABB
S3150800712C02006B4B1B68D31A6A4A93420ED9674BFB
S3150800713C02221A70684B1A0001210020FFF712FE72
S3150800714C664BEE211800FDF7B2FBBBE0FFF7C4FB5C
S3150800715C03007B637B6B002B0FD110243B191A00A1
S3150800716C00210020FFF76CF93B191800FEF7C6FF43
S3150800717C031E00D1A5E03B197B632F243B19012282
S3150800718C1A700023FB600C23FB181800FEF70CF989
S3150800719CFB6864225343BB627B6BDA7A1B7B1B024C
S315080071AC13439BB21A00BB6A934215D33B190022B0
S315080071BC1A704B4B00221A70444B02221A70BB6A87
S315080071CC9BB21A0001211120FFF7CCFD434BCC21B1
S315080071DC1800FDF76CFB75E00823FB18414A11886B
S315080071EC198092789A703B1D3E4A118819809278BC
S315080071FC9A7000233B6335E000233B600823FA189A
S3150800720C3B6BD3181B783A0011001800FEF73AF8B6
S3150800721C031E23D17B6B5A7C9B7C1B0213439BB2AC
S3150800722C1A003B689A421AD82F23FB1800221A70A8
S3150800723C2B4B00221A70254B02221A703A1D3B6BF7
S3150800724CD3181B783A6892B201211800FFF78AFD09
S3150800725C224BEE211800FDF72AFB33E0C0463B6BA8
S3150800726C01333B633B6B022BC6DD2F23FB181B78C4
S3150800727C002B06D01A4B1B780133DAB2184B1A704E
S3150800728C02E0174B00221A70154B1B78042B19D9E0
S3150800729C154B00221A70154B03220021180007F013
S315080072AC99F80F4B00221A70084B00221A70FEF739
S315080072BC8DFA0A4BAA211800FDF7E0FA02E0C0463F
S315080072CC00E0C046BD460FB090BDC046A4030020E2
S315080072DC3004002087130000FFFF0000020700009F
S315080072EC2F04002060E700082A0400202C04002044
S315080072FC80B582B000AF0200FB1D1A70FB1D1B780F
S3150800730C072B14D89A000C4BD3181B689F460023DE
S3150800731C0EE001230CE002230AE0032308E0042311
S3150800732C06E0052304E0062302E0072300E0082311
S3150800733C1800BD4602B080BDC4E80008B0B590B0D0
S3150800734C00AFF860B960FB1D1A701023FB18180003
S3150800735C08231A00002107F03DF83F23FA18FB1DF5
S3150800736C1B78D9B2082900D90823137018243B199D
S3150800737C24220021180007F02DF8FB68DB00DA0838
S3150800738C3B191A603B198022D2055A603B19002218
S3150800739C9A603F257B191B781800FFF7A9FF020096
S315080073AC3B19DA603B1900225A613B1900229A6193
S315080073BC3B190022DA617B191B78002B07D07B1945
S315080073CC1A78B9681023FB18180007F035F810233B
S315080073DCFA181823F918064B180002F0ACFF03002C
S315080073EC5A425341DBB21800BD4610B0B0BDC04678
S315080073FC3404002080B588B002AF334B334A1A6088
S3150800740C314B00225A60304B00229A602E4B0022D8
S3150800741CDA602D4B01221A742B4B00225A742A4B14
S3150800742C00229A74284B01225A61274B0C229A6126
S3150800743C254B5F22DA61244B18221A62224B06224C
S3150800744C5A62214B03229A621F4B1022DA621E4B98
S3150800745C03221A631C4B00225A631B4B01229A63A4
S3150800746C194B0022DA63184B180002F04BFD031E69
S3150800747C01D000F0CDFA3B008022D2051A603B0001
S3150800748C00225A603B0002229A603B000122DA6015
S3150800749C3B0000221A613B0000225A613A000A4B53
S315080074AC1100180002F094FE031E01D000F0B0FA89
S315080074BC05480123009301230222022102F0E5FE6E
S315080074CCC046BD4606B080BD3404002000640040AA
S315080074DC90B59DB000AF78605C23FB181800142398
S315080074EC1A00002106F076FF10243B1918004C23CD
S315080074FC1A00002106F06EFF7B681B68274A934228
S3150800750C47D13B19802292041A603B1900229A64CF
S3150800751C3B19180005F048FA031E01D000F078FA5A
S3150800752C1F4BDA6B1E4B802149010A43DA631C4B4D
S3150800753CDA6B80235B011340FB60FB68184B5A6BB4
S3150800754C174B02210A435A63154B5B6B02221340F5
S3150800755CBB60BB685C217B18C02292001A607B1842
S3150800756C02225A607B1800229A607B180022DA6085
S3150800757C7B1803221A617B180A4A1900100003F0BB
S3150800758C8FFB00220021152002F0E6F9152002F0E7
S3150800759CF8F9C046BD461DB090BDC0460064004013
S315080075AC001002400004005090B58BB000AF1424B4
S315080075BC3B19180014231A00002106F00BFF754B13
S315080075CC5A6B744B04210A435A63724B5B6B042245
S315080075DC13403B613B696F4B5A6B6E4B20210A4338
S315080075EC5A636C4B5B6B20221340FB60FB68694B40
S315080075FC5A6B684B01210A435A63664B5B6B012233
S3150800760C1340BB60BB68634B5A6B624B02210A433F
S3150800761C5A63604B5B6B022213407B607B685D4B45
S3150800762C5A6B5C4B08210A435A635A4B5B6B08220C
S3150800763C13403B603B68584B00220E21180003F0A0
S3150800764CB8FCA023DB0500222021180003F0B1FCAE
S3150800765C80231B0251480022190003F0AAFC802340
S3150800766C5B004F480022190003F0A3FC3B198C223F
S3150800767C92011A603B1900225A603B1900229A6043
S3150800768C3B19454A1900100003F00AFB3B190E2258
S3150800769C1A603B1901225A603B1900229A603B1961
S315080076AC0022DA603B193C4A1900100003F0F8FA7C
S315080076BC3B1920221A603B1901225A603B190022F9
S315080076CC9A603B190022DA603A19A023DB051100EF
S315080076DC180003F0E5FA3B19324A1A603B190022E6
S315080076EC5A603B1900229A603B192C4A1900100063
S315080076FC03F0D6FA21007B18802212021A600C00BD
S3150800770C3B1901225A603B1900229A603B19002248
S3150800771CDA603B19214A1900100003F0C1FA21005E
S3150800772C7B18802252001A600C003B1901225A6001
S3150800773C3B1900229A603B190022DA603B19184A59
S3150800774C1900100003F0ACFA3B19174A1A603B19DA
S3150800775C00225A603B1900229A603B19104A1900FC
S3150800776C100003F09DFA21007B18902212021A6071
S3150800777C7B1800225A607B1800229A607A18A0237C
S3150800778CDB051100180003F08BFAC046BD460BB09A
S3150800779C90BDC0460010024000080050000400507E
S315080077AC000C0050386000007F02000080B500AF66
S315080077BC1B4B1C4A1A601A4B1B4A5A60184B002260
S315080077CC9A60174B0122DA60154B00221A61144B8A
S315080077DC00225A61124B00229A61114B0022DA617F
S315080077EC0F4B00221A620E4B180003F01BFC031EEB
S315080077FC01D000F00DF90A4B0021180004F012FB19
S3150800780C031E01D000F004F9054B0021180004F002
S3150800781C55FB031E01D000F0FBF8C046BD4680BDE3
S3150800782C9804002000540040A877A01090B59DB08D
S3150800783C00AF78605C23FB18180014231A0000218B
S3150800784C06F0C8FD10243B1918004C231A00002119
S3150800785C06F0C0FD7B681B68224A93423DD13B1952
S3150800786C20221A603B1900229A613B19180005F070
S3150800787C9BF8031E01D000F0CBF81B4B5A6B1A4B26
S3150800788C02210A435A63184B5B6B02221340FB60B6
S3150800789CFB685C217B18C0221A607B1812225A607E
S315080078AC7B1800229A607B180022DA607B18062265
S315080078BC1A617B180D4A1900100003F0F1F90A4BEE
S315080078CCDA6B094B802189030A43DA63064BDA6BB8
S315080078DC80239B031340BB60BB68C046BD461DB0E6
S315080078EC90BDC046005400400010024000040050F1
S315080078FC80B500AFFCF718FE00F09CFD00F030F8E0
S3150800790CFFF752FEFEF734FBFEF79AF9FFF772FD06
S3150800791CFFF74CFF00F006F900F006FB00F0ECF957
S3150800792C00F084FAFDF7A2FA0C4B180002F0DDFC05
S3150800793CFCF702FEFDF77AFCFDF78EFCFEF748FF16
S3150800794CFFF7DCF9FCF758FEFA235B001800FCF786
S3150800795CA1FEFCF7E5FFC046F4E7C0463404002058
S3150800796C90B595B000AF14243B1918003C231A00A7
S3150800797C002106F02FFD3B1D180010231A000021CC
S3150800798C06F028FD80239B00180004F0E3FA3B1947
S3150800799C01221A603B19802252025A6021007B1878
S315080079AC02221A627B1803225A627B1800229A62F8
S315080079BC7B180F22DA627B18802292021A637B18D4
S315080079CC802292045A637B18802292059A637B184C
S315080079DC180004F0FFFA031E01D000F019F83B1D3D
S315080079EC07221A603B1D02225A603B1D00229A6030
S315080079FC3B1D0022DA603B1D0221180004F04AFEEA
S31508007A0C031E01D000F004F8C046BD4615B090BD63
S31508007A1C80B500AF72B6C046C046FDE780B582B0E9
S31508007A2C00AF114B1A6C104B01210A431A640E4B0A
S31508007A3C1B6C012213407B607B680B4BDA6B0A4B81
S31508007A4C802149050A43DA63074BDA6B80235B0509
S31508007A5C13403B603B68C023DB00180000F094FD24
S31508007A6CC046BD4602B080BD0010024080B500AFCE
S31508007A7CC046FDE780B500AFC046FDE780B500AF50
S31508007A8CC046BD4680BD80B500AFC046BD4680BD6C
S31508007A9C80B500AF00F038FDC046BD4680BD00007D
S31508007AAC80B500AF034B180002F0BEF8C046BD46C1
S31508007ABC80BDC0462803002080B500AF054B1800D2
S31508007ACC02F0B2F8044B180002F0AEF8C046BD46F8
S31508007ADC80BDC0461C0600207C06002080B500AF81
S31508007AEC054B180002F0A0F8044B180002F09CF89D
S31508007AFCC046BD4680BDC046DC0600203C070020BB
S31508007B0C80B500AF034B180002F046FEC046BD46D2
S31508007B1C80BDC0463404002080B500AFC046BD46C3
S31508007B2C80BD000080B59CB000AF6023FB18180020
S31508007B3C10231A00002106F04DFC5423FB181800DC
S31508007B4C0C231A00002106F045FC3823FB181800F4
S31508007B5C1C231A00002106F03DFC3B1D180034239B
S31508007B6C1A00002106F036FC614B624A1A60604B1B
S31508007B7C17225A605E4B00229A605D4B6322DA60CC
S31508007B8C5B4B00221A615A4B00225A61584B8022D1
S31508007B9C9A61574B180005F043F9031E01D0FFF7FD
S31508007BAC37FF60217B18802252011A607A18504BD5
S31508007BBC1100180005F0E0FC031E01D0FFF728FFA2
S31508007BCC4B4B180005F084F9031E01D0FFF720FF74
S31508007BDC54217B1800221A607B1800225A607B18E5
S31508007BEC00229A607A18424B1100180006F0E0FA47
S31508007BFC031E01D0FFF70CFF38217B1860221A6090
S31508007C0C7B1800225A607B1800229A607B18002287
S31508007C1CDA607B1800221A617B1800225A617B18DD
S31508007C2C00229A617918324B0022180005F0A4FB41
S31508007C3C031E01D0FFF7ECFE3823F9182C4B04224F
S31508007C4C180005F099FB031E01D0FFF7E1FE382357
S31508007C5CF918274B0822180005F08EFB031E01D0D5
S31508007C6CFFF7D6FE3823F918214B0C22180005F01D
S31508007C7C83FB031E01D0FFF7CBFE3B1D00221A60C7
S31508007C8C3B1D00225A603B1D00229A603B1D0022B8
S31508007C9CDA603B1D00221A613B1D802292015A6153
S31508007CAC3B1D00229A613B1D0022DA613B1D002216
S31508007CBC1A623B1D802292045A623B1D00229A626C
S31508007CCC3B1D0022DA623B1D00221A633A1D084B43
S31508007CDC1100180006F0E2FA031E01D0FFF798FE11
S31508007CEC034B180000F012FBC046BD461CB080BD05
S31508007CFCEC040020002C014080B58CB000AF20238A
S31508007D0CFB18180010231A00002106F063FB142335
S31508007D1CFB1818000C231A00002106F05BFB3B1D10
S31508007D2C180010231A00002106F054FB3D4B802244
S31508007D3CD2051A603B4B3C4A5A603A4B00229A6071
S31508007D4C384B01225242DA60364B00221A61354B07
S31508007D5C00229A61334B180005F062F8031E01D015
S31508007D6CFFF756FE20217B18802252011A607A18DA
S31508007D7C2C4B1100180005F0FFFB031E01D0FFF772
S31508007D8C47FE284B180005F0F3F9031E01D0FFF740
S31508007D9C3FFE14217B1800221A607B1800229A6079
S31508007DAC7A18204B1100180006F002FA031E01D0AF
S31508007DBCFFF72EFE3B1D00221A603B1D01225A605E
S31508007DCC3B1D0C229A603B1D0022DA60391D154BAF
S31508007DDC0022180005F02CFA031E01D0FFF718FE36
S31508007DEC391D104B0422180005F022FA031E01D087
S31508007DFCFFF70EFE391D0B4B0822180005F018FA72
S31508007E0C031E01D0FFF704FE391D064B0C22180081
S31508007E1C05F00EFA031E01D0FFF7FAFDC046BD4663
S31508007E2C0CB080BD380500205702000080B58CB018
S31508007E3C00AF2023FB18180010231A00002106F0A7
S31508007E4CC9FA1423FB1818000C231A00002106F093
S31508007E5CC1FA3B1D180010231A00002106F0BAFAC5
S31508007E6C2D4B2E4A1A602C4B2D4A5A602A4B00224F
S31508007E7C9A60294B2B4ADA60274B00221A61264B4B
S31508007E8C00229A61244B180004F0CAFF031E01D085
S31508007E9CFFF7BEFD20217B18802252011A607A1842
S31508007EAC1D4B1100180005F067FB031E01D0FFF7E8
S31508007EBCAFFD194B180005F05BF9031E01D0FFF74F
S31508007ECCA7FD14217B1800221A607B1800229A60E1
S31508007EDC7A18114B1100180006F06AF9031E01D026
S31508007EECFFF796FD3B1D00221A603B1D01225A60C6
S31508007EFC3B1D0C229A603B1D0022DA60391D064B8D
S31508007F0C0422180005F094F9031E01D0FFF780FD32
S31508007F1CC046BD460CB080BD840500200004004058
S31508007F2C57020000FFFF000080B588B000AF3B1D6C
S31508007F3C18001C231A00002106F04CFA1F4B204A85
S31508007F4C1A601E4B17225A601C4B00229A601B4B58
S31508007F5C6322DA60194B00221A61184B00229A61C7
S31508007F6C164B180004F05CFF031E01D0FFF750FDFA
S31508007F7C124B180004F0ACFF031E01D0FFF748FDA6
S31508007F8C3B1D60221A603B1D00225A603B1D0022D5
S31508007F9C9A603B1D00221A61391D084B00221800F5
S31508007FAC05F0EAF9031E01D0FFF732FD034B180062
S31508007FBC00F0ACF9C046BD4608B080BDD00500201F
S31508007FCC0020004090B5A3B000AF78607423FB186E
S31508007FDC180014231A00002106F0FCF928243B1972
S31508007FEC18004C231A00002106F0F4F97B681B686C
S31508007FFCB84A93421DD13B19802292031A603B1949
S3150800800C00229A633B19180004F0CEFC031E01D01B
S3150800801CFFF7FEFCB04B1A6CAF4B802109010A43E3
S3150800802C1A64AD4B1A6C80231B0113407B627B6A66
S3150800803C4BE17B681A688023DB059A4200D0FDE089
S3150800804CA54BDA6BA44B01210A43DA63A24BDB6B13
S3150800805C012213403B623B6A9F4B5A6B9E4B042191
S3150800806C0A435A639C4B5B6B04221340FB61FB6906
S3150800807C994B5A6B984B02210A435A63964B5B6B86
S3150800808C02221340BB61BB6974243B1970221A6027
S3150800809C3B1902225A603B1900229A603B190022AE
S315080080ACDA603B1902221A613B198C4A1900100036
S315080080BC02F0F6FD21007B18802212011A607B184B
S315080080CC02225A607B1800229A607B180022DA601A
S315080080DC7B1802221A617B18814A1900100002F0DB
S315080080ECDFFD804B804A1A607E4B1A225A607D4B04
S315080080FC00229A607B4B0022DA607A4B80221A6146
S3150800810C784B802252005A61764B8022D2009A61B3
S3150800811C744B2022DA61734B00221A62714B1800D9
S3150800812C01F050FC031E01D0FFF772FC7B686D4A08
S3150800813C5A626C4B7A689A626C4B6D4A1A606B4B36
S3150800814C1B225A60694B00229A60684B0022DA603F
S3150800815C664B80221A61654B802252005A61634B2A
S3150800816C8022D2009A61614B2022DA615F4B002291
S3150800817C1A625E4B180001F025FC031E01D0FFF7AE
S3150800818C47FC7B68594A9A62584B7A689A62594BEB
S3150800819C594A1A60574B1C225A60564B00229A6051
S315080081AC544B0022DA60534B80221A61514B8022C1
S315080081BC52005A614F4B8022D2009A614D4B2022B5
S315080081CCDA614C4B00221A624A4B180001F0FAFB92
S315080081DC031E01D0FFF71CFC7B68464ADA62454B46
S315080081EC7A689A62454B464A1A60444B1D225A6075
S315080081FC424B00229A60414B0022DA603F4B8022A8
S3150800820C1A613E4B802252005A613C4B8022D200A6
S3150800821C9A613A4B2022DA61384B00221A62374BA4
S3150800822C180001F0CFFB031E01D0FFF7F1FB7B68AA
S3150800823C324A1A63314B7A689A6246E07B681B6845
S3150800824C304A93422ED1244BDA6B234B02210A4334
S3150800825CDA63214BDB6B022213407B617B691E4B75
S3150800826C5A6B1D4B04210A435A631B4B5B6B042246
S3150800827C13403B613B6974217B1880221A607B187A
S3150800828C02225A607B1800229A607B180022DA6058
S3150800829C7B1801221A617B18104A1900100002F08B
S315080082ACFFFC12E07B681B68174A93420DD10A4BF8
S315080082BC1A6C094B802109020A431A64064B1A6C7C
S315080082CC80231B021340FB60FB68C046BD4623B0E7
S315080082DC90BDC046002C014000100240000800501A
S315080082EC000400501C0600201C0002407C060020DE
S315080082FC30000240DC060020440002403C07002007
S3150800830C58000240000400400020004090B58BB095
S3150800831C00AF786014243B19180014231A000021A6
S3150800832C06F058F87B681B68294A934224D1294BD6
S3150800833C5A6B284B01210A435A63264B5B6B012265
S3150800834C13403B613B693B19F02212011A6021006C
S3150800835C7B1802225A607B1800229A607B1800222E
S3150800836CDA607B1802221A617A18A023DB05110041
S3150800837C180002F095FC27E07B681B68164A9342A6
S3150800838C22D1144B5A6B134B04210A435A63114BD3
S3150800839C5B6B04221340FB60FB6814217B1880225C
S315080083AC52011A607B1802225A607B1800229A60C6
S315080083BC7B180022DA607B1802221A617B18074A9E
S315080083CC1900100002F06CFCC046BD460BB090BDFF
S315080083DC002C01400010024000200040000800500C
S315080083EC0D488546FFF798FB0C480D490D4A0023A6
S315080083FC02E0D458C4500433C4188C42F9D30A4A40
S3150800840C0A4C002301E013600432A242FBD305F0A8
S3150800841CEFFFFFF76DFAFEE7004002200000002090
S3150800842CAC00002094E90008AC000020D808002015
S3150800843CFEE7000080B582B000AFFB1D00221A7063
S3150800844C0B4B1A680A4B802149000A431A60032011
S3150800845C00F010F8031E03D0FB1D01221A7001E070
S3150800846CFFF7DCFAFB1D1B781800BD4602B080BD71
S3150800847C0020024090B585B000AF78600F23FB183A
S3150800848C00221A701D4B1B78002B2BD01C4B1C681A
S3150800849C1A4B1B781900FA239800FAF72DFE0300DD
S315080084AC19002000FAF728FE0300180001F07DFADF
S315080084BC031E12D17B68032B0AD8796801235B4209
S315080084CC0022180001F048FA0E4B7A681A600DE083
S315080084DC0F23FB1801221A7008E00F23FB18012240
S315080084EC1A7003E00F23FB1801221A700F23FB18CE
S315080084FC1B781800BD4605B090BDC0465800002034
S3150800850C500000205400002080B500AF054B1B78A6
S3150800851C1A00054B1B68D218034B1A60C046BD4699
S3150800852C80BDC046580000209C07002080B500AFCF
S3150800853C024B1B681800BD4680BDC0469C07002030
S3150800854C80B584B000AF7860FFF7F0FF0300BB601E
S3150800855C7B68FB60FB68013305D00A4B1B781A0055
S3150800856CFB689B18FB60C046FFF7E0FF0200BB6880
S3150800857CD31AFA689A42F7D8C046C046BD4604B024
S3150800858C80BDC0465800002080B582B000AF786028
S3150800859C064B1B68064A13401900044B7A680A43B3
S315080085AC1A60C046BD4602B080BDC04600000140F8
S315080085BCFFF9FFFF80B582B000AF786039607B6841
S315080085CC1B68054A1A403B681A437B681A60C04602
S315080085DCBD4602B080BDC046FFFF3FFE80B582B0E7
S315080085EC00AF78607B681A68E0235B0413401800B8
S315080085FCBD4602B080BD80B584B000AFF860B960E6
S3150800860C7A60FB685B69BA6804210A4007219140C5
S3150800861C0A00D2431A40BB6804210B40796899407A
S3150800862C0B001A43FB685A61C046BD4604B080BDB0
S3150800863C80B582B000AF786039607B685B693A6850
S3150800864C04210A40072191400A001A403B6804217C
S3150800865C0B40DA4013001800BD4602B080BD80B549
S3150800866C82B000AF78607B68DA68C0231B011340C0
S3150800867C01D1012300E000231800BD4602B080BDDD
S3150800868C80B584B000AFF860B9607A60FB689B6A05
S3150800869CBA681F210A400F2191400A00D2431A409A
S315080086AC7B689B0E0F211940BB681F20034099401D
S315080086BC0B001A43FB689A62C046BD4604B080BDDF
S315080086CC80B582B000AF786039607B689A6A3B687F
S315080086DC5B035B0B1A437B689A62C046BD4602B0C5
S315080086EC80BD80B582B000AF786039607B689B6AC4
S315080086FC3A685203520BD2431A407B689A62C046B8
S3150800870CBD4602B080BD000080B584B000AFF860ED
S3150800871CB9607A60FB685B69BA681202D2431A4080
S3150800872CBB681B0279680B4004490B401A43FB686B
S3150800873C5A61C046BD4604B080BDC04600FFFF075F
S3150800874C80B582B000AF78607B689B68054A134099
S3150800875C802252051A437B689A60C046BD4602B011
S3150800876C80BDC046E8FFFF6F80B582B000AF786069
S3150800877C7B689A6880235B051A4080235B059A42BE
S3150800878C01D1012300E000231800BD4602B080BDCC
S3150800879C80B582B000AF78607B689B68044A13404A
S315080087AC01221A437B689A60C046BD4602B080BD5A
S315080087BCE8FFFF7F80B582B000AF78607B689B6866
S315080087CC044A134002221A437B689A60C046BD4687
S315080087DC02B080BDE8FFFF7F80B582B000AF78603D
S315080087EC7B689B6801221340012B01D1012300E011
S315080087FC00231800BD4602B080BD80B582B000AF1C
S3150800880C78607B689B6802221340022B01D10123F6
S3150800881C00E000231800BD4602B080BD80B582B0CA
S3150800882C00AF78607B689B68044A134004221A439D
S3150800883C7B689A60C046BD4602B080BDE8FFFF7FE4
S3150800884C80B582B000AF78607B689B68044A134099
S3150800885C10221A437B689A60C046BD4602B080BD9A
S3150800886CE8FFFF7F80B582B000AF78607B689B68B5
S3150800887C04221340042B01D1012300E00023180025
S3150800888CBD4602B080BD000080B588B000AF7860E8
S3150800889C1F23FB1800221A700023BB6100237B617F
S315080088AC0023FB607B68002B01D101237FE17B68E9
S315080088BC9B6D002B0AD17B681800FDF7C7FA7B68FD
S315080088CC0022DA657B685422002199547B681B6860
S315080088DC1800FFF749FF031E15D17B681B681800A3
S315080088ECFFF72EFFB44B1B68B4491800FAF704FCC3
S315080088FC030001335B00FB6002E0FB68013BFB6095
S3150800890CFB68002BF9D17B681B681800FFF72CFF56
S3150800891C031E0FD17B689B6D10221A437B689A65E0
S3150800892C7B68DB6D01221A437B68DA651F23FB180B
S3150800893C01221A707B681B681800FFF793FF030067
S3150800894C3B617B689B6D1022134000D022E13B698A
S3150800895C002B00D01EE17B689B6D994A13400222BE
S3150800896C1A437B689A657B681B681800FFF734FF07
S3150800897C031E00D0ADE07B689A687B681B7E9B0360
S3150800898C1A437B685B7EDB031A437B689B7E5B031F
S3150800899C1A437B681B6B002B02D080235B0100E01B
S315080089AC00231A437B68DB681A437B681B69002B18
S315080089BC04DA7B681B695B005B0801E080239B0378
S315080089CC1A437B682C215B5C5B001343BA6913431F
S315080089DCBB617B6820229B5C012B15D17B689B7E37
S315080089EC002B05D1BB69802252021343BB610BE0F5
S315080089FC7B689B6D20221A437B689A657B68DB6DC6
S31508008A0C01221A437B68DA657B685B6A002B0AD0FD
S31508008A1C7B685A6AE0235B001A407B689B6A13439F
S31508008A2CBA691343BB617B681B68DB68654A1340EC
S31508008A3C19007B681B68BA690A43DA607B685B684D
S31508008A4C9B0F9A077B68DB6C13437A6913437B612C
S31508008A5C7B683C229B5C012B11D17B685B689B0F66
S31508008A6C9A077B681B6C1A437B685B6C1A437B689A
S31508008A7C9B6C1A437B691343012213437B617B6806
S31508008A8C1B681B69504A134019007B681B687A6976
S31508008A9C0A431A617B685A68C0231B069A4218D087
S31508008AAC7B685A688023DB059A4212D07B685A6821
S31508008ABC80231B069A420CD0444B1B68444A13402D
S31508008ACC19007B685A68F0239B031A403F4B0A43EC
S31508008ADC1A607B6818687B685B6B1A000021FFF7C5
S31508008AEC8AFD7B6818687B689B6B3A491A00FFF706
S31508008AFC82FD7B681B69002B09D17B681B689A6A07
S31508008B0C7B681B68102149420A439A6218E07B6805
S31508008B1C1A6980239B039A4212D17B681B689B6A4D
S31508008B2C7B68DB69013B9B001C22134010225242D6
S31508008B3C9A4011007B681A6E7B681B680A439A6216
S31508008B4C7B681B6800211800FFF772FD02007B6822
S31508008B5C5B6B9A420BD17B680022DA657B689B6D4E
S31508008B6C0322934301221A437B689A651CE07B68AF
S31508008B7C9B6D1222934310221A437B689A657B6875
S31508008B8CDB6D01221A437B68DA651F23FB18012269
S31508008B9C1A7009E07B689B6D10221A437B689A65EC
S31508008BAC1F23FB1801221A701F23FB181B781800A9
S31508008BBCBD4608B080BDC04650000020400D0300DD
S31508008BCCFDFEFFFF0102DEFF02FCFF1F0827014026
S31508008BDCFFFFC3FF04FFFF07B0B584B000AF786092
S31508008BEC7B6854229B5C012B01D1022329E07B680C
S31508008BFC5422012199540F257C197B68180000F022
S31508008C0CA5FA030023707B191B78002B12D17C194B
S31508008C1C7B68180000F062FB030023707B191B7835
S31508008C2C002B07D17B689B6D084A134001221A4317
S31508008C3C7B689A657B685422002199540F23FB188C
S31508008C4C1B781800BD4604B0B0BDC046FEFEFFFF3B
S31508008C5CB0B586B000AFF860B9607A60FB681B687F
S31508008C6C1800FFF7FFFD031E6CD1FB6854229B5CB2
S31508008C7C012B01D102236CE0FB6854220121995483
S31508008C8CFB681B68DB680122134013D1FB681B6861
S31508008C9C1800FFF7A1FD031E04D0FB681B6818001B
S31508008CACFFF788FDFB681B68DA68FB681B680121FF
S31508008CBC0A43DA6017257C19FB68180000F088FA55
S31508008CCC030023702C003B191B78002B3ED1FB6844
S31508008CDC9B6D224A1340802252001A43FB689A6500
S31508008CECFB680022DA65FB681B6D1D4ADA62FB68B5
S31508008CFC1B6D1C4A1A63FB681B6D1B4A5A63FB687F
S31508008D0C1B681C221A60FB68542200219954FB68C4
S31508008D1C1B685A68FB681B6810210A435A60FB6873
S31508008D2C186DFB681B6840331900BA683C197B68D8
S31508008D3C00F0F4FE03002370FB681B681800FFF7AD
S31508008D4C6DFD03E01723FB1802221A701723FB1874
S31508008D5C1B781800BD4606B0B0BDC046FEF0FFFF36
S31508008D6CA59300086D9400088B94000880B582B012
S31508008D7C00AF7860C046BD4602B080BD80B582B0F3
S31508008D8C00AF7860C046BD4602B080BD80B582B0E3
S31508008D9C00AF7860C046BD4602B080BD80B586B0CF
S31508008DAC00AF786039601723FB1800221A7000236D
S31508008DBCFB607B6854229B5C012B01D10223C0E12A
S31508008DCC7B685422012199547B681B681800FFF7AD
S31508008DDC49FD031E00D0A3E13B685B68022B00D15A
S31508008DEC43E17B681A6980231B069A4204D07B6888
S31508008DFC1B69C14A934208D17B681A683B681B6891
S31508008E0C19001000FFF75CFCC9E07B681A6E3B681A
S31508008E1C5B681F210B400F2199400B00DB43134065
S31508008E2C19003B681B685B035B0B05D13B681B6829
S31508008E3C9B0E1F22134098E03B681B6801221340C7
S31508008E4C00D091E03B681B680222134000D089E0F1
S31508008E5C3B681B680422134000D081E03B681B6802
S31508008E6C0822134000D079E03B681B681022134097
S31508008E7C00D071E03B681B682022134000D069E0E3
S31508008E8C3B681B684022134000D061E03B681B68B6
S31508008E9C8022134000D059E03B681A6880235B0097
S31508008EAC134051D13B681A6880239B00134049D163
S31508008EBC3B681A688023DB00134041D13B681A686B
S31508008ECC80231B01134039D13B681A6880235B0148
S31508008EDC134031D13B681A6880239B01134029D172
S31508008EEC3B681A688023DB01134021D13B681A685A
S31508008EFC80231B02134019D13B681A6880235B0236
S31508008F0C134011D13B681A6880239B02134009D180
S31508008F1C3B681A688023DB02134001D0122324E035
S31508008F2C002322E0112320E010231EE00F231CE06F
S31508008F3C0E231AE00D2318E00C2316E00B2314E07D
S31508008F4C0A2312E0092310E008230EE007230CE09D
S31508008F5C06230AE0052308E0042306E0032304E0BD
S31508008F6C022302E0012300E000233A6852681F201E
S31508008F7C024093400A001A437B681A663B685B6892
S31508008F8C9B085A1C7B68DB699A4208D87B68186868
S31508008F9C3B6859683B681B681A00FFF771FB7B68CE
S31508008FAC18683B6819683B689B681A00FFF7ACFBA6
S31508008FBC3B681B68002B00DBBCE0504B1800FFF726
S31508008FCC0DFB03003B613B681B684D4A934222D15B
S31508008FDC3A6980231B0413401DD13B698022120475
S31508008FEC1343464A19001000FFF7E4FA454B1B6871
S31508008FFC45491800FAF780F803005A1C13005B0061
S3150800900C9B189B00FB6002E0FB68013BFB60FB685E
S3150800901C002BF9D18EE03B681B683C4A93420ED173
S3150800902C3A6980235B04134009D13B6980225204B8
S3150800903C1343324A19001000FFF7BCFA7AE03B6872
S3150800904C1B68334A934200D074E03A698023DB03E9
S3150800905C134000D06EE03B698022D2031343274AA3
S3150800906C19001000FFF7A6FA64E07B681A698023DA
S3150800907C1B069A4204D07B681B691F4A934207D188
S3150800908C7B681A683B681B6819001000FFF729FBF8
S3150800909C3B681B68002B4DDA184B1800FFF79EFA35
S315080090AC03003B613B681B68154A934208D13B6930
S315080090BC184A1340114A19001000FFF77BFA39E0D9
S315080090CC3B681B68114A934208D13B69124A134004
S315080090DC0A4A19001000FFF76DFA2BE03B681B686B
S315080090EC0B4A934226D13B690C4A1340034A190092
S315080090FC1000FFF75FFA1DE0040000800827014006
S3150800910C001000B050000020400D0300004000B8CD
S3150800911C002000B4FFFF7FFFFFFFFFFEFFFFBFFF2E
S3150800912C7B689B6D20221A437B689A651723FB186C
S3150800913C01221A707B685422002199541723FB18B4
S3150800914C1B781800BD4606B080BDC04680B584B0F5
S3150800915C00AF78607B681B681800FFF783FB031E5B
S3150800916C31D07B681B681800FFF747FB031E04D138
S3150800917C7B681B681800FFF763FBFFF7D7F903003A
S3150800918CFB601AE0FFF7D2F90200FB68D31A022B30
S3150800919C13D97B681B689B68042213400DD07B6827
S315080091AC9B6D10221A437B689A657B68DB6D0122DE
S315080091BC1A437B68DA65012306E07B681B689B68A3
S315080091CC04221340DED100231800BD4604B080BD2E
S315080091DC80B584B000AF78600023BB607B681B68E1
S315080091EC1800FFF7F9FA031E00D069E07B681B68C4
S315080091FC9B68364A13400DD07B689B6D10221A4328
S3150800920C7B689A657B68DB6D01221A437B68DA6595
S3150800921C012356E07B681B681800FFF7B9FA2C4B3C
S3150800922C1800FFF7DBF9020080231B0413400FD04C
S3150800923C284B1B6828491800F9F75EFF0300013311
S3150800924CBB6002E0BB68013BBB60BB68002BF9D175
S3150800925C7B685B7E012B33D0FFF768F90300FB6054
S3150800926C27E07B681B681800FFF7B6FA031E04D1C3
S3150800927C7B681B681800FFF78BFAFFF757F9020093
S3150800928CFB68D31A022B14D97B681B681B6801224E
S3150800929C1340012B0DD07B689B6D10221A437B68FB
S315080092AC9A657B68DB6D01221A437B68DA650123B4
S315080092BC07E07B681B681B6801221340012BD0D181
S315080092CC00231800BD4604B080BDC04617000080B8
S315080092DC0827014050000020400D030080B584B0DB
S315080092EC00AF78607B681B681800FFF786FA0300E6
S315080092FCFB607B681B681800FFF76EFA031E46D0E6
S3150800930CFB68002B43D17B681B689B6805221340BE
S3150800931C012B0DD17B681B681800FFF74BFA7B688D
S3150800932C1B6803221A60FFF701F90300BB6028E0EB
S3150800933C7B689B6D10221A437B689A657B68DB6D8C
S3150800934C01221A437B68DA65012321E0FFF7EEF860
S3150800935C0200BB68D31A022B13D97B681B689B685F
S3150800936C012213400DD07B689B6D10221A437B6833
S3150800937C9A657B68DB6D01221A437B68DA650123E3
S3150800938C06E07B681B689B6801221340DED100232C
S3150800939C1800BD4604B080BD80B584B000AF7860B7
S315080093AC7B689B6AFB60FB689B6D5022134041D11E
S315080093BCFB689B6D802292001A43FB689A65FB68D2
S315080093CC1B681800FFF74BF9031E2ED0FB689B7E13
S315080093DC002B2AD1FB681B681B6808221340082B34
S315080093EC23D1FB681B681800FFF73CFA031E10D143
S315080093FCFB681B685A68FB681B680C218A435A6011
S3150800940CFB689B6D154A134001221A43FB689A6543
S3150800941C0BE0FB689B6D20221A43FB689A65FB6878
S3150800942CDB6D01221A43FB68DA65FB681800FFF747
S3150800943C9DFC0FE0FB689B6D1022134004D0FB6863
S3150800944C1800FFF7A3FC05E0FB681B6D5B6B7A68DD
S3150800945C10009847C046BD4604B080BDFEFEFFFF0F
S3150800946C80B584B000AF78607B689B6AFB60FB684C
S3150800947C1800FFF783FCC046BD4604B080BD80B516
S3150800948C84B000AF78607B689B6AFB60FB689B6D59
S3150800949C40221A43FB689A65FB68DB6D04221A4363
S315080094ACFB68DA65FB681800FFF770FCC046BD461A
S315080094BC04B080BD80B582B000AF78607B681A684E
S315080094CCF0239B0313401800BD4602B080BD80B53F
S315080094DC82B000AF78607B681B699B0F9B071800EE
S315080094ECBD4602B080BD80B582B000AF78603960E9
S315080094FC7B68B4229B587F2293431A003B681A4315
S3150800950C7B68B4215A50C046BD4602B080BD80B5B2
S3150800951C82B000AF78607B68B4229B587F221340D8
S3150800952C1800BD4602B080BD80B582B000AF786029
S3150800953C7B689B68044A134001221A437B689A602D
S3150800954CC046BD4602B080BDE8FFFF7F80B582B03D
S3150800955C00AF78607B689B68044A134002221A4362
S3150800956C7B689A60C046BD4602B080BDE8FFFF7FA7
S3150800957C80B582B000AF78607B689B680122134087
S3150800958C012B01D1012300E000231800BD4602B0CF
S3150800959C80BD000080B582B000AF78607B689B68A0
S315080095AC054A1340802212061A437B689A60C04605
S315080095BCBD4602B080BDC046E8FFFF7F80B582B0CD
S315080095CC00AF78607B689B68DB0FDA0780231B0685
S315080095DC9A4201D1012300E000231800BD4602B0CF
S315080095EC80BD000090B58BB000AF78600023FB609F
S315080095FC00233B627B6854229B5C012B01D102231E
S3150800960CDDE07B685422012199541F23FC187B68E2
S3150800961C1800FFF763FE030023707B681B681800AD
S3150800962CFFF7A6FF031E00D0BCE07B689B6D664A5D
S3150800963C134002221A437B689A657B681B68DB68B1
S3150800964C624A1340BB617B681B68DA687B681B68D7
S3150800965C5F490A40DA6000237B622DE07B681B6851
S3150800966C1800FFF797FF14E0FB680133FB60FB68F3
S3150800967C584A93420DD97B689B6D1222934310224C
S3150800968C1A437B689A657B685422002199540123F6
S3150800969C95E07B681B681800FFF790FF031EE3D163
S315080096AC7B681B681800FFF732FF02003B6A9B18A1
S315080096BC3B627B6A01337B627B6A072BCED9796A5C
S315080096CC386AF9F719FD03003B627B681B681800BA
S315080096DCFFF72AFF7B681B681800FFF7F8FE031EC6
S315080096EC1BD13D4B1800FFF7E5FE03007B617A6939
S315080096FCE0235B039A4210D37B699B0C033B012244
S3150800970C9A401300BB60BB685B08BB6002E0BB6891
S3150800971C013BBB60BB68002BF9D17B681B683A6AB6
S3150800972C11001800FFF7DFFE7B681B681800FFF7AF
S3150800973C0DFFFEF7FBFE03003B611BE0FEF7F6FE92
S3150800974C02003B69D31A022B14D97B681B681800D4
S3150800975CFFF70EFF031E0DD07B689B6D10221A4374
S3150800976C7B689A657B68DB6D01221A437B68DA6530
S3150800977C012324E07B681B681800FFF7F9FE031E1B
S3150800978CDCD17B681B68D9687B681B68BA690A4395
S3150800979CDA607B689B6D0322934301221A437B682C
S315080097AC9A6505E07B689B6D10221A437B689A655F
S315080097BC7B685422002199541F23FB181B78180028
S315080097CCBD460BB090BDC046FDFEFFFF03800000F2
S315080097DCFC7FFFFFFFF102000827014080B582B02D
S315080097EC00AF0200FB1D1A70FB1D1B787F2B09D8D6
S315080097FCFB1D1B781A001F231A40044B01219140AC
S3150800980C0A001A60C046BD4602B080BD00E100E001
S3150800981C90B583B000AF02003960FB1D1A70FB1DB2
S3150800982C1B787F2B28D82F4AFB1D1B785BB29B080D
S3150800983CC0339B009B58FA1D1278110003220A406C
S3150800984CD200FF2191400A00D2431A4011003B680E
S3150800985C9B01FF221A40FB1D1B78180003230340AB
S3150800986CDB009A401F48FB1D1B785BB29B080A431A
S3150800987CC0339B001A5031E01B4AFB1D1B7819009C
S3150800988C0F230B40083B9B0806339B00D318043365
S3150800989C1B68FA1D1278110003220A40D200FF2118
S315080098AC91400A00D2431A4011003B689B01FF22E3
S315080098BC1A40FB1D1B78180003230340DB009A4053
S315080098CC0948FB1D1B781C000F232340083B9B08EB
S315080098DC0A4306339B00C31804331A60C046BD46B8
S315080098EC03B090BD00E100E000ED00E080B500AFEC
S315080098FCBFF34F8FC046044B044ADA60BFF34F8F51
S3150800990CC046C046FDE7C04600ED00E00400FA0577
S3150800991C80B582B000AF78607B685A1E80235B04E2
S3150800992C9A4201D3012310E00A4B7A68013A5A602D
S3150800993C01235B4203211800FFF76AFF054B00223F
S3150800994C9A60044B07221A6000231800BD4602B021
S3150800995C80BDC04610E000E080B584B000AFB960A9
S3150800996C7A600F217B18021C1A70BA687B181B7850
S3150800997C5BB211001800FFF74BFFC046BD4604B09A
S3150800998C80BD80B582B000AF0200FB1D1A70FB1DAE
S3150800999C1B785BB21800FFF721FFC046BD4602B024
S315080099AC80BD80B500AFFFF7A1FF80B582B000AFD0
S315080099BC78607B681800FFF7ABFF03001800BD46FC
S315080099CC02B080BD80B582B000AF78607B68002B92
S315080099DC01D1012391E07B681B681A00494B9A4216
S315080099EC10D87B681B68484A9446634414211800AF
S315080099FCF9F782FB03009A007B685A647B68434A32
S31508009A0C1A640FE07B681B68414A94466344142128
S31508009A1C1800F9F771FB03009A007B685A647B6897
S31508009A2C3C4A1A647B682522022199547B681B6878
S31508009A3C1A687B681B6838490A401A607B681B6879
S31508009A4C19687B689A687B68DB681A437B681B69AC
S31508009A5C1A437B685B691A437B689B691A437B6864
S31508009A6CDB691A437B681B6A1A437B681B680A43C3
S31508009A7C1A607B68180000F0D7F97B689A6880230F
S31508009A8CDB019A4202D17B6800225A607B685A68CD
S31508009A9C7B689B6C7F210A401A607B68DB6C7A6852
S31508009AAC126D5A607B685B68002B11D07B685B680B
S31508009ABC042B0DD87B68180000F000FA7B685B6DE8
S31508009ACC00221A607B689B6D7A68D26D5A6008E032
S31508009ADC7B6800225A657B6800229A657B6800229F
S31508009AECDA657B680022DA637B68252201219954A2
S31508009AFC7B6824220021995400231800BD4602B025
S31508009B0C80BDC04607040240F8FFFDBF00000240B6
S31508009B1CF8FBFDBF000402400F80FFFF80B586B03E
S31508009B2C00AFF860B9607A603B601723FB18002217
S31508009B3C1A70FB6824229B5C012B01D102236FE06F
S31508009B4CFB68242201219954FB6825229B5CDBB215
S31508009B5C012B57D1FB68252202219954FB68002258
S31508009B6CDA63FB681B681A68FB681B6801218A4361
S31508009B7C1A603B687A68B968F86800F019F9FB68E6
S31508009B8C1B6B002B08D0FB681B681A68FB681B68E4
S31508009B9C0E210A431A600FE0FB681B681A68FB68FB
S31508009BAC1B6804218A431A60FB681B681A68FB68E1
S31508009BBC1B680A210A431A60FB689B6C1A68802387
S31508009BCC5B02134008D0FB689B6C1A68FB689B6C9D
S31508009BDC802149000A431A60FB685B6D002B08D08C
S31508009BECFB685B6D1A68FB685B6D802149000A434C
S31508009BFC1A60FB681B681A68FB681B6801210A4314
S31508009C0C1A600AE0FB688022DA63FB6824220021CA
S31508009C1C99541723FB1801221A701723FB181B7863
S31508009C2C1800BD4606B080BD80B584B000AF78601C
S31508009C3C7B681B6C1B68FB607B681B681B68BB60BE
S31508009C4C7B685B6C1C22134004229A401300FA684A
S31508009C5C134026D0BB680422134022D07B681B68AD
S31508009C6C1B682022134007D17B681B681A687B681F
S31508009C7C1B6804218A431A607B685B6C1C221A4099
S31508009C8C7B681B6C042191400A005A607B681B6B2D
S31508009C9C002B00D180E07B681B6B7A681000984714
S31508009CAC7AE07B685B6C1C22134002229A401300F4
S31508009CBCFA6813403CD0BB680222134038D07B6844
S31508009CCC1B681B68202213400BD17B681B681A681B
S31508009CDC7B681B680A218A431A607B682522012146
S31508009CEC99547B681B681A002E4B9A4209D97B68D3
S31508009CFC5B6C1C221A402C4B022191400A005A60BC
S31508009D0C08E07B685B6C1C221A40284B02219140A8
S31508009D1C0A005A607B682422002199547B68DB6A06
S31508009D2C002B39D07B68DB6A7A681000984733E0D9
S31508009D3C7B685B6C1C22134008229A401300FA6855
S31508009D4C13402AD0BB680822134026D07B681B68B0
S31508009D5C1A687B681B680E218A431A607B685B6CE1
S31508009D6C1C221A407B681B6C012191400A005A6020
S31508009D7C7B680122DA637B682522012199547B686A
S31508009D8C2422002199547B685B6B002B05D07B68D9
S31508009D9C5B6B7A6810009847C046C046BD4604B04F
S31508009DAC80BDC0468000024000040240000002400C
S31508009DBC80B584B000AFF860B9607A603B60FB6828
S31508009DCCDB6CFA68126D5A60FB685B6D002B04D06D
S31508009DDCFB689B6DFA68D26D5A60FB685B6C1C223B
S31508009DEC1A40FB681B6C012191400A005A60FB68FB
S31508009DFC1B683A685A60FB689B68102B08D1FB688D
S31508009E0C1B687A689A60FB681B68BA68DA6007E0B0
S31508009E1CFB681B68BA689A60FB681B687A68DA6024
S31508009E2CC046BD4604B080BD80B584B000AF78602E
S31508009E3C7B681B681A001D4B9A4214D87B685B6CAE
S31508009E4C9B089B001A4A9A187B689A647B681B685D
S31508009E5C1A00FF231340083B14211800F9F74CF994
S31508009E6C0300FB6014E07B685B6C9B089B00114A43
S31508009E7C9A187B689A647B681B681A00FF23134040
S31508009E8C083B14211800F9F737F903000733FB6070
S31508009E9C7B68094ADA64FB681F22134001229A4040
S31508009EAC7B681A65C046BD4604B080BD07040240EF
S31508009EBC000802401C0802408008024080B584B0A5
S31508009ECC00AF78607B685B687F221340FB60FB6899
S31508009EDC0A4A944663449B001A007B685A657B6859
S31508009EEC074A9A65FB68013B0322134001229A40F4
S31508009EFC7B68DA65C046BD4604B080BD3F8200105B
S31508009F0C4009024080B584B000AF78607B68002BAE
S31508009F1C01D101234EE17B685C229B5CDBB2002BF2
S31508009F2C07D17B685D22002199547B681800FDF7E0
S31508009F3CCFFA7B681B689A697B681B6810218A4371
S31508009F4C9A61FEF7F3FA0300FB6012E0FEF7EEFAED
S31508009F5C0200FB68D31A0A2B0BD97B681B6E0122ED
S31508009F6C1A437B681A667B685C2203219954012381
S31508009F7C20E17B681B689B6908221340082BE5D0F7
S31508009F8C7B681B689A697B681B6801210A439A617E
S31508009F9CFEF7CCFA0300FB6012E0FEF7C7FA0200E4
S31508009FACFB68D31A0A2B0BD97B681B6E01221A4342
S31508009FBC7B681A667B685C22032199540123F9E0B5
S31508009FCC7B681B689B6901221340E6D07B681B687B
S31508009FDC9A697B681B6802210A439A617B681B682D
S31508009FEC764A934203D1764A7B685B6813607B6832
S31508009FFC1B7C012B08D17B681B689A697B681B68DC
S3150800A00C40218A439A6107E07B681B689A697B68DA
S3150800A01C1B6840210A439A617B685B7C012B09D13A
S3150800A02C7B681B689A697B681B688021C9010A438F
S3150800A03C9A6107E07B681B689A697B681B686149AB
S3150800A04C0A409A617B689B7C012B08D17B681B684C
S3150800A05C9A697B681B685C490A409A6108E07B68C8
S3150800A06C1B689A697B681B68802149010A439A61B7
S3150800A07C7B681B689B69554A134019007B689A686C
S3150800A08C7B681B680A439A617B681B689A697B68BC
S3150800A09C1B68A4218A439A617B681B681A697B68CA
S3150800A0AC1B6810218A431A617B68DB68012B08D16F
S3150800A0BC7B681B689A697B681B6804210A439A614A
S3150800A0CC2CE07B68DB68002B28D07B68DB68022BCE
S3150800A0DC1CD07B681B689A697B681B6880210A43BD
S3150800A0EC9A617B681B681A697B681B6810210A438E
S3150800A0FC1A617B68DB68032B10D17B681B689A692D
S3150800A10C7B681B6820210A439A6107E07B681B68F9
S3150800A11C9A697B681B6820210A439A617B689B694C
S3150800A12C013B5A067B68DB69013B1B021A437B68B9
S3150800A13C1B6A013B1A4311007B685B69013B1A04D5
S3150800A14C7B681B680A43DA617B689A68C0239B00A4
S3150800A15C9A4215D17B689B6A5A1E7B68DB6A013B5F
S3150800A16C1B021A437B681B6B013B1B011A4311002C
S3150800A17C7B685B6A013B1A047B681B680A43DA60D6
S3150800A18C7B681B68C02299587B68DA6B7B681B68EE
S3150800A19C0A43C0215A507B68180000F099FC7B686A
S3150800A1AC00229A657B6800221A667B685C2201216C
S3150800A1BC995400231800BD4604B080BD00640040C5
S3150800A1CC00650040FFBFFFFFFFEFFFFFFFFCFFFF2F
S3150800A1DC80B586B000AF7860396017203B187A686E
S3150800A1EC5C21525C1A700200BB181B78012B03D039
S3150800A1FCBB181B78022B3DD13B681B68002B19D169
S3150800A20C3B689B689A073B68DB68DB061A433B6826
S3150800A21C1B691B041A433B685B6913433B617B68E8
S3150800A22C1A6C3B685B689B00D318BB60BB683A69C1
S3150800A23C1A601DE03B68DB685A073B681B691343C9
S3150800A24C3B613B689B689A073B685B691343FB60F9
S3150800A25C7B685A6C3B685B68DB00D318BB60BB68D1
S3150800A26C3A691A60BB680433BB60BB68FA681A6043
S3150800A27C002306E07B681B6E02221A437B681A666B
S3150800A28C01231800BD4606B080BD80B584B000AF6A
S3150800A29CF860B9607A603B60FB685C229B5CDBB259
S3150800A2AC012B17D1FB681B6880229B583F229343CE
S3150800A2BC1900BB681A017B689B001A433B685B0054
S3150800A2CC1A43BB691A43FB681B680A4380215A5018
S3150800A2DC002306E0FB681B6E04221A43FB681A6609
S3150800A2EC01231800BD4604B080BD80B582B000AF0E
S3150800A2FC78607B685C229B5CDBB2012B10D17B6897
S3150800A30C5C22022199547B681B689A697B681B68D6
S3150800A31C01218A439A617B6800221A66002306E0AB
S3150800A32C7B681B6E04221A437B681A660123180085
S3150800A33CBD4602B080BD80B586B000AFF860B96086
S3150800A34C7A60FB685C229B5CDBB2022B2DD1FB6826
S3150800A35C1B68C4229A5880239B03134008D0FB68B9
S3150800A36C1B6E802292001A43FB681A66012323E0AF
S3150800A37CFB681B68C4229B581B0C032213407B6189
S3150800A38C7B697A68B968F86800F00EFCFB681B688C
S3150800A39C01217A6991400A00CC215A5001227B6925
S3150800A3AC9A40FB689A65002306E0FB681B6E082238
S3150800A3BC1A43FB681A6601231800BD4606B080BD11
S3150800A3CC80B58AB000AFF860B9607A603B6000234C
S3150800A3DCFB611B203B18FA685C21525C1A703B180F
S3150800A3EC1B78022B00D0F4E0BB68402B3BD1FB68F2
S3150800A3FC1B6890229B580F22134008D1FB681B6ED2
S3150800A40C802252001A43FB681A660123E8E0FB68AF
S3150800A41C1B6890229A5880235B041A4080235B049D
S3150800A42C9A420CD1FB681B6880229A5880239B00A1
S3150800A43C1A4080239B009A4201D10123FB61FB68D9
S3150800A44C1B6890229B581B0A03221340FA69D318DF
S3150800A45CFB61FB68996CFA691300DB009B18DB003F
S3150800A46CCB187B623AE0FB681B6898229B580F2234
S3150800A47C134008D1FB681B6E802252001A43FB68F6
S3150800A48C1A660123ACE0FB681B6898229A5880234D
S3150800A49C5B041A4080235B049A420CD1FB681B6848
S3150800A4AC80229A5880235B001A4080235B009A42CC
S3150800A4BC01D10123FB61FB681B6898229B581B0A78
S3150800A4CC03221340FA69D318FB61FB68D96CFA6945
S3150800A4DC1300DB009B18DB00CB187B627B6A1A68BF
S3150800A4EC8023DB051A407B685A607B685B68002B07
S3150800A4FC07D17B6A1B689B0C5B055A0D7B681A6037
S3150800A50C05E07B6A1B68DB00DA087B681A607B6AE5
S3150800A51C1A6880239B051A407B689A607B6A1B68BD
S3150800A52CDB0FDA077B681A617B6A04337B627B6A0A
S3150800A53C1B681B041A0C7B68DA617B6A1B681B0C8C
S3150800A54C0F221A407B68DA607B6A1A6880235B03E1
S3150800A55C1A407B685A617B6A1A6880239B031A40E7
S3150800A56C7B689A617B6A1B681B0E7F221A407B6884
S3150800A57C1A627B6A1B68DA0F7B685A627B6A043339
S3150800A58C7B627B6A7B6100233B620AE07A693B6AE1
S3150800A59CD21839683B6ACB1812781A703B6A0133A1
S3150800A5AC3B627B68DB68104AD35C1A003B6A9342B1
S3150800A5BCECD3BB68402B05D1FB681B689421FA6960
S3150800A5CC5A5004E0FB681B689C21FA695A50002310
S3150800A5DC06E0FB681B6E08221A43FB681A66012301
S3150800A5EC1800BD460AB080BD24E9000880B586B0BF
S3150800A5FC00AFF860B9607A6017203B18FA685C21DE
S3150800A60C525C1A700200BB181B78012B04D0BB18BD
S3150800A61C1B78022B00D0B4E0FB681B689B6D3B6172
S3150800A62CBB680722134003D03B690122134034D080
S3150800A63CBB683822134003D03B69022213402CD046
S3150800A64CBA68E0235B00134003D03B69042213402D
S3150800A65C23D0BA68F0235B01134003D03B69082268
S3150800A66C13401AD0BA68E0231B02134003D03B6987
S3150800A67C1022134011D0BA68C0239B02134003D092
S3150800A68C3B692022134008D0BA68FC231B041340EC
S3150800A69C0BD03B694022134007D1FB681B68DA6D67
S3150800A6ACFB681B6801210A43DA65BB68072213405D
S3150800A6BC03D03B690122134034D1BB6838221340BE
S3150800A6CC03D03B69022213402CD1BA68E0235B0005
S3150800A6DC134003D03B690422134023D1BA68F023F4
S3150800A6EC5B01134003D03B69082213401AD1BA68A0
S3150800A6FCE0231B02134003D03B691022134011D1EF
S3150800A70CBA68C0239B02134003D03B69202213402E
S3150800A71C08D1BA68FC231B0413400BD03B694022B2
S3150800A72C134007D0FB681B68DA6DFB681B680221AF
S3150800A73C0A43DA65BB688022134009D0FB681B689C
S3150800A74CDC229958FB681B687A680A43DC215A5044
S3150800A75CBA6880235B00134009D0FB681B68E022AB
S3150800A76C9958FB681B687A680A43E0215A50FB68BB
S3150800A77C1B68596DFB681B68BA680A435A6500233F
S3150800A78C06E0FB681B6E02221A43FB681A66012355
S3150800A79C1800BD4606B080BD80B58CB000AF786099
S3150800A7AC7B681B681A6DE0235B011340FB627B68B0
S3150800A7BC1B685A6DFB6A1340FB627B681B681B6D32
S3150800A7CC07221340BB627B681B685A6DBB6A134031
S3150800A7DCBB627B681B681B6D382213407B627B68E7
S3150800A7EC1B685A6D7B6A13407B627B681B681A6D03
S3150800A7FCF1231B0413403B627B681B685A6D3B6A4A
S3150800A80C13403B627B681B681A6DE0231B031340DD
S3150800A81CFB617B681B685A6DFB691340FB617B689F
S3150800A82C1B685B6DBB617B681B681B6D7B617B69F9
S3150800A83C9B091A00012313400DD0BB699B091A000A
S3150800A84C0123134007D07B681B6840221A657B6876
S3150800A85C180000F024F97B691B0A1A00012313401F
S3150800A86C1CD0BB691B0A1A000123134016D07B683F
S3150800A87C1B68D8229B583B617B681B68E0229A5858
S3150800A88C3B6913403B617B681B68802252001A6542
S3150800A89C3A697B681100180000F0E8F8FB6A002B8F
S3150800A8AC09D07B681B68FA6A1A65FA6A7B68110014
S3150800A8BC180000F0B8F8BB6A002B09D07B681B6837
S3150800A8CCBA6A1A65BA6A7B6811001800F9F7D8FDD6
S3150800A8DC7B6A002B09D07B681B687A6A1A657A6AC8
S3150800A8EC7B681100180000F0A7F87B695B0A1A0050
S3150800A8FC012313400ED0BB695B0A1A0001231340CF
S3150800A90C08D07B681B68802292001A657B68180041
S3150800A91C00F09BF87B69DB091A00012313401BD056
S3150800A92CBB69DB091A000123134015D07B681B6829
S3150800A93CD4229B58FB607B681B68DC229A58FB6800
S3150800A94C1340FB607B681B6880221A65FA687B6873
S3150800A95C1100180000F081F87B695B0B1A000123C3
S3150800A96C13400ED0BB695B0B1A000123134008D0A9
S3150800A97C7B681B68802292011A657B68180000F0B8
S3150800A98C7EF87B69DB0B1A00012313400ED0BB69DA
S3150800A99CDB0B1A000123134008D07B681B68802246
S3150800A9AC12021A657B68180000F071F87B699B0B1C
S3150800A9BC1A000123134010D0BB699B0B1A00012304
S3150800A9CC13400AD07B681B688022D2011A657B6803
S3150800A9DC1B6E80221A437B681A66FB69002B09D00A
S3150800A9EC7B681B68FA691A65FA697B681100180096
S3150800A9FC00F065F83B6A002B09D07B681B683A6A3D
S3150800AA0C1A657B681A6E3B6A1A437B681A667B68FA
S3150800AA1C1B6E002B03D07B68180000F048F8C04664
S3150800AA2CBD460CB080BD80B582B000AF7860396089
S3150800AA3CC046BD4602B080BD80B582B000AF786016
S3150800AA4C3960C046BD4602B080BD80B582B000AF45
S3150800AA5C7860C046BD4602B080BD80B582B000AFF6
S3150800AA6C78603960C046BD4602B080BD80B582B0FC
S3150800AA7C00AF78603960C046BD4602B080BD80B56F
S3150800AA8C82B000AF7860C046BD4602B080BD80B5C6
S3150800AA9C82B000AF7860C046BD4602B080BD80B5B6
S3150800AAAC82B000AF7860C046BD4602B080BD80B5A6
S3150800AABC82B000AF7860C046BD4602B080BD80B596
S3150800AACC82B000AF78603960C046BD4602B080BD22
S3150800AADC80B584B000AF78602F4BBB607B681B6871
S3150800AAEC2E4A934205D1BB68D422920094466344FD
S3150800AAFCBB607B68BA681A647B681B6880229B58A3
S3150800AB0C274A134019007B685B6B1A047B681B6821
S3150800AB1C0A4380215A50BB6870331A007B685A6402
S3150800AB2C7B681B6880229B581E4A134019007B6859
S3150800AB3C9B6B1A067B681B680A4380215A50BB68B4
S3150800AB4CB0331A007B689A64BB688933FF331A00E2
S3150800AB5C7B68DA64BB68982292009A187B681A6537
S3150800AB6CBB689E2292009A187B685A65BB68FB6084
S3150800AB7C05E0FB6800221A60FB680433FB60BB68BF
S3150800AB8CD422920094466344FA689A42F1D3C0469A
S3150800AB9CC046BD4604B080BD00B400400068004005
S3150800ABACFFFFE0FFFFFFFFF080B588B000AFF8604D
S3150800ABBCB9607A603B60BB685B68002B0AD1BB68DE
S3150800ABCC1A69BB689B681A43BB681B689B041343CA
S3150800ABDCFB610BE0BB681A69BB689B681A43BB68C8
S3150800ABEC1B6813438022D2051343FB61BB681B6A9F
S3150800ABFC1A06BB68DB691A43BB689B691A43BB68B0
S3150800AC0C5B691A43BB68DB681B0413433B61FB682F
S3150800AC1C596D3A681300DB009B18DB00CB18BB6137
S3150800AC2CBB69FA691A60BB690433BB61BB693A69CB
S3150800AC3C1A60BB690433BB6100237B6120E07B6926
S3150800AC4C03337A68D3181B781A067B69023379683A
S3150800AC5CCB181B781B041A437B6901337968CB180C
S3150800AC6C1B781B02134379687A698A1812781A4377
S3150800AC7CBB691A60BB690433BB617B6904337B61AE
S3150800AC8CBB68DB68054AD35C1A007B699342D6D34A
S3150800AC9CC046C046BD4608B080BDC04624E900087B
S3150800ACAC80B586B000AF7860396000237B614DE1D2
S3150800ACBC3B681B6801217A6991400A001340FB60C6
S3150800ACCCFB68002B00D13EE13B685B68032213400E
S3150800ACDC012B05D03B685B6803221340022B30D14D
S3150800ACEC7B689B683B617B695B0003229A40130077
S3150800ACFCDA433B6913403B613B68DA687B695B0066
S3150800AD0C9A4013003A6913433B617B683A699A6027
S3150800AD1C7B685B683B6101227B699A401300DA43C6
S3150800AD2C3B6913403B613B685B681B0901221A406F
S3150800AD3C7B699A4013003A6913433B617B683A690D
S3150800AD4C5A603B685B6803221340032B17D07B6859
S3150800AD5CDB683B617B695B0003229A401300DA438C
S3150800AD6C3B6913403B613B689A687B695B009A4078
S3150800AD7C13003A6913433B617B683A69DA603B68AE
S3150800AD8C5B6803221340022B23D17B69DA087B68A4
S3150800AD9C08329200D3583B617B69072213409B000B
S3150800ADAC0F229A401300DA433B6913403B613B6818
S3150800ADBC1A697B6907210B409B009A4013003A6974
S3150800ADCC13433B617B69DA087B6808329200396960
S3150800ADDCD1507B681B683B617B695B0003229A40F8
S3150800ADEC1300DA433B6913403B613B685B680322FB
S3150800ADFC1A407B695B009A4013003A6913433B611E
S3150800AE0C7B683A691A603B685A68C0239B021340F0
S3150800AE1C00D198E0534A7B699B0818339B009B58D2
S3150800AE2C3B617B6903221340DB000F229A40130017
S3150800AE3CDA433B6913403B617A68A023DB059A42E7
S3150800AE4C19D07B68484A934213D07B68474A934289
S3150800AE5C0DD07B68464A934207D07B68454A934295
S3150800AE6C01D1042308E0052306E0032304E00223AA
S3150800AE7C02E0012300E000237A6903210A40D2008C
S3150800AE8C93403A6913433B6136497B699B081833EF
S3150800AE9C9B003A695A50334B1B683B61FB68DA4393
S3150800AEAC3B6913403B613B685A6880235B0313403C
S3150800AEBC03D03A69FB6813433B612A4B3A691A601B
S3150800AECC284B5B683B61FB68DA433B6913403B6183
S3150800AEDC3B685A6880239B03134003D03A69FB6886
S3150800AEEC13433B611F4B3A695A601E4A8423D35855
S3150800AEFC3B61FB68DA433B6913403B613B685A6824
S3150800AF0C80239B02134003D03A69FB6813433B61C9
S3150800AF1C144984223B698B50124A8023D3583B61CF
S3150800AF2CFB68DA433B6913403B613B685A688023EC
S3150800AF3C5B02134003D03A69FB6813433B6109492A
S3150800AF4C80223B698B507B6901337B613B681A68AD
S3150800AF5C7B69DA40131E00D0AAE6C046C046BD4639
S3150800AF6C06B080BD001802400004005000080050CE
S3150800AF7C000C00500010005080B584B000AF78600B
S3150800AF8C0A00BB1C1A807B681B69BA1C1288134002
S3150800AF9C04D00F23FB1801221A7003E00F23FB18A9
S3150800AFAC00221A700F23FB181B781800BD4604B034
S3150800AFBC80BD80B582B000AF786008001100BB1C5C
S3150800AFCC021C1A807B1C0A1C1A707B1C1B78002B13
S3150800AFDC04D0BB1C1A887B689A6103E0BB1C1A88D0
S3150800AFEC7B689A62C046BD4602B080BD80B584B007
S3150800AFFC00AF78600A00BB1C1A807B685B69FB6033
S3150800B00CBB1C1B88FA6813401A04FB68DB43B91C83
S3150800B01C09880B401A437B689A61C046BD4604B042
S3150800B02C80BD000080B582B000AF78607B68002BCD
S3150800B03C01D101238FE07B6841229B5CDBB2002B9C
S3150800B04C07D17B684022002199547B681800FCF7CD
S3150800B05CEDFB7B684122242199547B681B681A688E
S3150800B06C7B681B6801218A431A607B685A687B686F
S3150800B07C1B683B490A401A617B681B689A687B689F
S3150800B08C1B6838490A409A607B68DB68012B08D133
S3150800B09C7B689A687B681B68802109020A439A6058
S3150800B0AC07E07B689A687B681B68842109020A4357
S3150800B0BC9A607B68DB68022B09D17B681B685A6827
S3150800B0CC7B681B68802109010A435A6007E07B6884
S3150800B0DC1B685A687B681B6823490A405A607B6858
S3150800B0EC1B685A687B681B6820490A435A607B6848
S3150800B0FC1B68DA687B681B681A490A40DA607B6841
S3150800B10C1A697B685B691A4311007B689B691A028A
S3150800B11C7B681B680A43DA607B68D9697B681A6A9C
S3150800B12C7B681B680A431A607B681B681A687B680D
S3150800B13C1B6801210A431A607B6800225A647B68E3
S3150800B14C4122202199547B6800221A637B6842228B
S3150800B15C0021995400231800BD4602B080BDC04694
S3150800B16CFFFFFFF0FF7FFFFFFFF7FFFF00800002E6
S3150800B17C90B589B002AFF8600C00100019000A23CC
S3150800B18CFB18221C1A800823FB18021C1A80BB1DEC
S3150800B19C0A1C1A80FB6841229B5CDBB2202B00D070
S3150800B1AC0CE1BB6A002B04D02C23FB181B88002B44
S3150800B1BC05D1FB68802292005A640123FFE0FB68E4
S3150800B1CC40229B5C012B01D10223F8E0FB6840224C
S3150800B1DC01219954FDF7AAF903007B618023190212
S3150800B1ECF8687B6900931923012200F007FC031EFB
S3150800B1FC01D00123E3E0FB68412221219954FB6825
S3150800B20C422240219954FB6800225A64FB68BA6AA8
S3150800B21C5A62FB682C22BA1812885A85FB680022D7
S3150800B22C5A63BB1D1C880823FB181A880A23FB18AB
S3150800B23C1988F8687B6901933B6B0093230000F02F
S3150800B24CF5FA031E05D0FB68402200219954012308
S3150800B25CB5E0FB685B8D9BB2FF2B11D9FB68FF220F
S3150800B26C1A85FB681B8DDAB280235C040A23FB184B
S3150800B27C1988F86800230093230000F099FD12E062
S3150800B28CFB685B8D9AB2FB681A85FB681B8DDAB274
S3150800B29C80239C040A23FB181988F868002300935A
S3150800B2AC230000F085FD7A69396BFB68180000F0FD
S3150800B2BCFDFB031E01D0012381E0FB685B6A1A784B
S3150800B2CCFB681B689A62FB685B6A5A1CFB685A62C5
S3150800B2DCFB685B8D9BB2013B9AB2FB685A85FB688F
S3150800B2EC1B8D013B9AB2FB681A85FB685B8D9BB27A
S3150800B2FC002B3AD0FB681B8D002B36D13A6BF868BD
S3150800B30C7B69009313000022802100F077FB031E53
S3150800B31C01D0012353E0FB685B8D9BB2FF2B11D93F
S3150800B32CFB68FF221A85FB681B8DDAB280235C0446
S3150800B33C0A23FB181988F86800230093230000F0E9
S3150800B34C37FD12E0FB685B8D9AB2FB681A85FB68C1
S3150800B35C1B8DDAB280239C040A23FB181988F8681B
S3150800B36C00230093230000F023FDFB685B8D9BB242
S3150800B37C002B98D17A69396BFB68180000F0DCFB56
S3150800B38C031E01D001231AE0FB681B682022DA6130
S3150800B39CFB681B685A68FB681B680B490A405A60AD
S3150800B3ACFB68412220219954FB68422200219954BA
S3150800B3BCFB68402200219954002300E00223180060
S3150800B3CCBD4607B090BDC04600E800FE90B589B0F2
S3150800B3DC02AFF8600C00100019000A23FB18221C97
S3150800B3EC1A800823FB18021C1A80BB1D0A1C1A801B
S3150800B3FCFB6841229B5CDBB2202B00D010E1BB6AB8
S3150800B40C002B04D02C23FB181B88002B05D1FB68BA
S3150800B41C802292005A64012303E1FB6840229B5C5C
S3150800B42C012B01D10223FCE0FB684022012199542F
S3150800B43CFDF77CF803007B6180231902F8687B69A9
S3150800B44C00931923012200F0D9FA031E01D0012317
S3150800B45CE7E0FB68412222219954FB6842224021ED
S3150800B46C9954FB6800225A64FB68BA6A5A62FB68EC
S3150800B47C2C22BA1812885A85FB6800225A63BB1DFF
S3150800B48C1C880823FB181A880A23FB181988F868DD
S3150800B49C7B6901933B6B0093230000F02BFA031E88
S3150800B4AC05D0FB684022002199540123B9E0FB68BA
S3150800B4BC5B8D9BB2FF2B11D9FB68FF221A85FB68A3
S3150800B4CC1B8DDAB280235C040A23FB181988F868EA
S3150800B4DC564B0093230000F06BFC12E0FB685B8D67
S3150800B4EC9AB2FB681A85FB681B8DDAB280239C041A
S3150800B4FC0A23FB181988F8684C4B0093230000F0B4
S3150800B50C57FC3A6BF8687B690093130000220421F8
S3150800B51C00F074FA031E01D0012382E0FB681B6855
S3150800B52C5A6AFB685B6AD2B21A70FB685B6A5A1C69
S3150800B53CFB685A62FB681B8D013B9AB2FB681A853D
S3150800B54CFB685B8D9BB2013B9AB2FB685A85FB681C
S3150800B55C5B8D9BB2002B3AD0FB681B8D002B36D12A
S3150800B56C3A6BF8687B69009313000022802100F07F
S3150800B57C45FA031E01D0012353E0FB685B8D9BB291
S3150800B58CFF2B11D9FB68FF221A85FB681B8DDAB2D3
S3150800B59C80235C040A23FB181988F8680023009397
S3150800B5AC230000F005FC12E0FB685B8D9AB2FB6881
S3150800B5BC1A85FB681B8DDAB280239C040A23FB18B8
S3150800B5CC1988F86800230093230000F0F1FBFB6848
S3150800B5DC5B8D9BB2002B94D17A69396BFB6818008A
S3150800B5EC00F0AAFA031E01D001231AE0FB681B68B7
S3150800B5FC2022DA61FB681B685A68FB681B680C49D1
S3150800B60C0A405A60FB68412220219954FB68422261
S3150800B61C00219954FB68402200219954002300E02C
S3150800B62C02231800BD4607B090BDC0460024008012
S3150800B63C00E800FE80B58AB002AFF8607A603B601D
S3150800B64C0A23FB180A1C1A8000237B61FB6841221B
S3150800B65C9B5CDBB2202B00D0DFE0FB681B689A6989
S3150800B66C80231B021A4080231B029A4201D1022313
S3150800B67CD4E0FB6840229B5C012B01D10223CDE070
S3150800B68CFB68402201219954FB68412224219954D4
S3150800B69CFB6800225A64FB68DB68012B07D10A2376
S3150800B6ACFB181B889B059B0D5E4A1A4306E00A236A
S3150800B6BCFB181B889B059B0D5B4A1A43FB681B688A
S3150800B6CC5A60FCF733FF0300BB61FB681B689B6978
S3150800B6DC20221340203B5A425341DAB21F23FB184F
S3150800B6EC1A70FB681B689B6910221340103B5A4260
S3150800B6FC5341DAB21E23FB181A7035E03B68013346
S3150800B70C1AD0FCF713FF0200BB69D31A3A689A429F
S3150800B71C02D33B68002B0FD1FB6841222021995498
S3150800B72CFB685B6C20221A43FB685A64FB68402250
S3150800B73C00219954012371E0FB681B689B69202240
S3150800B74C1340203B5A425341DAB21F23FB181A7096
S3150800B75CFB681B689B6910221340103B5A425341E5
S3150800B76CDAB21E23FB181A701F23FB181B78002B42
S3150800B77C04D11E23FB181B78002BBFD0FB681B6853
S3150800B78C9B6910221340102B1AD03A68F868BB69CB
S3150800B79C009313000022202100F030F9031E01D07B
S3150800B7AC01233BE0FB681B682022DA61FB68412217
S3150800B7BC20219954FB6840220021995400232DE03E
S3150800B7CC3A68F868BB69009313000022202100F040
S3150800B7DC15F9031E01D0012320E0FB681B68102213
S3150800B7ECDA61FB681B682022DA617B6901337B61AD
S3150800B7FC7B697A689A4200D94DE7FB684122202179
S3150800B80C9954FB685B6C20221A43FB685A64FB68E4
S3150800B81C402200219954012300E002231800BD465A
S3150800B82C08B080BD0020000200280002B0B586B022
S3150800B83C02AFF8600C00100019000A257B19221CAF
S3150800B84C1A800823FB18021C1A80BB1D0A1C1A80B6
S3150800B85CBB1D1B88DAB280235C047B191988F8682F
S3150800B86C234B0093230000F0A3FA7A6A396AFB6823
S3150800B87C180000F01BF9031E01D0012333E0BB1D91
S3150800B88C1B88012B07D10823FB181B88DAB2FB6827
S3150800B89C1B689A6219E00823FB181B881B0A9BB2C3
S3150800B8ACDAB2FB681B689A627A6A396AFB6818000E
S3150800B8BC00F0FCF8031E01D0012314E00823FB1842
S3150800B8CC1B88DAB2FB681B689A623A6AF8687B6A64
S3150800B8DC009313000022802100F090F8031E01D07B
S3150800B8EC012300E000231800BD4604B0B0BDC046D5
S3150800B8FC00200080B0B586B002AFF8600C001000CE
S3150800B90C19000A257B19221C1A800823FB18021C0D
S3150800B91C1A80BB1D0A1C1A80BB1D1B88DAB27B1940
S3150800B92C1988F868234B0093002300F041FA7A6AC9
S3150800B93C396AFB68180000F0B9F8031E01D0012318
S3150800B94C33E0BB1D1B88012B07D10823FB181B886A
S3150800B95CDAB2FB681B689A6219E00823FB181B8885
S3150800B96C1B0A9BB2DAB2FB681B689A627A6A396A56
S3150800B97CFB68180000F09AF8031E01D0012314E0A6
S3150800B98C0823FB181B88DAB2FB681B689A623A6AAA
S3150800B99CF8687B6A009313000022402100F02EF809
S3150800B9AC031E01D0012300E000231800BD4604B095
S3150800B9BCB0BDC0460020008080B582B000AF78606C
S3150800B9CC7B681B689B6902221340022B03D17B6898
S3150800B9DC1B6800229A627B681B689B6901221340CC
S3150800B9EC012B07D07B681B689A697B681B68012149
S3150800B9FC0A439A61C046BD4602B080BD80B584B084
S3150800BA0C00AFF860B9603B60FB1D1A703AE0BA6982
S3150800BA1C3968FB68180000F0D3F8031E01D001231F
S3150800BA2C40E03B6801332DD0FCF780FD0200BB6972
S3150800BA3CD31A3A689A4202D33B68002B22D1FB6888
S3150800BA4C1B689B69BA681340BA68D31A5A425341A1
S3150800BA5CDBB21A00FB1D1B789A4213D1FB685B6C90
S3150800BA6C20221A43FB685A64FB6841222021995408
S3150800BA7CFB68422200219954FB6840220021995404
S3150800BA8C01230FE0FB681B689B69BA681340BA6808
S3150800BA9CD31A5A425341DBB21A00FB1D1B789A4241
S3150800BAACB5D000231800BD4604B080BD80B584B05F
S3150800BABC00AFF860B9607A6032E07A68B968FB68FA
S3150800BACC180000F07DF8031E01D0012330E0BB6896
S3150800BADC013325D0FCF72AFD02007B68D31ABA6815
S3150800BAEC9A4202D3BB68002B1AD1FB681B689B6968
S3150800BAFC02221340022B13D0FB685B6C20221A43DC
S3150800BB0CFB685A64FB68412220219954FB6842223F
S3150800BB1C00219954FB68402200219954012307E01F
S3150800BB2CFB681B689B6902221340022BC5D10023B4
S3150800BB3C1800BD4604B080BD80B584B000AFF8606F
S3150800BB4CB9607A602FE07A68B968FB68180000F06B
S3150800BB5C37F8031E01D001232DE0FCF7E7FC0200A1
S3150800BB6C7B68D31ABA689A4202D3BB68002B1AD1DF
S3150800BB7CFB681B689B6920221340202B13D0FB689B
S3150800BB8C5B6C20221A43FB685A64FB68412220210D
S3150800BB9C9954FB68422200219954FB6840220021E3
S3150800BBAC9954012307E0FB681B689B692022134004
S3150800BBBC202BC8D100231800BD4604B080BD000058
S3150800BBCC80B58AB000AFF860B9607A602723FB1895
S3150800BBDC00221A70FB681B689B69BB6100233B62D9
S3150800BBEC7B68FB61BB691022134000D179E0FB68C6
S3150800BBFC1B681022DA6157E02722BB18BA1812788C
S3150800BC0C1A70BB6801334FD0FCF790FC0200FB6935
S3150800BC1CD31ABA689A4202D3BB68002B44D1FB6884
S3150800BC2C1B685A688023DB0113407B6113203B1881
S3150800BC3CFA684221525C1A70FB681B689A69802361
S3150800BC4C1B021A4080231B029A4226D17A6980234A
S3150800BC5CDB019A4221D03B181B78202B1DD0FB68A0
S3150800BC6C1B685A68FB681B688021C9010A435A601D
S3150800BC7CFCF75CFC0300FB610FE0FCF757FC0200C9
S3150800BC8CFB69D31A192B08D93B6A202213433B624A
S3150800BC9C2723FB1801221A7006E0FB681B689B69B0
S3150800BCAC20221340202BE8D1FB681B689B692022B5
S3150800BCBC1340202B04D02723FB181B78002B9BD072
S3150800BCCC2723FB181B78002B03D1FB681B68202243
S3150800BCDCDA613B6A042213433B622723FB180122D1
S3150800BCEC1A70FB681B689B69BB61BA6980235B0089
S3150800BCFC13400CD03B6A012213433B62FB681B685A
S3150800BD0C80225200DA612723FB1801221A70BA69BD
S3150800BD1C8023DB0013400CD03B6A082213433B629A
S3150800BD2CFB681B688022D200DA612723FB180122E4
S3150800BD3C1A70BA6980239B0013400CD03B6A022206
S3150800BD4C13433B62FB681B6880229200DA61272347
S3150800BD5CFB1801221A702723FB181B78002B1DD001
S3150800BD6CFB681800FFF728FEFB681B685A68FB6817
S3150800BD7C1B680E490A405A60FB685A6C3B6A1A43A0
S3150800BD8CFB685A64FB68412220219954FB684222BD
S3150800BD9C00219954FB684022002199542723FB184B
S3150800BDAC1B781800BD460AB080BDC04600E800FEE8
S3150800BDBC90B587B000AFF860080011007B600A24C4
S3150800BDCC3B19021C1A8009203B180A1C1A703B19CD
S3150800BDDC1B889B059A0D3B181B781904FF231B041B
S3150800BDEC0B401A437B681A43BB6A13435B005B0818
S3150800BDFC7B61FB681B685B68BA6A510D8022D200AE
S3150800BE0C0A4007490A43D2431A401100FB681B68CB
S3150800BE1C7A690A435A60C046BD4607B090BDC0460B
S3150800BE2CFF63FF0380B582B000AF786039607B682A
S3150800BE3C41229B5CDBB2202B38D17B6840229B5C71
S3150800BE4C012B01D1022332E07B684022012199544F
S3150800BE5C7B684122242199547B681B681A687B6885
S3150800BE6C1B6801218A431A607B681B681A687B6801
S3150800BE7C1B6811490A401A607B681B6819687B683D
S3150800BE8C1B683A680A431A607B681B681A687B68E1
S3150800BE9C1B6801210A431A607B68412220219954A8
S3150800BEAC7B68402200219954002300E002231800E5
S3150800BEBCBD4602B080BDC046FFEFFFFF80B584B01B
S3150800BECC00AF786039607B6841229B5CDBB2202B23
S3150800BEDC39D17B6840229B5C012B01D1022333E0CC
S3150800BEEC7B684022012199547B684122242199546C
S3150800BEFC7B681B681A687B681B6801218A431A6071
S3150800BF0C7B681B681B68FB60FB68114A1340FB6067
S3150800BF1C3B681B02FA681343FB607B681B68FA686C
S3150800BF2C1A607B681B681A687B681B6801210A43C0
S3150800BF3C1A607B684122202199547B684022002193
S3150800BF4C9954002300E002231800BD4604B080BDB6
S3150800BF5CFFF0FFFF80B584B000AF7860194B1B6803
S3150800BF6C194A13401900174B7A680A431A607A68FB
S3150800BF7C80239B009A421FD1144B1A6813005B004E
S3150800BF8C9B185B0012491800F7F7B6F80300013343
S3150800BF9CFB6008E0FB68002B03D0FB68013BFB60E9
S3150800BFAC01E0032309E0074B5A698023DB001A409A
S3150800BFBC8023DB009A42EDD000231800BD4604B05E
S3150800BFCC80BDC04600700040FFF9FFFF50000020FE
S3150800BFDC40420F0080B588B000AF78607B68002BB4
S3150800BFEC02D1012300F050FB7B681B680122134029
S3150800BFFC00D17CE0C34B9B6838221340BB61C14B14
S3150800C00CDB68032213407B61BB69102B02D17B6969
S3150800C01C032B02D0BB69082B0BD1BA4B1A688023A9
S3150800C02C9B02134062D07B685B68002B5ED10123B0
S3150800C03C2AE37B685A6880235B029A4207D1B14B84
S3150800C04C1A68B04B802149020A431A6020E07B68C3
S3150800C05C5A68A023DB029A420ED1AA4B1A68A94B3E
S3150800C06C8021C9020A431A60A64B1A68A54B80217F
S3150800C07C49020A431A600BE0A24B1A68A14BA24963
S3150800C08C0A401A609F4B1A689E4BA0490A401A60D0
S3150800C09C7B685B68002B14D0FCF748FA03003B61FD
S3150800C0AC08E0FCF743FA02003B69D31A642B01D962
S3150800C0BC0323E9E2934B1A6880239B021340F0D0C2
S3150800C0CC15E0FCF733FA03003B6108E0FCF72EFA9F
S3150800C0DC02003B69D31A642B01D90323D4E2894B9A
S3150800C0EC1A6880239B021340F0D100E0C0467B6897
S3150800C0FC1B680222134000D199E0824B9B683822B8
S3150800C10C1340BB617F4BDB68032213407B61BB6921
S3150800C11C102B02D17B69022B02D0BB69002B35D1BF
S3150800C12C784B1A688023DB00134005D07B68DB68E4
S3150800C13C002B01D10123A7E2724B5B68744A1340AA
S3150800C14C19007B685B691A026E4B0A435A60BB6915
S3150800C15C002B12D16B4B1B686E4A134019007B6877
S3150800C16C1A69684B0A431A60664B1B68DB0A072276
S3150800C17C1340694ADA40694B1A60694B1B68180008
S3150800C18CFCF778F9031E51D001237DE27B68DB6846
S3150800C19C002B30D05B4B1B685E4A134019007B683A
S3150800C1AC1A69584B0A431A60564B1A68554B802124
S3150800C1BC49000A431A60FCF7B9F903003B6108E029
S3150800C1CCFCF7B4F902003B69D31A022B01D90323F5
S3150800C1DC5AE24C4B1A688023DB001340F0D0494BCB
S3150800C1EC5B684B4A134019007B685B691A02454B1E
S3150800C1FC0A435A601BE0434B1A68424B49490A40AA
S3150800C20C1A60FCF793F903003B6108E0FCF78EF91A
S3150800C21C02003B69D31A022B01D9032334E2394BAA
S3150800C22C1A688023DB001340F0D100E0C0467B6817
S3150800C23C1B680822134047D0324B9B6838221340A0
S3150800C24C182B0AD12F4B1B6E022213403CD07B684D
S3150800C25C9B69002B38D1012316E27B689B69002B5E
S3150800C26C19D0284B1A6E274B01210A431A66FCF77C
S3150800C27C5DF903003B6108E0FCF758F902003B69DD
S3150800C28CD31A022B01D90323FEE11E4B1B6E022285
S3150800C29C1340F1D018E01B4B1A6E1A4B01218A4336
S3150800C2AC1A66FCF743F903003B6108E0FCF73EF914
S3150800C2BC02003B69D31A022B01D90323E4E1114B83
S3150800C2CC1B6E02221340F1D17B681B6804221340B3
S3150800C2DC00D1C7E01F23FB1800221A70094B9B6874
S3150800C2EC38221340202B1FD1064BDB6D022213403C
S3150800C2FC00D1B7E07B689B68002B00D0B2E0012325
S3150800C30CC2E1C04600100240FFFFFEFFFFFFFBFF25
S3150800C31CFF80FFFFFFC7FFFF0024F400500000203A
S3150800C32C54000020FFFEFFFFB54BDA6B80235B053C
S3150800C33C134001D1012300E00023002B11D0B04B90
S3150800C34CDA6BAF4B802149050A43DA63AC4BDA6BDF
S3150800C35C80235B051340FB60FB681F23FB18012237
S3150800C36C1A70A84B1A6880235B0013401AD1A54B88
S3150800C37C1A68A44B802149000A431A60FCF7D6F8C0
S3150800C38C03003B6108E0FCF7D1F802003B69D31ABD
S3150800C39C022B01D9032377E19A4B1A6880235B0099
S3150800C3AC1340F0D07B689B68012B06D1944BDA6D51
S3150800C3BC934B01210A43DA651CE07B689B68052BC5
S3150800C3CC0CD18F4BDA6D8E4B04210A43DA658C4BF4
S3150800C3DCDA6D8B4B01210A43DA650BE0884BDA6D73
S3150800C3EC874B01218A43DA65854BDA6D844B042128
S3150800C3FC8A43DA657B689B68002B14D0FCF796F8A1
S3150800C40C03003B6109E0FCF791F802003B69D31A7B
S3150800C41C7D4A934201D9032336E1794BDB6D02221F
S3150800C42C1340F0D013E0FCF781F803003B6109E0F8
S3150800C43CFCF77CF802003B69D31A734A934201D97C
S3150800C44C032321E16E4BDB6D02221340F0D11F232F
S3150800C45CFB181B78012B05D1694BDA6B684B6B49BA
S3150800C46C0A40DA637B681B682022134039D07B6844
S3150800C47CDB69002B1BD0624B1A68614B8021C90300
S3150800C48C0A431A60FCF752F803003B6108E0FCF714
S3150800C49C4DF802003B69D31A022B01D90323F3E0AA
S3150800C4AC574B1A6880231B041340F0D019E0544BE1
S3150800C4BC1A68534B56490A401A60FCF737F80300BA
S3150800C4CC3B6108E0FCF732F802003B69D31A022BF1
S3150800C4DC01D90323D8E04A4B1A6880231B0413405E
S3150800C4ECF0D17B681B6A002B00D1CCE0444B9B68CF
S3150800C4FC38221340102B00D17BE07B681B6A022B79
S3150800C50C56D13F4B1A683E4B42490A401A60FCF713
S3150800C51C0DF803003B6108E0FCF708F802003B69DC
S3150800C52CD31A022B01D90323AEE0354B1A688023A4
S3150800C53C9B041340F0D1324BDB68374A1340190081
S3150800C54C7B685A6A7B689B6A1A437B68DB6A1B02A0
S3150800C55C1A437B681B6B1A437B685B6B1A437B68B5
S3150800C56C9B6B1A43264B0A43DA60254B1A68244BF5
S3150800C57C802149040A431A60214BDA68204B802132
S3150800C58C49050A43DA60FBF7D1FF03003B6108E073
S3150800C59CFBF7CCFF02003B69D31A022B01D9032304
S3150800C5AC72E0174B1A6880239B041340F0D06AE09C
S3150800C5BC134B1A68124B17490A401A60FBF7B6FF59
S3150800C5CC03003B6108E0FBF7B1FF02003B69D31A95
S3150800C5DC022B01D9032357E0094B1A6880239B04C5
S3150800C5EC1340F0D1064BDA68054B0C490A40DA6061
S3150800C5FC49E07B681B6A012B12D1012344E0C04633
S3150800C60C001002400070004088130000FFFFFFEF87
S3150800C61CFFFFBFFFFFFFFFFE8C80C111FCFFFEEE84
S3150800C62C1B4BDB687B617B6903221A407B685B6A60
S3150800C63C9A4226D17B6970221A407B689B6A9A4279
S3150800C64C1FD17A69FE23DB011A407B68DB6A1B0261
S3150800C65C9A4216D17A69F8239B031A407B681B6B9E
S3150800C66C9A420ED17A69E0231B051A407B685B6BEC
S3150800C67C9A4206D17B695B0F5A077B689B6B9A4279
S3150800C68C01D0012300E000231800BD4608B080BD88
S3150800C69C0010024080B584B000AF786039607B68C2
S3150800C6AC002B01D10123E9E0764B1B6807221340C6
S3150800C6BC3A689A421ED9734B1B6807229343190092
S3150800C6CC704B3A680A431A60FBF730FF0300FB60AD
S3150800C6DC09E0FBF72BFF0200FB68D31A6A4A934260
S3150800C6EC01D90323CAE0674B1B68072213403A6833
S3150800C6FC9A42EED17B681B680222134015D07B68E0
S3150800C70C1B680422134006D0604B9A685F4BE021E5
S3150800C71CC9010A439A605D4B9B685D4A1340190030
S3150800C72C7B689A68594B0A439A607B681B68012296
S3150800C73C134057D07B685B68012B07D1534B1A689B
S3150800C74C80239B0213402BD1012397E07B685B68FF
S3150800C75C022B07D14D4B1A6880239B0413401FD11B
S3150800C76C01238BE07B685B68002B07D1474B1A6863
S3150800C77C8023DB00134013D101237FE07B685B68C1
S3150800C78C032B06D1414B1B6E0222134008D1012301
S3150800C79C74E03E4BDB6D0222134001D101236DE0A0
S3150800C7AC3A4B9B680722934319007B685A68374BA8
S3150800C7BC0A439A60FBF7BAFE0300FB6009E0FBF735
S3150800C7CCB5FE0200FB68D31A2F4A934201D90323FC
S3150800C7DC54E02E4B9B6838221A407B685B68DB005A
S3150800C7EC9A42ECD1274B1B68072213403A689A42A7
S3150800C7FC1ED2244B1B68072293431900214B3A6817
S3150800C80C0A431A60FBF792FE0300FB6009E0FBF78C
S3150800C81C8DFE0200FB68D31A1B4A934201D90323E7
S3150800C82C2CE0184B1B68072213403A689A42EED143
S3150800C83C7B681B680422134009D0144B9B68154A65
S3150800C84C134019007B68DA68104B0A439A6000F0AB
S3150800C85C29F801000D4B9B681B0A0F221A400E4B38
S3150800C86C9200D3581F2213400A00DA400B4B1A6069
S3150800C87C0B4B1B681800FBF7FDFD03001800BD46A3
S3150800C88C04B080BD0020024088130000001002404E
S3150800C89CFFF0FFFFFF8FFFFFE4E8000850000020C1
S3150800C8AC5400002080B586B000AF3C4B9B683822FC
S3150800C8BC13400FD1394B1B68DB0A072213400122A0
S3150800C8CC9A4013003B6039683548F6F715FC0300A7
S3150800C8DC3B615DE0314B9B6838221340082B02D133
S3150800C8EC304B3B6154E02D4B9B6838221340102B80
S3150800C8FC38D12A4BDB6803221340FB60274BDB68D5
S3150800C90C1B09072213400133BB60FB68032B0DD1AF
S3150800C91CB9682448F6F7F0FB030019001F4BDB68CF
S3150800C92C1B0A7F2213404B437B610DE0B9681C48F8
S3150800C93CF6F7E2FB03001900184BDB681B0A7F228B
S3150800C94C13404B437B61C046144BDB685B0F0722D5
S3150800C95C134001337B6079687869F6F7CDFB0300E1
S3150800C96C3B6115E00D4B9B6838221340202B03D1F5
S3150800C97C80231B023B610BE0084B9B683822134053
S3150800C98C182B03D1FA23DB013B6101E000233B6141
S3150800C99C3B691800BD4606B080BDC0460010024073
S3150800C9AC0024F40000127A0080B586B000AF7860D7
S3150800C9BC1323FB1800221A701223FB1800221A7074
S3150800C9CC7B681A6880239B02134000D1ADE01120C6
S3150800C9DC3B1800221A70474BDA6B80235B05134011
S3150800C9EC10D1444BDA6B434B802149050A43DA6371
S3150800C9FC404BDA6B80235B051340BB60BB683B1866
S3150800CA0C01221A703C4B1A683B4B802149000A4399
S3150800CA1C1A60FBF78BFD0300FB600BE0FBF786FD4A
S3150800CA2C0200FB68D31A022B04D91323FB18032222
S3150800CA3C1A7005E0304B1A6880235B001340EDD062
S3150800CA4C1323FB181B78002B5ED12A4BDA6DC023F7
S3150800CA5C9B0013407B617B69002B19D07B681B6C90
S3150800CA6C7A699A4214D0234BDB6D244A13407B61B6
S3150800CA7C204BDA6D1F4B802149020A43DA651D4BA0
S3150800CA8CDA6D1C4B1E490A40DA651A4B7A69DA6567
S3150800CA9C7B690122134016D0FBF748FD0300FB60A7
S3150800CAAC0CE0FBF743FD0200FB68D31A154A9342C8
S3150800CABC04D91323FB1803221A7004E00D4BDB6D03
S3150800CACC02221340EDD01323FB181B78002B0AD136
S3150800CADC084BDB6D094A134019007B681A6C054B29
S3150800CAEC0A43DA6516E01223FB181322BA181278D1
S3150800CAFC1A700FE00010024000700040FFFCFFFFA8
S3150800CB0CFFFFFEFF881300001223FB181322BA1826
S3150800CB1C12781A701123FB181B78012B05D1B64B0A
S3150800CB2CDA6BB54BB5490A40DA637B681B68012298
S3150800CB3C134009D0B04B5B6D0322934319007B68F5
S3150800CB4C5A68AD4B0A435A657B681B680222134028
S3150800CB5C09D0A94B5B6D0C22934319007B689A6824
S3150800CB6CA54B0A435A657B681B680422134009D0F7
S3150800CB7CA14B5B6D3022934319007B68DA689E4B98
S3150800CB8C0A435A657B681B681022134009D09A4BD6
S3150800CB9C5B6D9B4A134019007B681A69964B0A43CE
S3150800CBAC5A657B681A6880235B01134009D0924B3F
S3150800CBBC5B6D944A134019007B685A698E4B0A437D
S3150800CBCC5A657B681A6880239B00134009D08A4BE8
S3150800CBDC5B6D8D4A134019007B689A6A864B0A432B
S3150800CBEC5A657B681A688023DB00134009D0824B90
S3150800CBFC5B6D864A134019007B68DA6A7E4B0A43DA
S3150800CC0C5A657B681B682022134009D07A4B5B6DEA
S3150800CC1C7F4A134019007B689A69774B0A435A6511
S3150800CC2C7B681B684022134009D0734B5B6D794AAD
S3150800CC3C134019007B68DA696F4B0A435A657B689F
S3150800CC4C1A688023DB01134015D06B4B5B6D9B0078
S3150800CC5C99087B681A6B684B0A435A657B681A6B8A
S3150800CC6C8023DB059A4206D1634BDA68624B802136
S3150800CC7C49020A43DA607B681A6880231B0313404F
S3150800CC8C09D05D4B5B6D4022934319007B685A6B48
S3150800CC9C594B0A435A657B681A6880239B031340D1
S3150800CCAC16D0554B5B6D5C4A134019007B689A6B22
S3150800CCBC514B0A435A657B689A6B8023DB039A426D
S3150800CCCC06D14D4BDA684C4B802149040A43DA608D
S3150800CCDC7B681A688023DB03134016D0464B5B6DC2
S3150800CCEC4E4A134019007B68DA6B434B0A435A6564
S3150800CCFC7B68DA6B80235B049A4206D13E4BDA6872
S3150800CD0C3D4B802149040A43DA607B681A68802304
S3150800CD1C1B01134014D0384B9B6D03229343190007
S3150800CD2C7B681A6A344B0A439A657B681B6A012B23
S3150800CD3C06D1314BDA68304B802149020A43DA6056
S3150800CD4C7B681A6880239B01134014D02A4B9B6D71
S3150800CD5C0C22934319007B685A6A274B0A439A6537
S3150800CD6C7B685B6A042B06D1234BDA68224B80213D
S3150800CD7C49020A43DA607B681A6880235B0413400D
S3150800CD8C16D01D4B9B6D224A134019007B685A6CB2
S3150800CD9C194B0A439A657B685A6C80239B019A4205
S3150800CDAC06D1154BDA68144B802149040A43DA601C
S3150800CDBC7B681A6880239B04134016D00E4B9B6D18
S3150800CDCC104A134019007B689A6C0B4B0A439A65F8
S3150800CDDC7B689A6C80235B009A4206D1064BDA680C
S3150800CDEC054B802149040A43DA601223FB181B7889
S3150800CDFC1800BD4606B080BD00100240FFFFFFEFCD
S3150800CE0CFFF3FFFFFFFCFFFFFFFFF3FFFFFFCFFF63
S3150800CE1CFFCFFFFFFF3FFFFFFFFFBFFFFFFFFFFE39
S3150800CE2C80B582B000AF78607B68002B01D10123F6
S3150800CE3C4AE07B683D229B5CDBB2002B07D17B6802
S3150800CE4C3C22002199547B681800FBF7BBF87B68D9
S3150800CE5C3D22022199547B681A687B6804331900B1
S3150800CE6C100000F05FFC7B684822012199547B680E
S3150800CE7C3E22012199547B683F22012199547B68F3
S3150800CE8C4022012199547B684122012199547B68DF
S3150800CE9C4222012199547B684322012199547B68CB
S3150800CEAC4422012199547B684522012199547B68B7
S3150800CEBC4622012199547B684722012199547B68A3
S3150800CECC3D220121995400231800BD4602B080BDAD
S3150800CEDC80B582B000AF78607B68002B01D1012346
S3150800CEEC4AE07B683D229B5CDBB2002B07D17B6852
S3150800CEFC3C22002199547B68180000F041F87B68A5
S3150800CF0C3D22022199547B681A687B680433190000
S3150800CF1C100000F007FC7B684822012199547B68B5
S3150800CF2C3E22012199547B683F22012199547B6842
S3150800CF3C4022012199547B684122012199547B682E
S3150800CF4C4222012199547B684322012199547B681A
S3150800CF5C4422012199547B684522012199547B6806
S3150800CF6C4622012199547B684722012199547B68F2
S3150800CF7C3D220121995400231800BD4602B080BDFC
S3150800CF8C80B582B000AF7860C046BD4602B080BDA1
S3150800CF9C80B584B000AF786039603B68002B08D147
S3150800CFAC7B683E229B5CDBB2013B5A1E9341DBB28B
S3150800CFBC37E03B68042B08D17B683F229B5CDBB2CD
S3150800CFCC013B5A1E9341DBB22BE03B68082B08D178
S3150800CFDC7B6840229B5CDBB2013B5A1E9341DBB259
S3150800CFEC1FE03B680C2B08D17B6841229B5CDBB2AB
S3150800CFFC013B5A1E9341DBB213E03B68102B08D158
S3150800D00C7B6842229B5CDBB2013B5A1E9341DBB226
S3150800D01C07E07B6843229B5CDBB2013B5A1E9341BB
S3150800D02CDBB2002B01D0012390E03B68002B04D126
S3150800D03C7B683E220221995423E03B68042B04D1D9
S3150800D04C7B683F22022199541BE03B68082B04D1CC
S3150800D05C7B6840220221995413E03B680C2B04D1BF
S3150800D06C7B684122022199540BE03B68102B04D1B2
S3150800D07C7B6842220221995403E07B6843220221F1
S3150800D08C99547B681B6839680122180001F06CF802
S3150800D09C7B681B682F4A93420ED07B681B682E4A06
S3150800D0AC934209D07B681B682C4A934204D07B6850
S3150800D0BC1B682B4A934201D1012300E00023002B65
S3150800D0CC08D07B681B685A6C7B681B688021090230
S3150800D0DC0A435A647B681B681E4A934214D07B68C1
S3150800D0EC1A688023DB059A420ED07B681B681D4A9A
S3150800D0FC934209D07B681B681B4A934204D07B6811
S3150800D10C1B68154A934216D17B681B689B68174A9D
S3150800D11C1340FB60FB68062B16D0FA6880235B026B
S3150800D12C9A4211D07B681B681A687B681B680121B8
S3150800D13C0A431A6008E07B681B681A687B681B68D8
S3150800D14C01210A431A6000E0C04600231800BD46B8
S3150800D15C04B080BD002C0140004001400044014051
S3150800D16C0048014000040040000800400700010088
S3150800D17C80B582B000AF78607B68002B01D10123A3
S3150800D18C4AE07B683D229B5CDBB2002B07D17B68AF
S3150800D19C3C22002199547B68180000F041F87B6802
S3150800D1AC3D22022199547B681A687B68043319005E
S3150800D1BC100000F0B7FA7B684822012199547B6865
S3150800D1CC3E22012199547B683F22012199547B68A0
S3150800D1DC4022012199547B684122012199547B688C
S3150800D1EC4222012199547B684322012199547B6878
S3150800D1FC4422012199547B684522012199547B6864
S3150800D20C4622012199547B684722012199547B684F
S3150800D21C3D220121995400231800BD4602B080BD59
S3150800D22C80B582B000AF7860C046BD4602B080BDFE
S3150800D23C80B586B000AFF860B9607A601723FB1822
S3150800D24C00221A70FB683C229B5C012B01D102233D
S3150800D25C8CE0FB683C22012199547B68002B1BD17E
S3150800D26CFB681868BB681968BB685A68BB68DB68D2
S3150800D27C00F0B4FDFB681B689A69FB681B680C21F7
S3150800D28C8A439A61FB681B689969BB689A68FB684C
S3150800D29C1B680A439A6162E07B68042B1CD1FB6805
S3150800D2AC1868BB681968BB685A68BB68DB6800F005
S3150800D2BC25FEFB681B689A69FB681B682D490A40A2
S3150800D2CC9A61FB681B689969BB689B681A02FB68BC
S3150800D2DC1B680A439A6142E07B68082B1BD1FB68E2
S3150800D2EC1868BB681968BB685A68BB68DB6800F0C5
S3150800D2FC79FEFB681B68DA69FB681B680C218A4394
S3150800D30CDA61FB681B68D969BB689A68FB681B6895
S3150800D31C0A43DA6123E07B680C2B1CD1FB6818687E
S3150800D32CBB681968BB685A68BB68DB6800F09AFE6C
S3150800D33CFB681B68DA69FB681B680E490A40DA61E8
S3150800D34CFB681B68D969BB689B681A02FB681B6873
S3150800D35C0A43DA6103E01723FB1801221A70FB68EB
S3150800D36C3C22002199541723FB181B781800BD463C
S3150800D37C06B080BDFFF3FFFF80B586B000AFF8603E
S3150800D38CB9607A601723FB1800221A70FB683C22D6
S3150800D39C9B5C012B01D10223E5E0FB683C220121B1
S3150800D3AC99547B68142B00D9D1E07B689A00704B92
S3150800D3BCD3181B689F46FB681B68BA6811001800CF
S3150800D3CC00F048FAFB681B689A69FB681B68082119
S3150800D3DC0A439A61FB681B689A69FB681B680421F7
S3150800D3EC8A439A61FB681B689969BB681A69FB686A
S3150800D3FC1B680A439A61AFE0FB681B68BA681100A0
S3150800D40C180000F0B1FAFB681B689A69FB681B6880
S3150800D41C802109010A439A61FB681B689A69FB68B3
S3150800D42C1B6854490A409A61FB681B689969BB6872
S3150800D43C1B691A02FB681B680A439A618CE0FB6835
S3150800D44C1B68BA681100180000F012FBFB681B6811
S3150800D45CDA69FB681B6808210A43DA61FB681B68F2
S3150800D46CDA69FB681B6804218A43DA61FB681B6866
S3150800D47CD969BB681A69FB681B680A43DA616BE0F1
S3150800D48CFB681B68BA681100180000F079FBFB688A
S3150800D49C1B68DA69FB681B68802109010A43DA6193
S3150800D4ACFB681B68DA69FB681B6832490A40DA6153
S3150800D4BCFB681B68D969BB681B691A02FB681B6881
S3150800D4CC0A43DA6148E0FB681B68BA681100180061
S3150800D4DC00F0C0FBFB681B685A6DFB681B680821CB
S3150800D4EC0A435A65FB681B685A6DFB681B6804215E
S3150800D4FC8A435A65FB681B68596DBB681A69FB68D1
S3150800D50C1B680A435A6527E0FB681B68BA68110052
S3150800D51C180000F0FFFBFB681B685A6DFB681B685C
S3150800D52C802109010A435A65FB681B685A6DFB681A
S3150800D53C1B6810490A405A65FB681B68596DBB681D
S3150800D54C1B691A02FB681B680A435A6504E0172311
S3150800D55CFB1801221A70C046FB683C22002199541C
S3150800D56C1723FB181B781800BD4606B080BDC046AD
S3150800D57C34E90008FFFBFFFF80B584B000AF786084
S3150800D58C39600F23FB1800221A707B683C229B5CBF
S3150800D59C012B01D10223BCE07B683C220121995462
S3150800D5AC7B683D22022199547B681B689B68BB608B
S3150800D5BCBB685A4A1340BB60BB68594A1340BB60E8
S3150800D5CC7B681B68BA689A603B681B688022920164
S3150800D5DC934240D080229201934200D988E080225F
S3150800D5EC5201934200D188E080225201934200D91D
S3150800D5FC7EE0702B18D000D97AE0602B4FD000D97A
S3150800D60C76E0502B3BD000D972E0402B57D000D98E
S3150800D61C6EE0302B63D06BD8202B60D068D8002BEB
S3150800D62C5DD0102B5BD063E07B6818683B68996803
S3150800D63C3B685A683B68DB6800F076FD7B681B68BC
S3150800D64C9B68BB60BB6877221343BB607B681B680F
S3150800D65CBA689A6052E07B6818683B6899683B68B8
S3150800D66C5A683B68DB6800F05FFD7B681B689A6844
S3150800D67C7B681B688021C9010A439A603EE07B6877
S3150800D68C18683B6859683B68DB681A0000F008FCA8
S3150800D69C7B681B685021180000F02AFD2EE07B6879
S3150800D6AC18683B6859683B68DB681A0000F068FC28
S3150800D6BC7B681B686021180000F01AFD1EE07B6869
S3150800D6CC18683B6859683B68DB681A0000F0E8FB89
S3150800D6DC7B681B684021180000F00AFD0EE07B6889
S3150800D6EC1A683B681B681900100000F001FD05E07C
S3150800D6FC0F23FB1801221A7000E0C0467B683D22F6
S3150800D70C012199547B683C22002199540F23FB185C
S3150800D71C1B781800BD4604B080BDC04688FFCEFFF6
S3150800D72CFF00FFFF80B584B000AF786039607B6876
S3150800D73C1B68FB607B683F4A93420CD07A6880234F
S3150800D74CDB059A4207D07B683B4A934203D07B6839
S3150800D75C3A4A934208D1FB6870229343FB603B68B4
S3150800D76C5B68FA681343FB607B68324A93421CD0A9
S3150800D77C7A688023DB059A4217D07B682E4A934237
S3150800D78C13D07B682D4A93420FD07B682C4A934260
S3150800D79C0BD07B682B4A934207D07B682A4A934264
S3150800D7AC03D07B68294A934208D1FB68284A134060
S3150800D7BCFB603B68DB68FA681343FB60FB688022F6
S3150800D7CC93431A003B685B691343FB607B68FA68F2
S3150800D7DC1A603B689A687B68DA623B681A687B68E9
S3150800D7EC9A627B68134A93420BD07B68154A93421C
S3150800D7FC07D07B68144A934203D07B68134A93423A
S3150800D80C03D13B681A697B681A637B6801225A61E3
S3150800D81C7B681B6901221340012B06D17B681B69A7
S3150800D82C012293431A007B681A61C046BD4604B0B0
S3150800D83C80BDC046002C0140000400400008004092
S3150800D84C00200040004001400044014000480140CF
S3150800D85CFFFCFFFF80B586B000AF786039607B6847
S3150800D86C1B6A7B617B681B6A012293431A007B68DF
S3150800D87C1A627B685B683B617B689B69FB60FB682B
S3150800D88C324A1340FB60FB6803229343FB603B68F8
S3150800D89C1B68FA681343FB607B69022293437B611E
S3150800D8AC3B689B687A6913437B617B68284A934279
S3150800D8BC0BD07B68274A934207D07B68264A93424B
S3150800D8CC03D07B68254A93420CD17B690822934383
S3150800D8DC7B613B68DB687A6913437B617B6904224D
S3150800D8EC93437B617B681A4A93420BD07B68194A2F
S3150800D8FC934207D07B68184A934203D07B68174A31
S3150800D90C934211D13B69164A13403B613B69154A50
S3150800D91C13403B613B685B693A6913433B613B685F
S3150800D92C9B693A6913433B617B683A695A607B6821
S3150800D93CFA689A613B685A687B685A637B687A69A5
S3150800D94C1A62C046BD4606B080BDC0468FFFFEFFB4
S3150800D95C002C0140004001400044014000480140B1
S3150800D96CFFFEFFFFFFFDFFFF80B586B000AF7860B6
S3150800D97C39607B681B6A7B617B681B6A1022934340
S3150800D98C1A007B681A627B685B683B617B689B69DB
S3150800D99CFB60FB682E4A1340FB60FB682D4A13405C
S3150800D9ACFB603B681B681B02FA681343FB607B69C8
S3150800D9BC202293437B613B689B681B017A6913435E
S3150800D9CC7B617B68244A93420DD17B698022934301
S3150800D9DC7B613B68DB681B017A6913437B617B6956
S3150800D9EC402293437B617B681B4A93420BD07B682E
S3150800D9FC1A4A934207D07B68194A934203D07B682C
S3150800DA0C184A934213D13B69174A13403B613B6949
S3150800DA1C164A13403B613B685B699B003A691343A2
S3150800DA2C3B613B689B699B003A6913433B617B6886
S3150800DA3C3A695A607B68FA689A613B685A687B68E7
S3150800DA4C9A637B687A691A62C046BD4606B080BD81
S3150800DA5CFF8FFFFEFFFCFFFF002C0140004001403A
S3150800DA6C0044014000480140FFFBFFFFFFF7FFFFA2
S3150800DA7C80B586B000AF786039607B681B6A7B61BD
S3150800DA8C7B681B6A334A1A407B681A627B685B6838
S3150800DA9C3B617B68DB69FB60FB682F4A1340FB60C4
S3150800DAACFB6803229343FB603B681B68FA681343C5
S3150800DABCFB607B69294A13407B613B689B681B02A8
S3150800DACC7A6913437B617B68254A93420DD17B693E
S3150800DADC244A13407B613B68DB681B027A69134353
S3150800DAEC7B617B69204A13407B617B681C4A9342A5
S3150800DAFC0BD07B681D4A934207D07B681C4A93421D
S3150800DB0C03D07B681B4A934213D13B691A4A1340CC
S3150800DB1C3B613B69194A13403B613B685B691B01D6
S3150800DB2C3A6913433B613B689B691B013A6913438A
S3150800DB3C3B617B683A695A607B68FA68DA613B68CC
S3150800DB4C5A687B68DA637B687A691A62C046BD468E
S3150800DB5C06B080BDFFFEFFFF8FFFFEFFFFFDFFFF38
S3150800DB6C002C0140FFF7FFFFFFFBFFFF00400140C1
S3150800DB7C0044014000480140FFEFFFFFFFDFFFFFB5
S3150800DB8C80B586B000AF786039607B681B6A3B61EC
S3150800DB9C7B681B6A264A1A407B681A627B685B6834
S3150800DBAC7B617B68DB69FB60FB68224A1340FB6080
S3150800DBBCFB68214A1340FB603B681B681B02FA682A
S3150800DBCC1343FB603B691D4A13403B613B689B68EA
S3150800DBDC1B033A6913433B617B68194A93420BD082
S3150800DBEC7B68184A934207D07B68174A934203D03E
S3150800DBFC7B68164A934209D17B69154A13407B61A7
S3150800DC0C3B685B699B017A6913437B617B687A691C
S3150800DC1C5A607B68FA68DA613B685A687B681A64EA
S3150800DC2C7B683A691A62C046BD4606B080BDC046D6
S3150800DC3CFFEFFFFFFF8FFFFEFFFCFFFFFFDFFFFF7E
S3150800DC4C002C0140004001400044014000480140BE
S3150800DC5CFFBFFFFF80B586B000AF786039607B6880
S3150800DC6C1B6A3B617B681B6A234A1A407B681A62EB
S3150800DC7C7B685B687B617B685B6DFB60FB681F4A36
S3150800DC8C1340FB603B681B68FA681343FB603B69EF
S3150800DC9C1B4A13403B613B689B681B043A69134358
S3150800DCAC3B617B68174A93420BD07B68164A9342B2
S3150800DCBC07D07B68154A934203D07B68144A934273
S3150800DCCC09D17B690C4A13407B613B685B691B0273
S3150800DCDC7A6913437B617B687A695A607B68FA6850
S3150800DCEC5A653B685A687B689A657B683A691A6212
S3150800DCFCC046BD4606B080BDFFFFFEFF8FFFFEFF88
S3150800DD0CFFFFFDFF002C014000400140004401408C
S3150800DD1C0048014080B586B000AF786039607B68F2
S3150800DD2C1B6A3B617B681B6A244A1A407B681A6229
S3150800DD3C7B685B687B617B685B6DFB60FB68204A74
S3150800DD4C1340FB603B681B681B02FA681343FB60B5
S3150800DD5C3B691C4A13403B613B689B681B053A6947
S3150800DD6C13433B617B68184A93420BD07B68174A6E
S3150800DD7C934207D07B68164A934203D07B68154AB0
S3150800DD8C934209D17B69144A13407B613B685B69F2
S3150800DD9C9B027A6913437B617B687A695A607B6854
S3150800DDACFA685A653B685A687B68DA657B683A692B
S3150800DDBC1A62C046BD4606B080BDC046FFFFEFFFDF
S3150800DDCCFF8FFFFEFFFFDFFF002C014000400140E4
S3150800DDDC0044014000480140FFFFFBFF80B586B0B8
S3150800DDEC00AFF860B9607A603B60FB681B6A3B6100
S3150800DDFCFB681B6A012293431A00FB681A62FB68CC
S3150800DE0C9B697B61FB68224A934210D0FA6880238F
S3150800DE1CDB059A420BD0FB681E4A934207D0FB6877
S3150800DE2C1D4A934203D0FB681C4A934201D1012335
S3150800DE3C00E00023002B08D07B69032293437B6107
S3150800DE4C7A697B6813437B6103E07B690122134380
S3150800DE5C7B617B69F02293437B613B681B01FF2244
S3150800DE6C13407A6913437B613B690A2293433B61EE
S3150800DE7CBB680A2213403A6913433B61FB687A690B
S3150800DE8C9A61FB683A691A62C046BD4606B080BDFF
S3150800DE9C002C0140000400400008004000400140EE
S3150800DEAC80B586B000AFF860B9607A60FB681B6A0B
S3150800DEBC7B61FB681B6A012293431A00FB681A6292
S3150800DECCFB689B693B613B69F02293433B617B682A
S3150800DEDC1B013A6913433B617B690A2293437B61B5
S3150800DEEC7A69BB6813437B61FB683A699A61FB687C
S3150800DEFC7A691A62C046BD4606B080BD80B586B042
S3150800DF0C00AFF860B9607A603B60FB681B6A7B619E
S3150800DF1CFB681B6A102293431A00FB681A62FB689B
S3150800DF2C9B693B613B69144A13403B617B681B0246
S3150800DF3C3A6913433B613B69104A13403B613B68A2
S3150800DF4C1B031B041B0C3A6913433B617B69A02218
S3150800DF5C93437B61BB681B01A02213407A69134368
S3150800DF6C7B61FB683A699A61FB687A691A62C046F2
S3150800DF7CBD4606B080BDC046FFFCFFFFFF0FFFFF86
S3150800DF8C80B586B000AFF860B9607A60FB681B6A2A
S3150800DF9C7B61FB681B6A102293431A00FB681A62A2
S3150800DFACFB689B693B613B690D4A13403B617B6887
S3150800DFBC1B033A6913433B617B69A02293437B613C
S3150800DFCCBB681B017A6913437B61FB683A699A61E2
S3150800DFDCFB687A691A62C046BD4606B080BDC04663
S3150800DFECFF0FFFFF80B586B000AFF860B9607A60A6
S3150800DFFC3B60FB681B6A7B61FB681B6A174A1A4005
S3150800E00CFB681A62FB68DB693B613B690322934335
S3150800E01C3B613A697B6813433B613B69F022934346
S3150800E02C3B613B681B01FF2213403A6913433B6172
S3150800E03C7B690B4A13407B61BB681A02A0231B0140
S3150800E04C13407A6913437B61FB683A69DA61FB68AA
S3150800E05C7A691A62C046BD4606B080BDFFFEFFFF50
S3150800E06CFFF5FFFF80B586B000AFF860B9607A603F
S3150800E07C3B60FB681B6A7B61FB681B6A184A1A4083
S3150800E08CFB681A62FB68DB693B613B69154A1340FE
S3150800E09C3B617B681B023A6913433B613B69124A35
S3150800E0AC13403B613B681B031B041B0C3A69134367
S3150800E0BC3B617B690D4A13407B61BB681A03A0233D
S3150800E0CC1B0213407A6913437B61FB683A69DA6170
S3150800E0DCFB687A691A62C046BD4606B080BDC04662
S3150800E0ECFFEFFFFFFFFCFFFFFF0FFFFFFF5FFFFFC9
S3150800E0FC80B584B000AF786039607B689B68FB603C
S3150800E10CFB68084A1340FB603A68FB68134307220E
S3150800E11C1343FB607B68FA689A60C046BD4604B038
S3150800E12C80BDC0468FFFCFFF80B586B000AFF860C4
S3150800E13CB9607A603B60FB689B687B617B69094ABE
S3150800E14C13407B613B681A027B681A43BB6813430E
S3150800E15C7A6913437B61FB687A699A60C046BD4647
S3150800E16C06B080BDFF00FFFF80B586B000AFF86033
S3150800E17CB9607A60BB681F22134001229A401300CB
S3150800E18C7B61FB681B6A7A69D2431A40FB681A6280
S3150800E19CFB681A6ABB681F210B40796899400B000B
S3150800E1AC1A43FB681A62C046BD4606B080BD00001D
S3150800E1BC80B584B000AF786039607B683C229B5C84
S3150800E1CC012B01D102235AE07B683C220121995488
S3150800E1DC7B683D22022199547B681B685B68FB604F
S3150800E1EC7B681B689B68BB607B681B68264A9342E6
S3150800E1FC08D1FB68254A1340FB603B685B68FA68E4
S3150800E20C1343FB60FB6870229343FB603B681B68F7
S3150800E21CFA681343FB607B681B68FA685A607B686C
S3150800E22C1B68194A934214D07B681A688023DB054D
S3150800E23C9A420ED07B681B68154A934209D07B68B4
S3150800E24C1B68144A934204D07B681B68124A934293
S3150800E25C0CD1BB6880229343BB603B689B68BA6849
S3150800E26C1343BB607B681B68BA689A607B683D225F
S3150800E27C012199547B683C220021995400231800EB
S3150800E28CBD4604B080BDC046002C0140FFFF0FFF01
S3150800E29C00040040000800400040014080B584B0EE
S3150800E2AC00AF786039600023FB607B683C229B5C7E
S3150800E2BC012B01D102236FE07B683C220121995482
S3150800E2CCFB68FF2293431A003B68DB681343FB6029
S3150800E2DCFB68334A1A403B689B681343FB60FB6830
S3150800E2EC304A1A403B685B681343FB60FB682E4A4E
S3150800E2FC1A403B681B681343FB60FB682B4A1A40A1
S3150800E30C3B681B691343FB60FB68294A1A403B6848
S3150800E31C5B691343FB60FB68264A1A403B681B6B18
S3150800E32C1343FB60FB68244A1A403B689B691B0431
S3150800E33C1343FB60FB68214A1A403B68DB691343AD
S3150800E34CFB607B681B681E4A93421CD1FB681D4AFE
S3150800E35C1A403B689B6A1B051343FB60FB681A4A09
S3150800E36C1A403B681B6A1343FB60FB68174A1A4042
S3150800E37C3B685B6A1343FB60FB68154A1A403B68AB
S3150800E38CDB6A1343FB607B681B68FA685A647B6814
S3150800E39C3C220021995400231800BD4604B080BDC8
S3150800E3ACFFFCFFFFFFFBFFFFFFF7FFFFFFEFFFFF82
S3150800E3BCFFDFFFFFFFBFFFFFFFFFF0FFFFFFFFEFD2
S3150800E3CC002C0140FFFF0FFFFFFFFFFEFFFFFFFDC5
S3150800E3DCFFFFFFDF03008218934200D170471970C4
S3150800E3EC0133F9E7014B18687047C0465C000020FA
S3150800E3FC70B500260C4C0D4D641BA410A64209D111
S3150800E40C002600F085F90A4C0A4D641BA410A64296
S3150800E41C05D170BDB300EB5898470136EEE7B3004B
S3150800E42CEB5898470136F2E78CE900088CE90008A6
S3150800E43C90E900088CE90008002310B59A4200D12F
S3150800E44C10BDCC5CC4540133F8E7000070B5051C4C
S3150800E45C00F02CF8291C041C281CF5F7A9FE00282A
S3150800E46C10D10021281CF4F7F9FE00280AD1002146
S3150800E47C281CF4F7D9FE002806D0FFF7B3FF222391
S3150800E48C064C0360201C70BDFFF7ACFF212303600C
S3150800E49C034800F007F8041CF4E7C046000080FFA8
S3150800E4AC88E90008004870470000C07FF0B54300B3
S3150800E4BC85B0002B06D1CC2000210006F5F7ECF828
S3150800E4CC05B0F0BD031E04DA011CF5F70DFC00219E
S3150800E4DCF4E7FF21C905884203DB011CF4F7EAFEC1
S3150800E4ECEEE7802200211204904206DA9821C9052B
S3150800E4FCF5F7A0FA192103004942DA157F3A5218A2
S3150800E50C80215B025E0A744BFE200904F3180B404B
S3150800E51CFE2180055840DD1530438905AD18F5F701
S3150800E52CE3FB32006D4B0F32041C1A4245D1002115
S3150800E53CF4F77AFE002811D00020002DC0D0280050
S3150800E54CF5F76CFE6649041CF5F774FA6549051C63
S3150800E55C201CF5F76FFA011C281CBFE76249201C22
S3150800E56CF5F768FA011CFC208005F5F7BDFB211CA4
S3150800E57C061C201CF5F75EFA011C301CF5F75AFA36
S3150800E58C061C002D01D1311C79E02800F5F746FE52
S3150800E59C5349051CF5F74EFA5249071C281CF5F782
S3150800E5AC49FA011C301CF5F79FFB211CF5F79CFB5F
S3150800E5BC011C381CF5F798FB82E78021C905F4F78E
S3150800E5CC79FE011C201CF5F767F800902800F5F772
S3150800E5DC25FE00990190081CF5F72CFA434B011CF3
S3150800E5ECF31803930290F5F725FA4149071CF5F73A
S3150800E5FC21FA4049F4F75EFE391CF5F71BFA3E4939
S3150800E60CF4F758FE391CF5F715FA3C49F4F752FE9F
S3150800E61C0299F5F70FFA3A490290381CF5F70AFAF7
S3150800E62C3849F4F747FE391CF5F704FA3649F4F776
S3150800E63C41FE391CF5F7FEF9011C0298F4F73AFE6F
S3150800E64C324B039A9B1B071C1343002B2FDDFC2113
S3150800E65C201C8905F5F7EEF9211CF5F7EBF9011CD9
S3150800E66C061C381CF4F726FE0099F5F7E3F9071C87
S3150800E67C002D06D1011C301CF5F736FB011C201C9D
S3150800E68C98E717490198F5F7D5F91649051C019825
S3150800E69CF5F7D0F9391CF4F70DFE011C301CF5F70B
S3150800E6AC23FB211CF5F720FB011C281C82E7011C07
S3150800E6BC201CF5F719FB0099F5F7BCF9061C002D7B
S3150800E6CC00D160E706490198F5F7B4F90549051C28
S3150800E6DC0198F5F7AFF9E0E720FB4A00F0FF7F0059
S3150800E6EC8071313FD1F71737ABAAAA3E305CCFFF02
S3150800E6FC9788173E25333A3E2549923EABAA2A3FC0
S3150800E70C4FD01C3E298E633ECDCCCC3E88C23500FC
S3150800E71CF8B5C046F8BC08BC9E467047F8B5C04666
S30D0800E72CF8BC08BC9E467047C4
S3150800E7340000002008000020100000201800002017
S3150800E7442000002028000020300000203800002087
S3150800E75440000020480000200102030001020300D3
S3150800E7643A3800086637000850370008CC370008DE
S3150800E774503700080038000850370008CC3700081E
S3150800E784663700086637000800380008CC370008E2
S3150800E7943C3700083C3700083C3700080A380008AC
S3150800E7A4663700086637000850370008A638000898
S3150800E7B4503700080038000850370008A638000803
S3150800E7C4663700086637000800380008A6380008C7
S3150800E7D43C3700083C3700083C3700087A430008F1
S3150800E7E47E43000882430008864300088A430008DB
S3150800E7F48E43000892430008964300089A4300088B
S3150800E8049E430008A2430008A6430008AA4300083A
S3150800E814AE430008B2430008B6430008B44A0008E9
S3150800E824084B00082A4B00087E4B0008D24B000808
S3150800E834524E00088A4D0008904D0008964D00086F
S3150800E8449C4D0008A24D00085A4F0008004F0008C6
S3150800E854124F0008244F0008364F0008484F000896
S3150800E864AC690008F06900084A6A0008A26A000848
S3150800E874E66A00082C6E00080C6E0008146E000880
S3150800E8841C6E0008246E00082C6E00082C6E000806
S3150800E8942C6E00082C6E00082C6E00082C6E0008DE
S3150800E8A42C6E00082C6E00082C6E00082C6E0008CE
S3150800E8B42C6E00082C6E0008246E0008246E0008CE
S3150800E8C41A7300081E7300082273000826730008CA
S3150800E8D42A7300082E73000832730008367300087A
S3150800E8E40000000000000000000000000000000016
S3150800E8F40000000000000000000000000000000006
S3150800E90401000000020000000300000004000000EB
S3150800E91406000000070000000800000009000000C7
S3150800E9240001020304050607080C101418203040D9
S3150800E934C2D300085AD500085AD500085AD5000883
S3150800E94404D400085AD500085AD500085AD5000830
S3150800E9544AD400085AD500085AD500085AD50008DA
S3150800E9648CD400085AD500085AD500085AD5000888
S3150800E974D2D400085AD500085AD500085AD5000832
S30D0800E98414D50008000000008C
S3090800E98CE53000085C
S3090800E990BD30000880
S3150800E994EC04002000000000EC0400200400000041
S3150800E9A4EC04002008000000EC0400200C00000021
S3150800E9B4D0050020000000003805002000000000F3
S3150800E9C4380500200400000038050020080000006F
S3150800E9D4380500200C00000084050020040000000F
S3150800E9E40024F40004000000010000006000002078
S3150800E9F400000000A0070020080800207008002076
S3150800EA0400000000000000000000000000000000F4
S3150800EA1400000000000000000000000000000000E4
S3150800EA2400000000000000000000000000000000D4
S3110800EA34000000000000000000000000C8
S705080083ED82
