S02500004B696E636F44726976655F436F6E74726F6C4D6F64756C655F56355F342E73726563EE
S3150800300000400220CD740008B96B0008C16B0008A7
S3150800301000000000000000000000000000000000A2
S31508003020000000000000000000000000C96B000856
S315080030300000000000000000D36B0008DD6B0008EC
S315080030401D7500081D7500081D7500081D7500080A
S315080030501D7500081D7500081D7500081D750008FA
S315080030601D7500081D7500081D7500081D750008EA
S315080030701D7500081D7500081D7500081D750008DA
S315080030801D7500081D7500081D7500081D750008CA
S315080030901D750008ED6B00081D7500081D750008F4
S315080030A01D7500081D7500081D7500081D750008AA
S311080030B01D7500081D7500081D75000838
S315080030BC10B5064C2378002B07D1054B002B02D0F4
S315080030CC044800E000BF0123237010BDAC000020AB
S315080030DC00000000E4DB0008044B10B5002B03D0FD
S315080030EC0349044800E000BF10BDC04600000000BC
S315080030FCB0000020E4DB0008002243088B4274D39E
S3150800310C03098B425FD3030A8B4244D3030B8B42CE
S3150800311C28D3030C8B420DD3FF22090212BA030CD7
S3150800312C8B4202D31212090265D0030B8B4219D3B8
S3150800313C00E0090AC30B8B4201D3CB03C01A5241D8
S3150800314C830B8B4201D38B03C01A5241430B8B4220
S3150800315C01D34B03C01A5241030B8B4201D30B0309
S3150800316CC01A5241C30A8B4201D3CB02C01A524130
S3150800317C830A8B4201D38B02C01A5241430A8B42F3
S3150800318C01D34B02C01A5241030A8B4201D30B02DC
S3150800319CC01A5241CDD2C3098B4201D3CB01C01AF6
S315080031AC524183098B4201D38B01C01A5241430900
S315080031BC8B4201D34B01C01A524103098B4201D3EE
S315080031CC0B01C01A5241C3088B4201D3CB00C01A5B
S315080031DC524183088B4201D38B00C01A52414308D3
S315080031EC8B4201D34B00C01A5241411A00D20146F8
S315080031FC524110467047FFE701B5002000F006F86B
S3150800320C02BDC0460029F7D076E770477047C0461E
S3150800321C844608006146FFE71FB500F0DFFB00286F
S3150800322C01D40021C8421FBD10B500F067FB40420F
S3150800323C013010BD10B500F0D1FB002801DB0020D1
S3150800324C10BD012010BDC04610B500F0C7FB002804
S3150800325C01DD002010BD012010BDC04610B500F0E0
S3150800326C75FB002801DC002010BD012010BDC046EE
S3150800327C10B500F06BFB002801DA002010BD012008
S3150800328C10BDC0469E2110B5C905041CFFF7F0FFFA
S3150800329C002803D1201C00F093FF10BD9E21201C92
S315080032ACC90500F035FD00F08BFF80231B069C46F4
S315080032BC6044F2E74A02F8B5530ACE4699464B00E3
S315080032CCC90F4746884646004502360E1B0E80B582
S315080032DCC40F6F0A9209AD09F11A44454BD000295F
S315080032EC38DD002B00D174E0FF2E00D1BEE0802320
S315080032FCDB041A431B2900DCFDE0013D6B0100D4FD
S3150800330CAFE001256D42AD01AF09380001F00EF8AA
S3150800331C3B0005388340864200DCD3E0B94D311AB0
S3150800332C1D405A0700D19EE00F221340042B00D1F2
S3150800333C99E004356B0100D495E0481CFE2951D15F
S3150800334CFF200023C0051843E4072043C0BCB94638
S3150800335CB046F8BD002949D0991B002E72D1002D14
S3150800336C00D133E14C1E012900D159E1FF2900D1C6
S3150800337C4CE121006CE0002900DC81E0002B55D1E2
S3150800338C002A70D04B1E012900D12BE1FF296DD0E4
S3150800339C1B2B50DC190020235B1A10009A40C840DE
S315080033AC531E9A410243AD188023DB041D4200D1FB
S315080033BCADE0711CFE2EC3D001206A082840924D40
S315080033CC154005436A0700D08BE01D42B5D1EF08BE
S315080033DC34E0002A47D04B1E012966D0FF2945D078
S315080033EC190087E7C0B2AB015B0AABE7FE239C4624
S315080033FC701C03006046184200D092E0002E00D0E4
S3150800340CE7E0002D00D119E1002A17D08023AF1A66
S3150800341CDB041F4200D142E14446551B00D187E02C
S3150800342C01201D42DFD10021EF0807E0FF2E1DD039
S3150800343C1B2900DC94E031000535EF087B025B0A9A
S3150800344CC8B27FE7FF2B00D1E0E08020C00405431B
S3150800345C1B2900DC88E0551E44461E00690100D570
S3150800346C4FE731000435EF08FF29E7D1002F00D1CB
S3150800347C66E78023DB033B435B02FF205B0A61E7BD
S3150800348C002958D0991B002E00D089E0002D00D1B8
S3150800349C9DE04E1E012900D1A4E0FF2900D1B6E01B
S315080034AC1B2E00DDB8E0310081E0AA1A530100D4C6
S315080034BCAFE09701BF09380000F038FF3B0005382C
S315080034CC834001261D00811B20200131CD40411A65
S315080034DC8B40591E8B411D432AD000216B0700D106
S315080034ECF0E00F232B40042B00D022E76B0100D50C
S315080034FC23E7EF08A2E720235B1A10009A40C8407E
S3150800350C531E9A410243AD1A6B0100D5FBE66B07B5
S3150800351C00D1D5E00F2331002B40042B00D008E74F
S3150800352CA1E7AF1A7B014ED4002F00D0EDE600249C
S3150800353C0020002306E7FE23711C0B4221D1002E26
S3150800354C00D081E0002D00D19FE0002A00D1B2E026
S3150800355CAB185A0100D4B0E09B0101205B0AF1E6D6
S3150800356C8023DB041A4316E720242800C840611A76
S3150800357C8D4029004C1EA141014344461E00551A94
S3150800358CC2E7FF2900D1DBE6AF187F087B0705D019
S3150800359C0F233D1D3B40042B00D064E7FF084DE785
S315080035ACFF2B34D01B2937DC8020C00405432800A8
S315080035BC2026C840711A8D4029004D1EA941014389
S315080035CC1E008D18F0E64446571B9EE64446150029
S315080035DC49E7002D46D1002A66D180230024FF2016
S315080035ECDB03AFE6AA18530113D5074F5208174049
S315080035FC530744D00F231340042B40D002213D1D02
S3150800360C31E7C046FFFFFFFBFFFFFF7D44464F46F1
S3150800361C2CE70121D70811E705321900D7080DE761
S3150800362C571B7B0137D5BF01BF09380000F07EFE5A
S3150800363C3B00053883404446013643E7002A00D14F
S3150800364C75E744464F46F9E6002DE0D08023DB03A8
S3150800365C002A17D09F4200D20BE7994500D308E7FA
S3150800366C4F4606E78023DB03002A0BD09F4200D285
S3150800367CFFE6994500D3FCE644464F46F9E6022197
S3150800368CFF08DBE6FF203B435CE6002A00D14FE748
S3150800369C0021D708D2E644460121FF08CEE6002FC2
S315080036AC00D07BE7002443E780234A46DB034446E5
S315080036BCFF20134346E60021C0E60021DF08BDE6DD
S315080036CC3100D0E601206A0100D58BE62A00DFE737
S315080036DCF0B546464F46D6464502C0B5C30F470019
S315080036EC98460E1C6D0A3F0E5BD0FF2F21D0802307
S315080036FCED00DB041D43002399469A467F3F74026E
S3150800370C7300640A1B0EF60F002B20D0FF2B43D038
S3150800371C80220020E400D20414437F3B4246FF1A61
S3150800372C4B4672400F2B00D99DE071499B00CB5834
S3150800373C9F46002D5AD108239946063B74029A4691
S3150800374C7300FF27640A1B0EF60F002BDED1002C24
S3150800375C3BD1012342464946724019430E2918D8D3
S3150800376C6448890041588F465346022B00D1B8E06D
S3150800377C032B6ED042462C00012B40D1002000248E
S3150800378CC0052043D2071043E0BCBA46B146A8464A
S3150800379CF0BDFF200024F3E7002C20D10223FF3FC5
S315080037ACD8E7002D05D104239946033B00279A46F2
S315080037BCA5E7280000F0BAFD7627431F9D40002395
S315080037CC7F4299469A463F1A99E7200000F0AEFDCB
S315080037DC431F9C4076235B421B1A00209EE703235B
S315080037EC4A461A4391460320FC3397E70C2399461D
S315080037FC093BFF279A4682E703282CD0320038006B
S3150800380C7F30002847DD630704D00F232340042BA1
S3150800381C00D00434230103D53800374B80301C40C4
S3150800382CFE28B6DCA401640AC0B2A9E780240022EB
S3150800383CFF20E403A4E78023DB031D4201D01C42CE
S3150800384C0BD08024E4032C4364024246FF20640A0E
S3150800385C96E746462C008023DB031C4364023200A1
S3150800386CFF20640A8CE76D01600185422DD21B236B
S3150800387C0024013F0126290064006D00002901DBA4
S3150800388C854201D32D1A3443013B002BF3D16B1E11
S3150800389C9D412C43B3E701231B1A1B2B00DD6DE757
S315080038AC21009E37D940BC400B00611E8C41234336
S315080038BC590704D00F211940042900D004335901A3
S315080038CC13D49B0100205C0A5AE71A2301242D1AEB
S315080038DCD0E7981E43425841404232000024C0B2F9
S315080038EC4EE74246FF2000244AE70120002447E71A
S315080038FCFCDB00083CDC0008FFFFFFF770B5420054
S3150800390C4E024C0045026D0A120EC30F760A240E9F
S3150800391CC90FFF2A10D0FF2C0CD00120A2420AD1C5
S3150800392CB54208D18B420FD0002A04D12800431E79
S3150800393C984100E0012070BD0120FF2CFBD13543D6
S3150800394CF9D14B401800F6E70020F4E730B54200F1
S3150800395C44024D02C30F4800640A120E6D0A000E8B
S3150800396CC90FFF2A18D0FF280AD0002A1ED1002812
S3150800397C0AD1002D29D0002C2DD14800013830BD94
S3150800398C002D25D1002A01D1002CF6D08B4219D056
S3150800399C01205B421843F2E7002C19D1FF28F7D116
S315080039AC002D15D100208B42F2D1E8E70028EFD084
S315080039BC8B42EDD18242EBDC04DBAC42E8D800202A
S315080039CCAC42DCD258000138D9E7002CD7D0DFE757
S315080039DC02204042D3E78B42DAD1EEE730B54200FB
S315080039EC44024D02C30F4800640A120E6D0A000EFB
S315080039FCC90FFF2A17D0FF280AD0002A1BD1002886
S31508003A0C0AD1002D1DD0002C2DD14800013811E00B
S31508003A1C002D0ED1002A01D1002CF6D08B420CD1E8
S31508003A2C5800013806E0002C03D1FF2805D1002DDB
S31508003A3C15D0022030BD002806D101205B42184360
S31508003A4CF8E7002CF6D0F8E78B42F6D18242F4DC84
S31508003A5CE6DBAC42F1D80020AC42EBD2E0E7002022
S31508003A6C8B42EAD1E6E78B42E7D1F2E7F0B54F464F
S31508003A7C4646D6464502C0B546000F1C6D0A360E9C
S31508003A8CC40F002E00D1CDE0FF2E72D08023ED009E
S31508003A9CDB041D43002399469A467F3E7B025B0A4C
S31508003AAC98467B001B0EFF0F002B72D0FF2B00D104
S31508003ABCA9E07F3BF6184B460A2B00DD85E043460A
S31508003ACC8022DB00D2041A434B4690467C400022E7
S31508003ADC022B0FDD494601238B40A621C9000B4258
S31508003AEC00D072E0902189000B4200D0DAE08821E0
S31508003AFC194267D1280C42462D042D0C4346290041
S31508003B0C12041B0C120C51435D4342435843AD1827
S31508003B1C0B0C5B199A4203D98022520294466044D4
S31508003B2C09041A04090C52189501691E8D411B0CBF
S31508003B3C920E1B1815439B011D431B0100D5CFE0A4
S31508003B4C30007F30002800DCB1E06B070BD00F2368
S31508003B5C32002B40042B06D004352B0103D58032BA
S31508003B6C10006A4B1D40FE2864DCAB015B0AC0B230
S31508003B7C1FE0002D00D08FE008239946063B9A4695
S31508003B8C7B025B0A98467B00FF261B0EFF0F002B59
S31508003B9C8CD14346002B5CD14A4601331A439146D5
S31508003BAC13000A2A11DC01227C40022B92DC00202D
S31508003BBC0023C0051843E4072043E0BCBA46B146C7
S31508003BCCA846F0BD3C00454692465346022B31D0DA
S31508003BDC032B11D0012BEAD030008030721C002840
S31508003BEC66DD6B07B9D00F232B40042BB4D1B4E791
S31508003BFC0F2A7AD03C0045468023DB032B435B0215
S31508003C0CFF205B0AD5E74346FF36002B34D14A46DC
S31508003C1C023313430A2BD8DC7C40002A0AD0994677
S31508003C2C022257E7002D08D104239946033B0026A8
S31508003C3C9A4633E7FF200023BBE7280000F076FB03
S31508003C4C7626431F9D400023764299469A46361A95
S31508003C5C24E7404600F06AFB4B46361A763E0A2B9A
S31508003C6CB3DC43460538834098464B4600227C40D5
S31508003C7C022B00DD2EE73DE703234A461A431300C1
S31508003C8C0A2AB5DC01229A40882113007C400322BB
S31508003C9C194200D12EE795E70C239946093BFF26D6
S31508003CAC9A46FBE680230024FF20DB0381E73200DB
S31508003CBC01231B1A1B2B00DD79E79E322900954040
S31508003CCCD9406A1E95410D436B0704D00F232B4030
S31508003CDC042B00D004356B0113D50120002368E7AB
S31508003CEC01236A081D40154376E78023DB031D4232
S31508003CFC82D042461A4200D07EE73C00FF2013438E
S31508003D0C57E7AB0100205B0A53E7C046FFFFFFF7F6
S31508003D1CF8B54746CE464B02460080B5C40F470257
S31508003D2C580A844648007A0A360EBF09000ECD0F8B
S31508003D3C9B09FF286DD001214D40311AAC423AD06F
S31508003D4C002900DC9CE1002800D19EE0FF2E00D162
S31508003D5C88E08022D20413431B2900DCF6E0013FDD
S31508003D6C7A0100D479E001277F42BF01BB09984646
S31508003D7C404600F0DBFA434605388340864200DCB1
S31508003D8CCCE0B44F311A1F405A0768D00F221340A3
S31508003D9C042B64D004377B0161D5481CFE2900D05E
S31508003DAC81E0FF200023C0051843E4072043C0BC6C
S31508003DBCB946B046F8BD002900DC79E1002876D171
S31508003DCC002B4CD0481E012900D147E1FF2949D0C8
S31508003DDC1B2871DC01001A002020CA40411A8B40AE
S31508003DEC591E8B411343FF188023DB041F4200D155
S31508003DFCB8E0711CFE2ED4D0012297483A407F08B1
S31508003E0C074017437A0700D096E01F42C5D1FA0837
S31508003E1C55E03100FF398946002B2CD101214D4044
S31508003E2CAC4200D1B4E0494600294CD0002E00D053
S31508003E3CF9E0FF21002F00D108E14A1E012900D123
S31508003E4C56E1FF2900D142E11B2A00DC24E15F1E62
S31508003E5C2C0006007A0100D585E731000437FA08EC
S31508003E6CFF292CD1002A9CD08023DB0313435B0249
S31508003E7CFF205B0A97E7AC4200D1A7E0002922D0C5
S31508003E8C002ED6D062462C00EEE7002BE7D0481E53
S31508003E9C012936D0FF29E5D001005DE701203B005A
S31508003EAC7A0100D457E1C0B2BB015B0A7BE7FF2E4F
S31508003EBCD8D01B2900DC9FE031000537FA085302DD
S31508003ECC5B0AC8B26FE7FE20711C084254D1002E5B
S31508003EDC00D0B1E0002F00D102E1002B00D1F9E0AF
S31508003EEC8021FA1AC9040A4200D13BE10124DF1BDE
S31508003EFC2C40002F49D001200F42D5D10021FA08B9
S31508003F0CDDE7FF1A7B0100D4DEE0BD01AD09280010
S31508003F1C00F00CFA2B000538834001262022811B61
S31508003F2C0131521A1F009340CF405A1E93411F432A
S31508003F3C2BD000217B07B1D00F233B40042B00D09C
S31508003F4C28E77B0100D528E7FA08B8E71A002020ED
S31508003F5CCA40411A8B40591E8B411343FF1A7B01E9
S31508003F6C00D502E77B0700D10DE10F2331003B405A
S31508003F7C042B00D00EE772E7FA1A9046520156D473
S31508003F8C4346002B00D0F3E60024002000230AE762
S31508003F9C494600291CD0002E00D002E7FF21002F2D
S31508003FAC55D04A1E012959D0FF2900D190E01B2A69
S31508003FBC00DD91E011003A002025CA40691A8F40AD
S31508003FCC791E8F4117430600FF180DE7002926D1E5
S31508003FDCFE20711C084213D1002E00D096E0002F4B
S31508003FEC00D1B4E0002B75D0FB185A0100D4B2E00E
S31508003FFC9B015B0AFD38D6E68022D2041343EAE617
S3150800400CFF2900D1CDE6FA185208530705D00F231D
S3150800401C171D1340042B00D021E7D2084FE7002EBA
S3150800402CBCD0624620E72C00FF200023BBE6012407
S3150800403CDB1B98462C409BE6002F75D1002B00D035
S3150800404C96E080230024FF20DB03ACE62C001F003F
S3150800405C05E7C046FFFFFFFBFFFFFF7DFB185A0174
S3150800406C00D48DE04A4A5B081A40590700D18CE007
S3150800407C0F210B400D39042BCFD00221171DEEE66C
S3150800408C002900D11FE7821B1100002E00D1D1E6B2
S3150800409C8021C9040F43D7E639002024D140A21A3F
S315080040AC97407A1E97410F432C000600DF1B56E7F4
S315080040BC00298DD0811B002E00D170E71B290BDC43
S315080040CC8022D204174376E70121FA08F7E62C007A
S315080040DC6246C7E60021F2E605330100DA08EEE689
S315080040EC002B00D150E70124002162462C40E6E65D
S315080040FCDA1B530132D592019409200000F016F907
S3150800410C2300053883402C00012607E7002FDFD053
S3150800411C002B17D08023DB039A4200D2A4E69C45D9
S3150800412C00D3A1E662469FE6002B0BD08023DB0367
S3150800413C9A4200D298E69C4500D395E6012462463D
S3150800414C2C4091E68023DB03FF2013432BE600204B
S3150800415C002B00D127E60021DA08B0E62C00012155
S3150800416CD208ACE6002A00D10EE70021D208A6E652
S3150800417C802362460124DB03FF2013432C4012E6FE
S3150800418C0121DA089BE6310069E60221D20896E697
S3150800419CFFFFFF7D43024A02400049005B0A520AB0
S315080041AC090E000EFF2806D00020FF2902D1531E47
S315080041BC9A4110007047FE38002BFBD1F4E7C04635
S315080041CC41024200C30F490A0020120E7E2A03DD63
S315080041DC9D2A02DD094A981870478020000401437D
S315080041EC952A07DC9620821AD1404842002BF3D137
S315080041FC0800F1E7963A9140F7E7C046FFFFFF7FC4
S3150800420C70B5002812D0C317C5185D40C40F280016
S3150800421C00F08CF89E231B1A962B0FDC082838D036
S3150800422C083885406D026D0AD8B202E000240020D9
S3150800423C0025C0052843E407204370BD992B14DCE0
S3150800424C421F95402A001549114055071CD00F25C9
S3150800425C2A40042A18D00431CA08490115D59F23C7
S3150800426C5202181A550AC0B2E3E7020029001B329B
S3150800427C91404A1E91410522121AD5402A000A433A
S3150800428C064911405507E2D1CA085202550AD8B256
S3150800429CCFE76D026D0A8E30CBE7C046FFFFFFFBFA
S315080042AC10B5041E0DD000F041F89E231B1A962B50
S315080042BC0CDC082834D0083884406402640AD8B266
S315080042CC01E000200024C005204310BD992B13DC07
S315080042DC421F9440144A224061071CD00F212140EA
S315080042EC042918D00432D408520115D59F23640228
S315080042FC181A640AC0B2E6E7020021001B32914084
S3150800430C0A00511E8A410521091ACC401443064A53
S3150800431C22406107E2D1D4086402640AD8B2D2E713
S3150800432C6402640A8E30CEE7FFFFFFFB1C210123D3
S3150800433C1B04984201D3000C10391B0A984201D36E
S3150800434C000A08391B09984201D30009043902A24C
S3150800435C105C40187047C0460403020201010101B3
S3150800436C0000000000000000B0B590B000AF786007
S3150800437C39603B680122134049D00C243B1914259B
S3150800438C7A197868402104F0A3FF031E41D17B19E2
S3150800439C1B68224A934205D13B191B78FF2B01D186
S315080043AC04F04BFB1423FB18DB681A0C3F217B1813
S315080043BC1A700A00BB181B78082B02D9BB180822DE
S315080043CC1A70174B08220021180009F053FA3F24DB
S315080043DC3B191A780C23F918114B180009F07CFABA
S315080043EC104B3A1912781A701423FB181A680E4BCC
S315080043FC1A600E4B1B78DBB20133DAB20B4B1A7010
S3150800440CBFF35F8FC0460A4B01221A7002E0C04602
S3150800441C00E0C046BD4610B0B0BDC04667060000F9
S3150800442CD0000020D8000020CC000020D9000020A5
S3150800443CC800002080B582B000AF3B0018000823E6
S3150800444C1A00002109F016FABE4B0221180005F0D5
S3150800445C1BFD031E06D03B001B7801221343DAB260
S3150800446C3B001A70B74B0421180005F00DFD031E0E
S3150800447C06D03B001B7802221343DAB23B001A70B3
S3150800448CB04B0821180005F0FFFC031E06D03B00B4
S3150800449C1B7804221343DAB23B001A7080235B00A4
S315080044ACA94A1900100005F0EFFC031E06D03B00C4
S315080044BC1B7808221343DAB23B001A7080235A0180
S315080044CCA023DB051100180005F0DEFC031E06D13F
S315080044DC3B005B7801221343DAB23B005A70802307
S315080044EC5B00984A1900100005F0CEFC031E06D195
S315080044FC3B005B7802221343DAB23B005A70924BAC
S3150800450C0121180005F0C0FC031E06D13B005B78A0
S3150800451C04221343DAB23B005A7080239B008A4A62
S3150800452C1900100005F0B0FC031E06D13B009B7861
S3150800453C01221343DAB23B009A7080231A02A02395
S3150800454CDB051100180005F09FFC031E06D13B0085
S3150800455C9B7802221343DAB23B009A7080239B00A5
S3150800456C784A1900100005F08FFC031E06D13B0093
S3150800457C9B7804221343DAB23B009A7080239B0182
S3150800458C724A1900100005F07FFC031E06D03B008A
S3150800459CDB7801221343DAB23B00DA708023DB01A5
S315080045AC6A4A1900100005F06FFC031E06D03B0082
S315080045BCDB7802221343DAB23B00DA7000F0D0FB48
S315080045CC031E06D03B00DB7804221343DAB23B0009
S315080045DCDA7000F091FB0300013306D13B00DB785F
S315080045EC08221343DAB23B00DA70584B1021180034
S315080045FC05F04AFC031E06D03B001B790122134327
S3150800460CDAB23B001A71514B0821180005F03CFC34
S3150800461C031E06D03B001B7902221343DAB23B0079
S3150800462C1A71494B2021180005F02EFC031E06D0E2
S3150800463C3B001B7904221343DAB23B001A71424B36
S3150800464C0821180005F020FC031E06D03B001B7938
S3150800465C08221343DAB23B001A713B4B02211800AD
S3150800466C05F012FC031E06D03B001B7910221343DF
S3150800467CDAB23B001A71354B2021180005F004FC00
S3150800468C031E06D03B005B7901221343DAB23B00CA
S3150800469C5A712D4B4021180005F0F6FB031E06D067
S315080046AC3B005B7904221343DAB23B005A71264B62
S315080046BC1021180005F0E8FB031E06D03B005B79B9
S315080046CC08221343DAB23B005A711F4B0421180017
S315080046DC05F0DAFB031E06D03B005B791022134368
S315080046ECDAB23B005A71A023DB052021180005F02D
S315080046FCCBFB031E06D03B009B7901221343DAB28F
S3150800470C3B009A7180239B010E4A1900100005F094
S3150800471CBBFB031E06D03B009B7902221343DAB27D
S3150800472C3B009A710A4B1B78DAB23B00DA713B00F4
S3150800473C08480822190001F083FEC046BD4602B09F
S3150800474C80BDC04600080050000C00500004005004
S3150800475CD90000206706040680B584B000AF01F0C6
S3150800476C4FFE0300FB603B1D180006231A000021B0
S3150800477C09F080F8FB685B780F221340DAB23B1D10
S3150800478C1A70FB689A783B1D5A70FB68DA783B1DE1
S3150800479C9A70FB681A793B1DDA70FB685A793B1DCF
S315080047AC1A71FB689A793B1D5A713B1D04480622FF
S315080047BC190001F045FEC046BD4604B080BDC04692
S315080047CC6706060680B500AF024B034A9A60C046D8
S315080047DCBD4680BD00ED00E00030000880B500AF96
S315080047ECFFF7F0FFC046BD4680BD000080B588B017
S315080047FC02AF3B00180018231A00002109F03AF8FA
S3150800480C3B008022D2051A603B0000225A603B000E
S3150800481C02229A603B000122DA603B00124A1A61B6
S3150800482C3B00124A5A613A00114B1100180004F069
S3150800483C57FC031E01D002F08BF90D480123009397
S3150800484C01230222022104F0A8FC094B00220121B3
S3150800485C180004F053FE031E01D002F079F9C04685
S3150800486CBD4606B080BDC04667060000FFFF0000C7
S3150800487C1C02002080B586B000AF6F4B1B78DBB2EC
S3150800488C01225340DBB2002B00D0C8E06B4B1B68EF
S3150800489C7B611323FB186A4A12781A703B1D694A06
S315080048AC03CA03C3644B00221A707B691B0C9AB2A9
S315080048BC10217B18D204D20C1A80634B7A181288F2
S315080048CC1A80624B1B780133DAB2604B1A707B186C
S315080048DC1B8880229200934200D188E080229200A5
S315080048EC934200DD9DE088225200934204D0A02218
S315080048FC5200934243D094E01323FB181B78002BE9
S3150800490C00D190E00F217B183A1D12781A707B188B
S3150800491C1B780122134004D00021012000F05AFD17
S3150800492C03E00021012000F085FD0F23FB181B78FE
S3150800493C0222134004D00021022000F04BFD03E0B4
S3150800494C0021022000F076FD0F23FB181B780422A9
S3150800495C134004D00021032000F03CFD03E00021A5
S3150800496C032000F067FD0F23FB181B780822134061
S3150800497C02D000F0BFFF56E000F0DCFF53E0132333
S3150800498CFB181B78002B05D03B1D1B781900012042
S3150800499C00F0B0FB1323FB181B78012B05D93B1D24
S315080049AC5B781900022000F0A5FB1323FB181B7873
S315080049BC022B05D93B1D9B781900032000F09AFBA6
S315080049CC1323FB181B78032B05D93B1DDB78190021
S315080049DC042000F08FFB1323FB181B78042B24D917
S315080049EC3B1D1B791900052000F084FB1DE01323E1
S315080049FCFB181B78002B1AD03B1D1B781A000123B9
S31508004A0C134001D001F014FC3B1D1B781A0002233D
S31508004A1C134001D001F06EFCFFF79EFE07E0C0467E
S31508004A2C06E0C04604E0C04602E0C04600E0C046C8
S31508004A3CBD4606B080BDC046C8000020CC0000208C
S31508004A4CD8000020D0000020DC000020DA0000206E
S31508004A5C90B591B000AF786002F0D8FD0300BB6347
S31508004A6C924B1B68BA6BD31A7A689A4201D90023FF
S31508004A7C18E18E4BBA6B1A602C243B1918000823C4
S31508004A8C1A00002108F0F6FE3B19591C3B190222A4
S31508004A9C180000F0A9FA3B1902330221180000F09D
S31508004AAC57FF3B1904330121180000F085FF804B92
S31508004ABC1A7821007B185A717E4B1B88DAB27B1840
S31508004ACC9A717C4B1B881B0A9BB2DAB27B18DA717B
S31508004ADC7B1879480822190001F0B2FC24243B19EA
S31508004AEC180005231A00002108F0C4FE3B19022100
S31508004AFC180000F0C1FF3B190233012219000120EE
S31508004B0C00F07CFF3B19033301221900022000F048
S31508004B1C75FF3B19043301221900032000F06EFFC0
S31508004B2C3B1966480522190001F08AFC1C243B191E
S31508004B3C180006231A00002108F09CFE3B190122D6
S31508004B4C1900002000F0C9FF3B1901330122190096
S31508004B5C012000F0C2FF3B19023301221900022082
S31508004B6C00F0BBFF3B19033301221900032000F0A8
S31508004B7CB4FF3B19043301221900042000F0ADFFE1
S31508004B8C3B19053301221900052000F0A6FF3B1935
S31508004B9C4B480622190001F053FC14243B19180043
S31508004BAC05231A00002108F065FE3B19012219009D
S31508004BBC012000F0E7FB3B19013301221900022002
S31508004BCC00F0E0FB3B19023301221900032000F028
S31508004BDCD9FB3B19033301221900042000F0D2FB40
S31508004BEC3B19043301221900052000F0CBFB3B19B5
S31508004BFC34480522190001F023FCFFF71BFC0C2393
S31508004C0CFB18180006231A00002108F033FE0023AF
S31508004C1CFB633AE02C4BFA6B5200D35A9BB21B0A35
S31508004C2C9AB23723FB181A70FB6B0122134014D166
S31508004C3CFB6B002B00DA01335B100C203A18D25CA4
S31508004C4C51B23722BA18127852B2120152B20A432A
S31508004C5C52B2D1B23A18D15414E0FB6B002B00DADD
S31508004C6C01335B100C243A19D25C51B23722BA18AC
S31508004C7C127852B20F20024052B20A4352B2D1B243
S31508004C8C3A19D154FB6B0133FB63FB6B0B2BC1DD60
S31508004C9C0C23FB180D480622190001F0D1FBFFF76F
S31508004CAC5BFD00231800BD4611B090BDE000002046
S31508004CBCDA000020DC0000206706000667060106FD
S31508004CCC670602066706030638010020670605060E
S31508004CDC80B500AF064B00221A7080231B020548CC
S31508004CEC0022190005F0EDF8C046BD4680BDC04649
S31508004CFCE40000200004005090B583B000AFFC1D02
S31508004D0C8023DB01154A1900100005F0BDF80300D5
S31508004D1C2370BC1D80239B01104A1900100005F056
S31508004D2CB3F803002370FB1D1B78012B05D1BB1DA3
S31508004D3C1B78002B01D100230BE0FB1D1B78002BE5
S31508004D4C05D1BB1D1B78012B01D1012301E00123E1
S31508004D5C5B421800BD4603B090BDC0460004005027
S31508004D6C80B500AF024B1B781800BD4680BDC04607
S31508004D7CE400002080B584B000AF1423FB60FFF775
S31508004D8CBBFF0300BB6002F041FC03007B60204BB9
S31508004D9C1B68BA689A4206D01D4BBA681A601D4B36
S31508004DAC7A681A6030E01B4B1B687A68D31AFA6863
S31508004DBC9A4226D8184B1B68BA689A4202D0164BE8
S31508004DCCBA681A60144B1B68012B0FD01CDC5A1CD2
S31508004DDC19D0002B18D1114B00221A7080231B02F4
S31508004DEC0F480022190005F06CF80DE00B4B012258
S31508004DFC1A7080231B020A480122190005F061F873
S31508004E0C02E0C04600E0C046BD4604B080BDC046C0
S31508004E1CE8000020EC000020F0000020E400002050
S31508004E2C0004005080B500AF044B05220021180081
S31508004E3C08F020FDC046BD4680BDC046F4000020E3
S31508004E4CF0B585B000AF0200FB1D1A70FB1D1B7870
S31508004E5C042B00D9BCE09A00604BD3181B689F46FC
S31508004E6C0F257C195E4B2021180005F00DF8030060
S31508004E7C23700E26BC195A4B1021180005F004F89D
S31508004E8C030023707B191B78012B05D1BB191B78E2
S31508004E9C002B01D100239DE00F23FB181B78002B58
S31508004EAC06D10E23FB181B78012B01D1012391E0A7
S31508004EBC02238FE00D257C19494B0821180004F0B4
S31508004ECCE3FF030023707B191B78013B5A425341BD
S31508004EDCDBB27FE00F257C19424B4021180004F009
S31508004EECD3FF030023700E26BC193E4B2021180055
S31508004EFC04F0CAFF030023707B191B78012B05D11C
S31508004F0CBB191B78002B01D1002363E00F23FB1878
S31508004F1C1B78002B06D10E23FB181B78012B01D10D
S31508004F2C012357E0022355E00F257C192D4B102140
S31508004F3C180004F0A9FF030023700E26BC19294B90
S31508004F4C0821180004F0A0FF030023707B191B78B6
S31508004F5C012B05D1BB191B78002B01D1002339E095
S31508004F6C0F23FB181B78002B06D10E23FB181B7876
S31508004F7C012B01D101232DE002232BE00F257C19EF
S31508004F8C184B0421180004F07FFF030023700E262B
S31508004F9CBC19144B0221180004F076FF0300237089
S31508004FAC7B191B78012B05D1BB191B78002B01D15A
S31508004FBC00230FE00F23FB181B78002B06D10E23BA
S31508004FCCFB181B78012B01D1012303E0022301E016
S31508004FDC01235B421800BD4605B0F0BD78DC00081D
S31508004FEC00040050000C005080B588B000AFF86083
S31508004FFCB9607A60FB68002B05D0BB68002B02D021
S3150800500C7B68012B01D8002358E01F23FB180022CC
S3150800501C1A701E23FB1800221A700023BB6126E0A7
S3150800502CBB69DBB21800FFF70BFF03003B613B695A
S3150800503C012B0BD10122BB699A401300D9B21F224E
S3150800504CBB18BA1812780A431A700DE03B69022B82
S3150800505C0AD10122BB699A401300D9B21E22BB1889
S3150800506CBA1812780A431A70BB690133BB61BB695B
S3150800507C042BD5DDFFF740FE03007B617B69012B12
S3150800508C07D11F22BB18BA18127820210A431A70A6
S3150800509C09E07B69022B06D11E22BB18BA181278B6
S315080050AC20210A431A70FB681F22BA1812781A7044
S315080050BCBB681E22BA1812781A7002231800BD464D
S315080050CC08B080BD80B584B000AF0200FB1D1A7015
S315080050DCFB1D1B78013BFB60FB68002B04DBFB68A4
S315080050EC042B01DCFB6801E001235B421800BD467A
S315080050FC04B080BD80B586B000AF0200FB1D1A70E7
S3150800510CBB1D0A1C1A70FB1D1B781800FFF7DAFF6B
S3150800511C03007B617B69002B5CDB7B69DA00304B17
S3150800512CD3183B613B691B68002B55D0BB1D1B78FC
S3150800513C642B02D9BB1D64221A703B691B681B6859
S3150800514CDB6AFB60BB1D1B78FA68534364211800A5
S3150800515CFDF7D2FF0300BB603B695B68002B05D1EA
S3150800516C3B691B681B68BA685A632CE03B695B6829
S3150800517C042B05D13B691B681A68BB68936322E04C
S3150800518C3B695B68082B05D13B691B681A68BB68C9
S3150800519CD36318E03B695B680C2B05D13B691B682C
S315080051AC1A68BB6813640EE03B695B68102B05D163
S315080051BC3B691B681A68BB68936504E03B691B6806
S315080051CC1A68BB68D365074A7B69D318BA1D127867
S315080051DC1A7002E0C04600E0C046BD4606B080BD67
S315080051EC00000020FC00002080B584B000AF02004F
S315080051FCFB1D1A70FB1D1B781800FFF763FF0300D5
S3150800520CFB60FB68002B01DA002303E0034AFB680A
S3150800521CD3181B781800BD4604B080BDFC000020CE
S3150800522C80B582B000AF00237B6015E00E4B7A6820
S3150800523CD200D358002B0CD00B4B7A68D200D0581E
S3150800524C094A7B68DB00D31804331B68190006F07F
S3150800525C27FE7B6801337B607B68042BE6DDC04642
S3150800526CC046BD4602B080BD0000002080B582B0A5
S3150800527C00AF00237B6016E00F4B7A68D200D0583B
S3150800528C0D4A7B68DB00D318043319687A68130057
S3150800529C9B009B185B00094A9A18052306F050FFD9
S315080052AC7B6801337B607B68042BE5DDC046C04612
S315080052BCBD4602B080BDC04628000020040100206F
S315080052CC90B589B000AF02003960FB1D1A70FB1D42
S315080052DC1B781800FFF7F6FE0300BB61BB69002BB1
S315080052EC03DA3B6800221A8042E02349BA691300A4
S315080052FC9B009B185B00CB18023319881E48BA69A9
S3150800530C13009B009B185B001A5A16203B188A1A26
S3150800531C1A803B181B88002B03D13B6800221A8085
S3150800532C26E014243B19154A1A801623FB181B88E9
S3150800533C19001348FDF7E0FE03003B613A691300B8
S3150800534C1B019B1A5B00FB60FB6864225A433B19E2
S3150800535C1B8819001000FDF7CFFE0300FB61FB69E3
S3150800536C642B01D96423FB61FB699AB23B681A80EA
S3150800537CBD4609B090BDC046040100208813000044
S3150800538C00350C0090B587B000AFB9607A600F2372
S3150800539CFB18021C1A70BB68002B02D07B68002B0A
S315080053AC01D1002311E016243B1900221A803A1960
S315080053BC0F23FB181B7811001800FFF781FF3B1908
S315080053CC1B88DAB2BB681A7001231800BD4607B0F1
S315080053DC90BD000080B582B000AF02003960FB1D9D
S315080053EC1A70FB1D1B78032B13D019DC012B02D06A
S315080053FC022B07D014E00E4B01220221180004F0F0
S3150800540C60FD10E00A4B01220421180004F059FD36
S3150800541C09E0074B01220821180004F052FD02E0AE
S3150800542C02235B4200E000231800BD4602B080BD93
S3150800543C0008005080B582B000AF02003960FB1D31
S3150800544C1A70FB1D1B78032B13D019DC012B02D009
S3150800545C022B07D014E00E4B00220221180004F090
S3150800546C30FD10E00A4B00220421180004F029FD37
S3150800547C09E0074B00220821180004F022FD02E07F
S3150800548C02235B4200E000231800BD4602B080BD33
S3150800549C0008005080B500AF084B180002F0E8FB76
S315080054AC064B180003F0EAF8031E02D003235B42EE
S315080054BC00E000231800BD4680BDC0465001002000
S315080054CC80B500AF0749084B0C22180002F00CFCFB
S315080054DC031E02D003235B4200E000231800BD46DE
S315080054EC80BDC046380100205001002080B586B02A
S315080054FC00AF02003960FB1D1A70FB1D1B78032BCD
S3150800550C11D016DC012B02D0022B06D011E0162383
S3150800551CFB18204A92891A800EE01623FB181D4A9E
S3150800552CD2891A8008E01623FB181A4A128A1A809E
S3150800553C02E002235B4228E01623FB181B8818009E
S3150800554CFEF75EFE031C1449181CFEF7C1F8031C73
S3150800555C1249181CFEF78AFA031C3B611049386974
S3150800556CFEF784FA031C0F49181CFEF7B1F8031C46
S3150800557CFB600D49F868FEF779FA031C181CFDF751
S3150800558C81FE02003B681A6000231800BD4606B06F
S3150800559C80BDC0463801002000F07F4533335340A8
S315080055ACCDCC8C3FBC74133E00007A4480B586B0D3
S315080055BC00AF786016217B18164AD28A1A807B1897
S315080055CC1B881800FEF71CFE031C1349181CFEF753
S315080055DC7FF8031C1149181CFEF748FA031C3B619B
S315080055EC0F493869FEF742FA031C0E49181CFEF7D8
S315080055FC6FF8031CFB600C49F868FEF737FA031CB6
S3150800560C181CFDF73FFE02007B681A60C046BD46B3
S3150800561C06B080BD3801002000F07F453333534077
S3150800562CCDCC8C3FBC74133E00007A4480B584B054
S3150800563C00AF78600E217B18144A528A1A807B18A0
S3150800564C1B881800FEF7DCFD031C1149181CFEF715
S3150800565C3FF8031C0F49181CFEF708FA031CBB601D
S3150800566C0D49B868FEF702FA031C0C49181CFEF71C
S3150800567CFDF9031CBB60B868FDF704FE02007B68E5
S3150800568C1A60C046BD4604B080BDC046380100202D
S3150800569C00F07F45333353405D74214100002041AF
S315080056AC80B584B000AF78600E217B18144A928AB4
S315080056BC1A807B181B881800FEF7A2FD031C1149DB
S315080056CC181CFEF705F8031C0F49181CFEF7CEF933
S315080056DC031CBB600D49B868FEF7C8F9031C0C49D6
S315080056EC181CFEF7C3F9031CBB60B868FDF7CAFDA6
S315080056FC02007B681A60C046BD4604B080BDC04631
S3150800570C3801002000F07F45333353405D74214146
S3150800571C0000204190B593B000AF02003960FB1D24
S3150800572C1A70FB1D1B78052B02D902235B42C2E0BB
S3150800573CFB1D197846203B18614A49008A5A1A807B
S3150800574C3B181B88002B02D103235B42B3E05D4B4D
S3150800575C3B645D4BFB635D4BBB635D4B7B63796B5A
S3150800576CB86BFDF7A7FD031C3B63396BF86BFEF7AB
S3150800577C7DF9031C1C1C396BF86BFDF79BFD031C90
S3150800578C191C201CFDF7A4FF031CFB624623FB18FF
S3150800579C1B881800FEF784FD031C4E49181CFDF7E0
S315080057AC97FF031C4C49181CFEF760F9031CBB62D7
S315080057BC4A49B86AFDF73EFD031E02D003235B4235
S315080057CC79E0396BB86AFEF751F9031C796B181C2A
S315080057DCFDF77EFF031C7B62396C786AFDF748FD82
S315080057EC031E02D003235B4265E0796A386CFDF729
S315080057FC6FFF031CFE218905181CFEF789FA031C8A
S3150800580C191CF86AFEF732F9031C3B620021386A48
S3150800581CFDF71AFD031E02D003235B424BE02A4B0D
S3150800582CFB612F4BBB612F4B7B61B969FE20800551
S3150800583CFDF74EFF031C1C1CF969386AFDF748FF77
S3150800584C031C181C08F052F8031C7969181CFDF780
S3150800585C3FFF031C191C201CFDF72CFD031C3B6188
S3150800586C00213869FDF7F0FC031E02D003235B42C6
S3150800587C21E03969FE208005FDF72AFF031C1A4929
S3150800588C181CFEF745FA031CFB601849F868FDF767
S3150800589CD1FC031E05D11649F868FDF7DFFC031E7B
S315080058AC02D003235B4206E0F868FEF789FC020087
S315080058BC3B681A6000231800BD4613B090BDC0465D
S315080058CC38010020000040410050C34700C82F484B
S315080058DC0030724700F07F45333353400AD7233CD8
S315080058EC3313954300E0764533938843000020C272
S315080058FC0000484380B582B000AF00233B603B00F4
S3150800590C1800FFF793FEC8237B603B687A689A42B7
S3150800591C02D903235B4207E080235B00044801227B
S3150800592C190004F0CEFA00231800BD4602B080BD5B
S3150800593C000C005080B500AF80235B0003480022A2
S3150800594C190004F0BEFAC046BD4680BD000C0050D6
S3150800595C80B584B000AF786039607B68002B02D0C4
S3150800596C3B68012B01D8002320E00023BB600823E9
S3150800597CFB181800FFF75AFEBA6880235B029A4296
S3150800598C02D2BB689AB200E00A4A0E217B181A802A
S3150800599C7B181B88DAB27B681A707B181B881B0A63
S315080059AC9AB27B680133D2B21A7002231800BD462C
S315080059BC04B080BDFFFF000080B584B000AF7860EE
S315080059CC39607B68002B02D03B68002B01D1002381
S315080059DC10E00023FB600C23FB181800FFF760FE91
S315080059ECFB68FF2B02D8FB68DAB200E0FF227B6863
S315080059FC1A7001231800BD4604B080BD80B586B068
S31508005A0C00AFB9607A600F23FB18021C1A70BB68CA
S31508005A1C002B02D07B68002B01D1002328E0002341
S31508005A2C3B611023FA180F23FB181B78110018007A
S31508005A3CFFF75CFD031E01D0002319E03B693233E6
S31508005A4C64211800FDF758FB03007B617A699623DD
S31508005A5C5B009A4202D996235B007B617B69FF2B1C
S31508005A6C02D87B69DAB200E0FF22BB681A70012300
S31508005A7C1800BD4606B080BD80B584B000AF78600E
S31508005A8C39607B68002B02D03B68012B01D80023B8
S31508005A9C1FE00023BB600823FB181800FFF786FDE0
S31508005AACBB68323364211800FDF726FB03001A0085
S31508005ABC0E217B181A807B181B88DAB27B681A7041
S31508005ACC7B181B881B0A9AB27B680133D2B21A70F0
S31508005ADC02231800BD4604B080BD80B586B000AF61
S31508005AECB9607A600F23FB18021C1A70BB68002B6E
S31508005AFC02D07B68002B01D1002320E000233B61F8
S31508005B0C1023FA180F23FB181B7811001800FFF73F
S31508005B1C01FE031E01D0002311E03B6928337B618B
S31508005B2C7B69002B01DA00237B617B69FF2B01DD86
S31508005B3CFF237B617B69DAB2BB681A7001231800F4
S31508005B4CBD4606B080BD000080B584B000AF3B1DD5
S31508005B5C18000C231A00002107F08CFE704B714AB2
S31508005B6C1A606F4B8022D2055A606D4B00229A60E0
S31508005B7C6B4B0022DA606A4B802212061A61684B5C
S31508005B8C08225A61664B00221A76654B00225A7611
S31508005B9C634B01229A76624B0122DA61604B002232
S31508005BAC5A625F4B00229A625D4B2C220121995452
S31508005BBC5B4B00221A635A4B07225A63584B3C22FA
S31508005BCC00219954564B0022DA64554B180001F003
S31508005BDCA7FE031E01D000F0BBFF3B1D01221A6075
S31508005BEC3B1D01225A603A1D4D4B1100180002F05C
S31508005BFC21F9031E01D000F0ABFF3B1D4A4A1A607F
S31508005C0C3A1D474B1100180002F014F9031E01D077
S31508005C1C00F09EFF3B1D454A1A603A1D404B110089
S31508005C2C180002F007F9031E01D000F091FF3B1D86
S31508005C3C3F4A1A603A1D3A4B1100180002F0FAF85E
S31508005C4C031E01D000F084FF3B1D3A4A1A603A1D28
S31508005C5C334B1100180002F0EDF8031E01D000F0CA
S31508005C6C77FF3B1D344A1A603A1D2D4B110018005C
S31508005C7C02F0E0F8031E01D000F06AFF3B1D2F4A24
S31508005C8C1A603A1D264B1100180002F0D3F8031EB1
S31508005C9C01D000F05DFF3B1D294A1A603A1D204BC6
S31508005CAC1100180002F0C6F8031E01D000F050FFD0
S31508005CBC3B1D244A1A603A1D194B1100180002F0B4
S31508005CCCB9F8031E01D000F043FF3B1D1E4A1A60AB
S31508005CDC3A1D134B1100180002F0ACF8031E01D044
S31508005CEC00F036FF3B1D194A1A603A1D0C4B110081
S31508005CFC180002F09FF8031E01D000F029FF3B1D87
S31508005D0C134A1A603A1D064B1100180002F092F855
S31508005D1C031E01D000F01CFFC046BD4604B080BD72
S31508005D2C5001002000240140020000040400000871
S31508005D3C0800000C10000010400000188000001C21
S31508005D4C0001002000020024000400280008002C92
S31508005D5C0000014090B58BB000AF786014243B1955
S31508005D6C180014231A00002107F084FD7B681B68B1
S31508005D7C3B4A93426FD13B4B1A6C3A4B80214903F1
S31508005D8C0A431A64374B1A6C80235B0313403B6136
S31508005D9C3B69344B5A6B334B01210A435A63314BDB
S31508005DAC5B6B01221340FB60FB682E4B5A6B2D4B29
S31508005DBC02210A435A632B4B5B6B02221340BB60CE
S31508005DCCBB683B19DF221A603B1903225A603B1940
S31508005DDC00229A603A19A023DB051100180003F07B
S31508005DECE7FE3B19204A1A603B1903225A603B19F5
S31508005DFC00229A603B191D4A1900100003F0D8FEC0
S31508005E0C1B4B1C4A1A601A4B05225A60184B002267
S31508005E1C9A60174B0022DA60154B80221A61144BD4
S31508005E2C802252005A61124B8022D2009A61104B82
S31508005E3C2022DA610E4B00221A620D4B180002F072
S31508005E4C0DFE031E01D000F083FE7B68084A1A6516
S31508005E5C074B7A689A62C046BD460BB090BDC046E1
S31508005E6C00240140001002400714000000040050F2
S31508005E7CB40100200800024080B582B000AF084B80
S31508005E8C9A6B074B01210A439A63054B9B6B0122BC
S31508005E9C13407B607B68C046BD4602B080BDC046D9
S31508005EAC0010024080B584B000AF78600F23FB1851
S31508005EBC00221A707B68BB600E23FB1800221A702E
S31508005ECC10E00E203B181B78BA68D31819780F22E5
S31508005EDCBB18BA1812784A401A703B183A18127836
S31508005EEC01321A700E23FB181B78062BE9D90F23DF
S31508005EFCFB181B781800BD4604B080BD80B582B06F
S31508005F0C00AF78607B681B78A52B01D000230BE0CB
S31508005F1C7B681800FFF7C6FF03001A007B68DB795D
S31508005F2CD31A5A425341DBB21800BD4602B080BDA3
S31508005F3C80B582B000AF78607B68A5221A707B6842
S31508005F4C00225A707B6800229A707B680022DA70ED
S31508005F5C7B6800221A717B6800225A717B680022C2
S31508005F6C9A717B681800FFF79DFF03001A007B687F
S31508005F7CDA71C046BD4602B080BD80B584B000AFAC
S31508005F8C0200BB1D1A803B1D0A1C1A800E203B18EA
S31508005F9C3A1D128840218A1A1A803B18BA1D108895
S31508005FAC1B8899B282B2914200D9031C9BB2180085
S31508005FBCBD4604B080BD0000F0B58DB004AF04003A
S31508005FCC0800BA6019000E257B19221C1A800C23AE
S31508005FDCFB18021C1A80BB1D0A1C1A8006237B613F
S31508005FEC1E23FB187A1912881A801C23FB18002208
S31508005FFC1A805EE01E23FB181A887B699A401300E8
S3150800600C1AB20C217B1800201B5E13431AB21225F8
S3150800601C7B191A801026BC197B181A88BB1D1B887D
S3150800602C11001800FFF7A9FF030023801C23FB1897
S3150800603C1B88BA68D3187A1911882248FA22920052
S3150800604C0292BA1912880192009302230A00A0211F
S3150800605C04F016F8031E31D10023BB610AE0194877
S3150800606C64230122A02104F06DFA031E06D0BB6935
S3150800607C0133BB61BB69092BF1DD00E0C0461E216B
S3150800608C7B181A887B1801321A800C23FB180022FD
S3150800609C1A80BB1DB91D10203A18098812888A1A4D
S315080060AC1A801C22BB18B9183A18098812888A183B
S315080060BC1A80BB1D1B88002B9CD100E0C046BD4630
S315080060CC09B0F0BD80020020F0B58DB004AF040015
S315080060DC0800BA6019000E257B19221C1A800C239D
S315080060ECFB18021C1A80BB1D0A1C1A800623BB61EE
S315080060FC1E23FB187A1912881A801C23FB180022F7
S3150800610C1A8047E01E26BB191A88BB699A401300E9
S3150800611C1AB20C217B1800201B5E13431AB21623E5
S3150800612CFB181A8014257C197B181A88BB1D1B882A
S3150800613C11001800FFF721FF030023801C243B19CC
S3150800614C1B88BA68D3181622BA1811881648FA2268
S3150800615C920002927A1912880192009302230A007D
S3150800616CA02104F0BBF8BB191A88BB1901321A8096
S3150800617C0C217B1800221A80BB1DB91D7A190988B7
S3150800618C12888A1A1A803B1939197A1909881288B9
S3150800619C8A181A80BB1D1B88002BB3D1C046C04673
S315080061ACBD4609B0F0BDC0468002002080B582B05D
S315080061BC00AF3A00082300210020FFF785FF3B00BB
S315080061CC1800FFF79BFE031E27D03B009B78642B19
S315080061DC02D93B0000229A703B00DB78642B02D96B
S315080061EC3B000022DA703B001B79642B02D93B007A
S315080061FC00221A713B005B79642B02D93B00002202
S3150800620C5A713B009B79642B02D93B0000229A7188
S3150800621C064B3A0003CA03C303E0044B1800FFF706
S3150800622C87FEC046BD4602B080BDC046140200209B
S3150800623C80B582B000AF2E4B7B607B685B781A000A
S3150800624C0123134004D000210120FFF7C3F803E013
S3150800625C00210120FFF7EEF87B685B781A00022311
S3150800626C134004D000210220FFF7B4F803E0002104
S3150800627C0220FFF7DFF87B685B781A0004231340CB
S3150800628C04D000210320FFF7A5F803E00021032022
S3150800629CFFF7D0F87B685B781A000823134002D006
S315080062ACFFF728FB01E0FFF745FB7B689B78190095
S315080062BC0120FEF71FFF7B68DB7819000220FEF72A
S315080062CC19FF7B681B7919000320FEF713FF7B68FF
S315080062DC5B7919000420FEF70DFF7B689B79190082
S315080062EC0520FEF707FFC046BD4602B080BDC04676
S315080062FC1402002080B582B000AF3B00A5221A70AC
S3150800630C3B0000225A703B4B0221180003F0BCFDDF
S3150800631C0300012B06D13B005B7801221343DAB24A
S3150800632C3B005A70334B0421180003F0ADFD0300F3
S3150800633C012B06D13B005B7802221343DAB23B00F1
S3150800634C5A702C4B0821180003F09EFD0300012BF4
S3150800635C06D13B005B7804221343DAB23B005A7031
S3150800636C80235B00244A1900100003F08DFD0300FE
S3150800637C012B06D13B005B7808221343DAB23B00AB
S3150800638C5A700120FEF730FF03001A003B009A7082
S3150800639C0220FEF729FF03001A003B00DA700320DF
S315080063ACFEF722FF03001A003B001A710420FEF7C1
S315080063BC1BFF03001A003B005A710520FEF714FF59
S315080063CC03001A003B009A713B001800FFF76AFDA0
S315080063DC03001A003B00DA713A000823002100205A
S315080063ECFFF7EAFD054B3A0003CA03C3C046BD4690
S315080063FC02B080BD00080050000C005014020020AA
S3150800640C80B500AF014B1800BD4680BD14020020B4
S3150800641C80B582B000AF0200FB1D1A70FB1D1B78FD
S3150800642C082B05D8FB1D1A78044B9200D35800E0AC
S3150800643C08231800BD4602B080BDC0468CDC000897
S3150800644CB0B590B000AFF860B960FB1D1A70102398
S3150800645CFB18180008231A00002107F00BFA3F2333
S3150800646CFA18FB1D1B78D9B2082900D90823137012
S3150800647C18243B1924220021180007F0FBF9FB68A5
S3150800648CDB00DA083B191A603B198022D2055A60E0
S3150800649C3B1900229A603F257B191B781800FFF7D9
S315080064ACB7FF02003B19DA603B1900225A613B1907
S315080064BC00229A613B190022DA617B191B78002BA2
S315080064CC0AD0BB68002B07D07B191A78B968102339
S315080064DCFB18180007F000FA1023FA181823F918F5
S315080064EC054B180002F0AFFE03005A425341DBB2CB
S315080064FC1800BD4610B0B0BD1C02002080B500AF18
S3150800650C204B214A1A601F4B00225A601D4B002251
S3150800651C9A601C4B0022DA601A4B01221A74194B2A
S3150800652C00225A74174B00229A74164B06225A618B
S3150800653C144B02229A61134B0F22DA61114B042277
S3150800654C1A62104B06225A620E4B04229A620D4BA3
S3150800655C0F22DA620B4B04221A630A4B00225A6387
S3150800656C084B02229A63074B0022DA63054B180084
S3150800657C02F050FC031E01D000F0EAFAC046BD46F4
S3150800658C80BDC0461C0200200064004090B59DB03A
S3150800659C00AF78605C23FB18180014231A0000213E
S315080065AC07F068F910243B1918004C231A0000212F
S315080065BC07F060F97B681B68274A934247D13B1959
S315080065CC802292041A603B1900229A643B1918001F
S315080065DC05F072F9031E01D000F0BAFA1F4BDA6BFC
S315080065EC1E4B802149010A43DA631C4BDA6B802364
S315080065FC5B011340FB60FB68184B5A6B174B022167
S3150800660C0A435A63154B5B6B02221340BB60BB688B
S3150800661C5C217B18C02292001A607B1802225A60F1
S3150800662C7B1800229A607B180022DA607B180322FA
S3150800663C1A617B180A4A1900100003F0B9FA0022ED
S3150800664C0021152002F0D4F9152002F0E6F9C0460F
S3150800665CBD461DB090BDC046006400400010024007
S3150800666C0004005090B58BB000AF14243B191800E9
S3150800667C14231A00002107F0FDF8854B5A6B844B3E
S3150800668C04210A435A63824B5B6B042213403B6119
S3150800669C3B697F4B5A6B7E4B20210A435A637C4BD2
S315080066AC5B6B20221340FB60FB68794B5A6B784B6B
S315080066BC01210A435A63764B5B6B01221340BB607C
S315080066CCBB68734B5A6B724B02210A435A63704B65
S315080066DC5B6B022213407B607B686D4B5A6B6C4B71
S315080066EC08210A435A636A4B5B6B082213403B60CA
S315080066FC3B68684B00220E21180003F0E2FBA0232E
S3150800670CDB0500222021180003F0DBFB80231B028B
S3150800671C61480022190003F0D4FB80235B005F4814
S3150800672C0022190003F0CDFB3B19802292011A6056
S3150800673C3B1900225A603B1900229A603B19554AAC
S3150800674C1900100003F034FA3B190E221A603B1993
S3150800675C01225A603B1900229A603B190022DA6022
S3150800676C3B194C4A1900100003F022FA3B19202257
S3150800677C1A603B1901225A603B1900229A603B1990
S3150800678C0022DA603A19A023DB051100180003F081
S3150800679C0FFA3B19424A1A603B1900225A603B19F8
S315080067AC00229A603B193C4A1900100003F000FAC3
S315080067BC21007B18802212021A600C003B19012258
S315080067CC5A603B1900229A603B190022DA603B1981
S315080067DC314A1900100003F0EBF921007B188022CE
S315080067EC52001A600C003B1901225A603B19002210
S315080067FC9A603B190022DA603B19284A19001000E6
S3150800680C03F0D6F93B19274A1A603B1900225A603D
S3150800681C3B1901229A603B19204A1900100003F013
S3150800682CC7F93B19902212021A603B1900225A60CA
S3150800683C3B1901229A603A19A023DB0511001800AE
S3150800684C03F0B6F921007B18C02292001A600C00DE
S3150800685C3B1900225A603B1901229A603B190D4AD2
S3150800686C1900100003F0A4F921007B187E221A6087
S3150800687C7B1800225A607B1800229A607B18074AFC
S3150800688C1900100003F094F9C046BD460BB090BD34
S3150800689C001002400008005000040050000C005084
S315080068AC386000000102000080B500AF1B4B1C4A83
S315080068BC1A601A4B1B4A5A60184B00229A60174BDF
S315080068CC0122DA60154B00221A61144B00225A6118
S315080068DC124B00229A61114B0022DA610F4B0022EF
S315080068EC1A620E4B180003F025FB031E01D000F0AC
S315080068FC2FF90A4B0021180004F01CFA031E01D0CC
S3150800690C00F026F9054B0021180004F05FFA031E67
S3150800691C01D000F01DF9C046BD4680BD800200209E
S3150800692C00540040A877A01090B59DB000AF7860D1
S3150800693C5C23FB18180014231A00002106F09AFF92
S3150800694C10243B1918004C231A00002106F092FF5C
S3150800695C7B681B68224A93423DD13B1920221A6058
S3150800696C3B1900229A613B19180004F0A5FF031E77
S3150800697C01D000F0EDF81B4B5A6B1A4B02210A4357
S3150800698C5A63184B5B6B02221340FB60FB685C2155
S3150800699C7B18C0221A607B1812225A607B180022B8
S315080069AC9A607B180022DA607B1806221A617B181B
S315080069BC0D4A1900100003F0FBF80A4BDA6B094B69
S315080069CC802189030A43DA63064BDA6B80239B031F
S315080069DC1340BB60BB68C046BD461DB090BDC046E3
S315080069EC00540040001002400004005080B582B0EC
S315080069FC00AFFDF7F3FE00F08DFD00F04BF8FFF746
S31508006A0C31FEFFF739FAFFF79FF8FFF777FDFFF727
S31508006A1C4BFF00F0F7F800F0F7FA00F0DDF900F09C
S31508006A2C75FAFEF7FDFBFEF721FC184B180002F071
S31508006A3CE4FBFDF7DBFEFEF72DFDFEF741FDFFF748
S31508006A4CB5FBFFF7F5FBFEF7EDF9FEF741F9FDF798
S31508006A5C11FFFA235B001800FDF7FAFFFEF78AF917
S31508006A6C00F0D4FD03007B60094B1B687A68D21AC8
S31508006A7CFA239B009A42EAD3054B7A681A60A0233C
S31508006A8CDB052021180003F039FAE0E71C02002088
S31508006A9CD402002090B595B000AF14243B19180009
S31508006AAC3C231A00002106F0E5FE3B1D18001023B6
S31508006ABC1A00002106F0DEFE80239B00180004F065
S31508006ACCD1F93B1902221A603B1980225200DA606E
S31508006ADC21007B1800221A617B1840225A617B1808
S31508006AEC02221A627B1802225A627B1800229A62C8
S31508006AFC7B180F22DA627B18802292021A637B18A3
S31508006B0C802292045A637B18C022D2059A637B189A
S31508006B1C180004F0E7F9031E01D000F019F83B1D24
S31508006B2C07221A603B1D02225A603B1D00229A60FE
S31508006B3C3B1D0022DA603B1D0221180004F032FDD1
S31508006B4C031E01D000F004F8C046BD4615B090BD32
S31508006B5C80B500AF72B6C046C046FDE780B582B0B8
S31508006B6C00AF114B1A6C104B01210A431A640E4BD9
S31508006B7C1B6C012213407B607B680B4BDA6B0A4B50
S31508006B8C802149050A43DA63074BDA6B80235B05D8
S31508006B9C13403B603B68C023DB00180000F040FD47
S31508006BACC046BD4602B080BD0010024080B500AF9D
S31508006BBCC046FDE780B500AFC046FDE780B500AF1F
S31508006BCCC046BD4680BD80B500AFC046BD4680BD3B
S31508006BDC80B500AF00F008FDC046BD4680BD00007C
S31508006BEC80B500AF034B180002F05EFDC046BD46EB
S31508006BFC80BDC0461C02002080B500AFC046BD460D
S31508006C0C80BD000080B59CB000AF6023FB1818004F
S31508006C1C10231A00002106F02DFE5423FB18180029
S31508006C2C0C231A00002106F025FE3823FB18180041
S31508006C3C1C231A00002106F01DFE3B1D18003423E8
S31508006C4C1A00002106F016FE614B624A1A60604B68
S31508006C5C17225A605E4B00229A605D4B6322DA60FB
S31508006C6C5B4B00221A615A4B00225A61584B802200
S31508006C7C9A61574B180005F05BF8031E01D0FFF715
S31508006C8C67FF60217B18802252011A607A18504BD4
S31508006C9C1100180005F0C4FD031E01D0FFF758FFBC
S31508006CAC4B4B180005F09CF8031E01D0FFF750FF5C
S31508006CBC54217B1800221A607B1800225A607B1814
S31508006CCC00229A607A18424B1100180006F0C0FC94
S31508006CDC031E01D0FFF73CFF38217B1860221A608F
S31508006CEC7B1800225A607B1800229A607B180022B7
S31508006CFCDA607B1800221A617B1800225A617B180D
S31508006D0C00229A617918324B0022180005F088FC8B
S31508006D1C031E01D0FFF71CFF3823F9182C4B04224D
S31508006D2C180005F07DFC031E01D0FFF711FF382370
S31508006D3CF918274B0822180005F072FC031E01D01F
S31508006D4CFFF706FF3823F918214B0C22180005F01B
S31508006D5C67FC031E01D0FFF7FBFE3B1D00221A60E1
S31508006D6C3B1D00225A603B1D00229A603B1D0022E7
S31508006D7CDA603B1D00221A613B1D802292015A6182
S31508006D8C3B1D00229A613B1D0022DA613B1D002245
S31508006D9C1A623B1D802292045A623B1D00229A629B
S31508006DAC3B1D0022DA623B1D00221A633A1D084B72
S31508006DBC1100180006F0C2FC031E01D0FFF7C8FE2E
S31508006DCC034B180000F012FBC046BD461CB080BD34
S31508006DDCD8020020002C014080B58CB000AF2023CF
S31508006DECFB18180010231A00002106F043FD142383
S31508006DFCFB1818000C231A00002106F03BFD3B1D5E
S31508006E0C180010231A00002106F034FD3D4B802291
S31508006E1CD2051A603B4B3C4A5A603A4B00229A60A0
S31508006E2C384B01225242DA60364B00221A61354B36
S31508006E3C00229A61334B180004F07AFF031E01D026
S31508006E4CFFF786FE20217B18802252011A607A18D9
S31508006E5C2C4B1100180005F0E3FC031E01D0FFF7BC
S31508006E6C77FE284B180005F00BF9031E01D0FFF727
S31508006E7C6FFE14217B1800221A607B1800229A6078
S31508006E8C7A18204B1100180006F0E2FB031E01D0FD
S31508006E9CFFF75EFE3B1D00221A603B1D01225A605D
S31508006EAC3B1D0C229A603B1D0022DA60391D154BDE
S31508006EBC0022180005F010FB031E01D0FFF748FE50
S31508006ECC391D104B0422180005F006FB031E01D0D1
S31508006EDCFFF73EFE391D0B4B0822180005F0FCFA8D
S31508006EEC031E01D0FFF734FE391D064B0C22180081
S31508006EFC05F0F2FA031E01D0FFF72AFEC046BD467E
S31508006F0C0CB080BD240300205702000080B58CB05D
S31508006F1C00AF2023FB18180010231A00002106F0D6
S31508006F2CA9FC1423FB1818000C231A00002106F0E0
S31508006F3CA1FC3B1D180010231A00002106F09AFC30
S31508006F4C2D4B2E4A1A602C4B2D4A5A602A4B00227E
S31508006F5C9A60294B2B4ADA60274B00221A61264B7A
S31508006F6C00229A61244B180004F0E2FE031E01D09D
S31508006F7CFFF7EEFD20217B18802252011A607A1841
S31508006F8C1D4B1100180005F04BFC031E01D0FFF732
S31508006F9CDFFD194B180005F073F8031E01D0FFF737
S31508006FACD7FD14217B1800221A607B1800229A60E0
S31508006FBC7A18114B1100180006F04AFB031E01D073
S31508006FCCFFF7C6FD3B1D00221A603B1D01225A60C5
S31508006FDC3B1D0C229A603B1D0022DA60391D064BBC
S31508006FEC0422180005F078FA031E01D0FFF7B0FD4D
S31508006FFCC046BD460CB080BD70030020000400409E
S3150800700C57020000FFFF000080B588B000AF3B1D9B
S3150800701C18001C231A00002106F02CFC1F4B204AD2
S3150800702C1A601E4B17225A601C4B00229A601B4B87
S3150800703C6322DA60194B00221A61184B00229A61F6
S3150800704C164B180004F074FE031E01D0FFF780FDE2
S3150800705C124B180004F0C4FE031E01D0FFF778FD8E
S3150800706C3B1D60221A603B1D00225A603B1D002204
S3150800707C9A603B1D00221A61391D084B0022180024
S3150800708C05F0CEFA031E01D0FFF762FD034B18007C
S3150800709C00F0ACF9C046BD4608B080BDBC03002064
S315080070AC0020004090B5A3B000AF78607423FB189D
S315080070BC180014231A00002106F0DCFB28243B19BF
S315080070CC18004C231A00002106F0D4FB7B681B68B9
S315080070DCB84A93421DD13B19802292031A603B1978
S315080070EC00229A633B19180004F0E6FB031E01D034
S315080070FCFFF72EFDB04B1A6CAF4B802109010A43E2
S3150800710C1A64AD4B1A6C80231B0113407B627B6A95
S3150800711C4BE17B681A688023DB059A4200D0FDE0B8
S3150800712CA54BDA6BA44B01210A43DA63A24BDB6B42
S3150800713C012213403B623B6A9F4B5A6B9E4B0421C0
S3150800714C0A435A639C4B5B6B04221340FB61FB6935
S3150800715C994B5A6B984B02210A435A63964B5B6BB5
S3150800716C02221340BB61BB6974243B1970221A6056
S3150800717C3B1902225A603B1900229A603B190022DD
S3150800718CDA603B1902221A613B198C4A1900100065
S3150800719C02F00EFD21007B18802212011A607B1862
S315080071AC02225A607B1800229A607B180022DA6049
S315080071BC7B1802221A617B18814A1900100002F00A
S315080071CCF7FC804B804A1A607E4B1A225A607D4B1C
S315080071DC00229A607B4B0022DA607A4B80221A6175
S315080071EC784B802252005A61764B8022D2009A61E3
S315080071FC744B2022DA61734B00221A62714B180009
S3150800720C01F02CFC031E01D0FFF7A2FC7B686D4A2B
S3150800721C5A626C4B7A689A626C4B6D4A1A606B4B65
S3150800722C1B225A60694B00229A60684B0022DA606E
S3150800723C664B80221A61654B802252005A61634B59
S3150800724C8022D2009A61614B2022DA615F4B0022C0
S3150800725C1A625E4B180001F001FC031E01D0FFF701
S3150800726C77FC7B68594A9A62584B7A689A62594BEA
S3150800727C594A1A60574B1C225A60564B00229A6080
S3150800728C544B0022DA60534B80221A61514B8022F0
S3150800729C52005A614F4B8022D2009A614D4B2022E4
S315080072ACDA614C4B00221A624A4B180001F0D6FBE5
S315080072BC031E01D0FFF74CFC7B68464ADA62454B45
S315080072CC7A689A62454B464A1A60444B1D225A60A4
S315080072DC424B00229A60414B0022DA603F4B8022D7
S315080072EC1A613E4B802252005A613C4B8022D200D6
S315080072FC9A613A4B2022DA61384B00221A62374BD4
S3150800730C180001F0ABFB031E01D0FFF721FC7B68CC
S3150800731C324A1A63314B7A689A6246E07B681B6874
S3150800732C304A93422ED1244BDA6B234B02210A4363
S3150800733CDA63214BDB6B022213407B617B691E4BA4
S3150800734C5A6B1D4B04210A435A631B4B5B6B042275
S3150800735C13403B613B6974217B1880221A607B18A9
S3150800736C02225A607B1800229A607B180022DA6087
S3150800737C7B1801221A617B18104A1900100002F0BA
S3150800738C17FC12E07B681B68174A93420DD10A4B0F
S3150800739C1A6C094B802109020A431A64064B1A6CAB
S315080073AC80231B021340FB60FB68C046BD4623B016
S315080073BC90BDC046002C0140001002400008005049
S315080073CC00040050080400201C0002406804002039
S315080073DC30000240C8040020440002402805002062
S315080073EC58000240000400400020004090B58BB0C5
S315080073FC00AF786014243B19180014231A000021D6
S3150800740C06F038FA7B681B68294A934224D1294B23
S3150800741C5A6B284B01210A435A63264B5B6B012294
S3150800742C13403B613B693B19F02212011A6021009B
S3150800743C7B1802225A607B1800229A607B1800225D
S3150800744CDA607B1802221A617A18A023DB05110070
S3150800745C180002F0ADFB27E07B681B68164A9342BE
S3150800746C22D1144B5A6B134B04210A435A63114B02
S3150800747C5B6B04221340FB60FB6814217B1880228B
S3150800748C52011A607B1802225A607B1800229A60F5
S3150800749C7B180022DA607B1802221A617B18074ACD
S315080074AC1900100002F084FBC046BD460BB090BD17
S315080074BC002C01400010024000200040000800503B
S315080074CC0D488546FFF798FB0C480D490D4A0023D5
S315080074DC02E0D458C4500433C4188C42F9D30A4A6F
S315080074EC0A4C002301E013600432A242FBD306F0D7
S315080074FCCFF9FFF77BFAFEE70040022000000020D8
S3150800750CAC00002060DD0008AC000020C40600209A
S3150800751CFEE7000080B582B000AFFB1D00221A7092
S3150800752C0B4B1A680A4B802149000A431A60032040
S3150800753C00F010F8031E03D0FB1D01221A7001E09F
S3150800754CFFF70CFBFB1D1B781800BD4602B080BD6F
S3150800755C0020024090B585B000AF78600F23FB1869
S3150800756C00221A701D4B1B78002B2BD01C4B1C6849
S3150800757C1A4B1B781900FA239800FBF7BDFD03007C
S3150800758C19002000FBF7B8FD0300180001F059FAA2
S3150800759C031E12D17B68032B0AD8796801235B4238
S315080075AC0022180001F024FA0E4B7A681A600DE0D6
S315080075BC0F23FB1801221A7008E00F23FB1801226F
S315080075CC1A7003E00F23FB1801221A700F23FB18FD
S315080075DC1B781800BD4605B090BDC0465800002063
S315080075EC500000205400002080B500AF054B1B78D6
S315080075FC1A00054B1B68D218034B1A60C046BD46C9
S3150800760C80BDC046580000208805002080B500AF14
S3150800761C024B1B681800BD4680BDC0468805002075
S3150800762C80B582B000AF7860064B1B68064A1340DB
S3150800763C1900044B7A680A431A60C046BD4602B064
S3150800764C80BDC04600000140FFF9FFFF80B582B03F
S3150800765C00AF786039607B681B68054A1A403B683E
S3150800766C1A437B681A60C046BD4602B080BDC04648
S3150800767CFFFF3FFE80B582B000AF78607B681A6862
S3150800768CE0235B0413401800BD4602B080BD80B5EC
S3150800769C84B000AFF860B9607A60FB685B69BA6859
S315080076AC04210A40072191400A00D2431A40BB68BC
S315080076BC04210B40796899400B001A43FB685A6100
S315080076CCC046BD4604B080BD80B582B000AF7860B8
S315080076DC39607B685B693A6804210A400721914046
S315080076EC0A001A403B6804210B40DA4013001800C4
S315080076FCBD4602B080BD80B582B000AF78607B68AD
S3150800770CDA68C0231B01134001D1012300E00023D2
S3150800771C1800BD4602B080BD80B584B000AFF860D5
S3150800772CB9607A60FB689B6ABA681F210A400F2108
S3150800773C91400A00D2431A407B689B0E0F211940D0
S3150800774CBB681F20034099400B001A43FB689A62DA
S3150800775CC046BD4604B080BD80B582B000AF786027
S3150800776C39607B689A6A3B685B035B0B1A437B68D8
S3150800777C9A62C046BD4602B080BD80B582B000AFE5
S3150800778C786039607B689B6A3A685203520BD2431D
S3150800779C1A407B689A62C046BD4602B080BD00009E
S315080077AC80B584B000AFF860B9607A60FB685B6935
S315080077BCBA681202D2431A40BB681B0279680B409E
S315080077CC04490B401A43FB685A61C046BD4604B0CF
S315080077DC80BDC04600FFFF0780B582B000AF786059
S315080077EC7B689B68054A1340802252051A437B68BE
S315080077FC9A60C046BD4602B080BDC046E8FFFF6F22
S3150800780C80B582B000AF78607B689A6880235B0588
S3150800781C1A4080235B059A4201D1012300E000231C
S3150800782C1800BD4602B080BD80B582B000AF786046
S3150800783C7B689B68044A134001221A437B689A604A
S3150800784CC046BD4602B080BDE8FFFF7F80B582B05A
S3150800785C00AF78607B689B68044A134002221A437F
S3150800786C7B689A60C046BD4602B080BDE8FFFF7FC4
S3150800787C80B582B000AF78607B689B6801221340A4
S3150800788C012B01D1012300E000231800BD4602B0EC
S3150800789C80BD80B582B000AF78607B689B68022299
S315080078AC1340022B01D1012300E000231800BD462A
S315080078BC02B080BD80B582B000AF78607B689B68EB
S315080078CC044A134004221A437B689A60C046BD4694
S315080078DC02B080BDE8FFFF7F80B582B000AF78604C
S315080078EC7B689B68044A134010221A437B689A608B
S315080078FCC046BD4602B080BDE8FFFF7F80B582B0AA
S3150800790C00AF78607B689B6804221340042B01D176
S3150800791C012300E000231800BD4602B080BD00001C
S3150800792C80B588B000AF78601F23FB1800221A7048
S3150800793C0023BB6100237B610023FB607B68002B63
S3150800794C01D101237FE17B689B6D002B0AD17B68F3
S3150800795C1800FEF7FFF97B680022DA657B6854226B
S3150800796C002199547B681B681800FFF749FF031E12
S3150800797C15D17B681B681800FFF72EFFB44B1B68E4
S3150800798CB4491800FBF7B8FB030001335B00FB6036
S3150800799C02E0FB68013BFB60FB68002BF9D17B68B6
S315080079AC1B681800FFF72CFF031E0FD17B689B6D15
S315080079BC10221A437B689A657B68DB6D01221A4391
S315080079CC7B68DA651F23FB1801221A707B681B6813
S315080079DC1800FFF793FF03003B617B689B6D102231
S315080079EC134000D022E13B69002B00D01EE17B68D6
S315080079FC9B6D994A134002221A437B689A657B68E9
S31508007A0C1B681800FFF734FF031E00D0ADE07B6837
S31508007A1C9A687B681B7E9B031A437B685B7EDB0339
S31508007A2C1A437B689B7E5B031A437B681B6B002B94
S31508007A3C02D080235B0100E000231A437B68DB68D5
S31508007A4C1A437B681B69002B04DA7B681B695B008D
S31508007A5C5B0801E080239B031A437B682C215B5C43
S31508007A6C5B001343BA691343BB617B6820229B5C9A
S31508007A7C012B15D17B689B7E002B05D1BB69802217
S31508007A8C52021343BB610BE07B689B6D20221A43A1
S31508007A9C7B689A657B68DB6D01221A437B68DA651D
S31508007AAC7B685B6A002B0AD07B685A6AE0235B000A
S31508007ABC1A407B689B6A1343BA691343BB617B689C
S31508007ACC1B68DB68654A134019007B681B68BA6932
S31508007ADC0A43DA607B685B689B0F9A077B68DB6CEA
S31508007AEC13437A6913437B617B683C229B5C012BAD
S31508007AFC11D17B685B689B0F9A077B681B6C1A43D2
S31508007B0C7B685B6C1A437B689B6C1A437B691343D3
S31508007B1C012213437B617B681B681B69504A13401F
S31508007B2C19007B681B687A690A431A617B685A686C
S31508007B3CC0231B069A4218D07B685A688023DB053B
S31508007B4C9A4212D07B685A6880231B069A420CD03C
S31508007B5C444B1B68444A134019007B685A68F02347
S31508007B6C9B031A403F4B0A431A607B6818687B686C
S31508007B7C5B6B1A000021FFF78AFD7B6818687B6827
S31508007B8C9B6B3A491A00FFF782FD7B681B69002B31
S31508007B9C09D17B681B689A6A7B681B681021494265
S31508007BAC0A439A6218E07B681A6980239B039A42F7
S31508007BBC12D17B681B689B6A7B68DB69013B9B005F
S31508007BCC1C221340102252429A4011007B681A6EEE
S31508007BDC7B681B680A439A627B681B68002118003D
S31508007BECFFF772FD02007B685B6B9A420BD17B68D0
S31508007BFC0022DA657B689B6D0322934301221A43A4
S31508007C0C7B689A651CE07B689B6D12229343102255
S31508007C1C1A437B689A657B68DB6D01221A437B687D
S31508007C2CDA651F23FB1801221A7009E07B689B6D25
S31508007C3C10221A437B689A651F23FB1801221A70B7
S31508007C4C1F23FB181B781800BD4608B080BDC0461C
S31508007C5C50000020400D0300FDFEFFFF0102DEFF71
S31508007C6C02FCFF1F08270140FFFFC3FF04FFFF07A5
S31508007C7CB0B584B000AF78607B6854229B5C012B4E
S31508007C8C01D1022329E07B685422012199540F253E
S31508007C9C7C197B68180000F0A5FA030023707B1981
S31508007CAC1B78002B12D17C197B68180000F062FB3C
S31508007CBC030023707B191B78002B07D17B689B6DFF
S31508007CCC084A134001221A437B689A657B6854223A
S31508007CDC002199540F23FB181B781800BD4604B0D5
S31508007CECB0BDC046FEFEFFFFB0B586B000AFF8606B
S31508007CFCB9607A60FB681B681800FFF7FFFD031E66
S31508007D0C6CD1FB6854229B5C012B01D102236CE0DD
S31508007D1CFB68542201219954FB681B68DB68012215
S31508007D2C134013D1FB681B681800FFF7A1FD031E4F
S31508007D3C04D0FB681B681800FFF788FDFB681B68F6
S31508007D4CDA68FB681B6801210A43DA6017257C1977
S31508007D5CFB68180000F088FA030023702C003B1906
S31508007D6C1B78002B3ED1FB689B6D224A1340802260
S31508007D7C52001A43FB689A65FB680022DA65FB68B1
S31508007D8C1B6D1D4ADA62FB681B6D1C4A1A63FB687D
S31508007D9C1B6D1B4A5A63FB681B681C221A60FB681E
S31508007DAC542200219954FB681B685A68FB681B68A7
S31508007DBC10210A435A60FB68186DFB681B68403330
S31508007DCC1900BA683C197B6800F0F4FE03002370AE
S31508007DDCFB681B681800FFF76DFD03E01723FB18FB
S31508007DEC02221A701723FB181B781800BD4606B01A
S31508007DFCB0BDC046FEF0FFFF3D84000805850008AF
S31508007E0C2385000880B582B000AF7860C046BD46B1
S31508007E1C02B080BD80B582B000AF7860C046BD4662
S31508007E2C02B080BD80B582B000AF7860C046BD4652
S31508007E3C02B080BD80B586B000AF78603960172374
S31508007E4CFB1800221A700023FB607B6854229B5C8B
S31508007E5C012B01D10223C0E17B68542201219954DC
S31508007E6C7B681B681800FFF749FD031E00D0A3E1C9
S31508007E7C3B685B68022B00D143E17B681A69802357
S31508007E8C1B069A4204D07B681B69C14A934208D1E7
S31508007E9C7B681A683B681B6819001000FFF75CFCC6
S31508007EACC9E07B681A6E3B685B681F210B400F2183
S31508007EBC99400B00DB43134019003B681B685B03B6
S31508007ECC5B0B05D13B681B689B0E1F22134098E081
S31508007EDC3B681B680122134000D091E03B681B6885
S31508007EEC0222134000D089E03B681B680422134029
S31508007EFC00D081E03B681B680822134000D079E06B
S31508007F0C3B681B681022134000D071E03B681B6865
S31508007F1C2022134000D069E03B681B6840221340BE
S31508007F2C00D061E03B681B688022134000D059E002
S31508007F3C3B681A6880235B00134051D13B681A686A
S31508007F4C80239B00134049D13B681A688023DB00C9
S31508007F5C134041D13B681A6880231B01134039D161
S31508007F6C3B681A6880235B01134031D13B681A6859
S31508007F7C80239B01134029D13B681A688023DB01B7
S31508007F8C134021D13B681A6880231B02134019D170
S31508007F9C3B681A6880235B02134011D13B681A6848
S31508007FAC80239B02134009D13B681A688023DB02A5
S31508007FBC134001D0122324E0002322E0112320E0F1
S31508007FCC10231EE00F231CE00E231AE00D2318E0E5
S31508007FDC0C2316E00B2314E00A2312E0092310E005
S31508007FEC08230EE007230CE006230AE0052308E025
S31508007FFC042306E0032304E0022302E0012300E045
S3150800800C00233A6852681F20024093400A001A431C
S3150800801C7B681A663B685B689B085A1C7B68DB693D
S3150800802C9A4208D87B6818683B6859683B681B688D
S3150800803C1A00FFF771FB7B6818683B6819683B6880
S3150800804C9B681A00FFF7ACFB3B681B68002B00DB30
S3150800805CBCE0504B1800FFF70DFB03003B613B6877
S3150800806C1B684D4A934222D13A6980231B0413405C
S3150800807C1DD13B69802212041343464A190010008D
S3150800808CFFF7E4FA454B1B6845491800FBF734F82B
S3150800809C03005A1C13005B009B189B00FB6002E054
S315080080ACFB68013BFB60FB68002BF9D18EE03B6853
S315080080BC1B683C4A93420ED13A6980235B041340F1
S315080080CC09D13B69802252041343324A1900100025
S315080080DCFFF7BCFA7AE03B681B68334A934200D038
S315080080EC74E03A698023DB03134000D06EE03B69E9
S315080080FC8022D2031343274A19001000FFF7A6FA69
S3150800810C64E07B681A6980231B069A4204D07B6854
S3150800811C1B691F4A934207D17B681A683B681B6820
S3150800812C19001000FFF729FB3B681B68002B4DDA7A
S3150800813C184B1800FFF79EFA03003B613B681B6857
S3150800814C154A934208D13B69184A1340114A19003B
S3150800815C1000FFF77BFA39E03B681B68114A93421B
S3150800816C08D13B69124A13400A4A19001000FFF756
S3150800817C6DFA2BE03B681B680B4A934226D13B6988
S3150800818C0C4A1340034A19001000FFF75FFA1DE06A
S3150800819C0400008008270140001000B050000020A1
S315080081AC400D0300004000B8002000B4FFFF7FFF1D
S315080081BCFFFFFFFEFFFFBFFF7B689B6D20221A4364
S315080081CC7B689A651723FB1801221A707B68542260
S315080081DC002199541723FB181B781800BD4606B0C6
S315080081EC80BDC04680B584B000AF78607B681B68DC
S315080081FC1800FFF783FB031E31D07B681B68180039
S3150800820CFFF747FB031E04D17B681B681800FFF7B2
S3150800821C63FBFFF7FBF90300FB601AE0FFF7F6F9BF
S3150800822C0200FB68D31A022B13D97B681B689B6860
S3150800823C042213400DD07B689B6D10221A437B6871
S3150800824C9A657B68DB6D01221A437B68DA65012324
S3150800825C06E07B681B689B6804221340DED100236A
S3150800826C1800BD4604B080BD80B584B000AF7860F8
S3150800827C0023BB607B681B681800FFF7F9FA031E1E
S3150800828C00D069E07B681B689B68364A13400DD0A2
S3150800829C7B689B6D10221A437B689A657B68DB6D3D
S315080082AC01221A437B68DA65012356E07B681B6852
S315080082BC1800FFF7B9FA2C4B1800FFF7DBF9020088
S315080082CC80231B0413400FD0284B1B682849180021
S315080082DCFAF712FF03000133BB6002E0BB68013BEF
S315080082ECBB60BB68002BF9D17B685B7E012B33D056
S315080082FCFFF78CF90300FB6027E07B681B68180006
S3150800830CFFF7B6FA031E04D17B681B681800FFF743
S3150800831C8BFAFFF77BF90200FB68D31A022B14D9E8
S3150800832C7B681B681B6801221340012B0DD07B68E8
S3150800833C9B6D10221A437B689A657B68DB6D01225C
S3150800834C1A437B68DA65012307E07B681B681B68A0
S3150800835C01221340012BD0D100231800BD4604B0CE
S3150800836C80BDC04617000080082701405000002039
S3150800837C400D030080B584B000AF78607B681B683D
S3150800838C1800FFF786FA0300FB607B681B68180069
S3150800839CFFF76EFA031E46D0FB68002B43D17B68A9
S315080083AC1B689B6805221340012B0DD17B681B6843
S315080083BC1800FFF74BFA7B681B6803221A60FFF755
S315080083CC25F90300BB6028E07B689B6D10221A43D5
S315080083DC7B689A657B68DB6D01221A437B68DA65D4
S315080083EC012321E0FFF712F90200BB68D31A022B0E
S315080083FC13D97B681B689B68012213400DD07B68D8
S3150800840C9B6D10221A437B689A657B68DB6D01228B
S3150800841C1A437B68DA65012306E07B681B689B6850
S3150800842C01221340DED100231800BD4604B080BDDE
S3150800843C80B584B000AF78607B689B6AFB60FB688C
S3150800844C9B6D5022134041D1FB689B6D8022920094
S3150800845C1A43FB689A65FB681B681800FFF74BF90B
S3150800846C031E2ED0FB689B7E002B2AD1FB681B684B
S3150800847C1B6808221340082B23D1FB681B681800BD
S3150800848CFFF73CFA031E10D1FB681B685A68FB6899
S3150800849C1B680C218A435A60FB689B6D154A13406E
S315080084AC01221A43FB689A650BE0FB689B6D202238
S315080084BC1A43FB689A65FB68DB6D01221A43FB6855
S315080084CCDA65FB681800FFF79DFC0FE0FB689B6DEF
S315080084DC1022134004D0FB681800FFF7A3FC05E034
S315080084ECFB681B6D5B6B7A6810009847C046BD46E7
S315080084FC04B080BDFEFEFFFF80B584B000AF786087
S3150800850C7B689B6AFB60FB681800FFF783FCC04618
S3150800851CBD4604B080BD80B584B000AF78607B687A
S3150800852C9B6AFB60FB689B6D40221A43FB689A6545
S3150800853CFB68DB6D04221A43FB68DA65FB681800D6
S3150800854CFFF770FCC046BD4604B080BD80B582B04E
S3150800855C00AF78607B681A68F0239B0313401800F9
S3150800856CBD4602B080BD80B582B000AF78607B682E
S3150800857C1B699B0F9B071800BD4602B080BD80B5D2
S3150800858C82B000AF786039607B68B4229B587F2232
S3150800859C93431A003B681A437B68B4215A50C04669
S315080085ACBD4602B080BD80B582B000AF78607B68EE
S315080085BCB4229B587F2213401800BD4602B080BDDA
S315080085CC80B582B000AF78607B689B68044A13401C
S315080085DC01221A437B689A60C046BD4602B080BD2C
S315080085ECE8FFFF7F80B582B000AF78607B689B6838
S315080085FC044A134002221A437B689A60C046BD4659
S3150800860C02B080BDE8FFFF7F80B582B000AF78600E
S3150800861C7B689B6801221340012B01D1012300E0E2
S3150800862C00231800BD4602B080BD000080B582B09C
S3150800863C00AF78607B689B68054A13408022120657
S3150800864C1A437B689A60C046BD4602B080BDC046D8
S3150800865CE8FFFF7F80B582B000AF78607B689B68C7
S3150800866CDB0FDA0780231B069A4201D1012300E0AF
S3150800867C00231800BD4602B080BD000090B58BB033
S3150800868C00AF78600023FB6000233B627B685422B2
S3150800869C9B5C012B01D10223DDE07B68542201216E
S315080086AC99541F23FC187B681800FFF763FE030018
S315080086BC23707B681B681800FFF7A6FF031E00D003
S315080086CCBCE07B689B6D664A134002221A437B68A2
S315080086DC9A657B681B68DB68624A1340BB617B68DA
S315080086EC1B68DA687B681B685F490A40DA600023F6
S315080086FC7B622DE07B681B681800FFF797FF14E078
S3150800870CFB680133FB60FB68584A93420DD97B68BA
S3150800871C9B6D1222934310221A437B689A657B68D9
S3150800872C542200219954012395E07B681B68180094
S3150800873CFFF790FF031EE3D17B681B681800FFF751
S3150800874C32FF02003B6A9B183B627B6A01337B62F1
S3150800875C7B6A072BCED9796A386AFAF7CDFC0300FF
S3150800876C3B627B681B681800FFF72AFF7B681B684F
S3150800877C1800FFF7F8FE031E1BD13D4B1800FFF738
S3150800878CE5FE03007B617A69E0235B039A4210D30A
S3150800879C7B699B0C033B01229A401300BB60BB68A8
S315080087AC5B08BB6002E0BB68013BBB60BB68002B87
S315080087BCF9D17B681B683A6A11001800FFF7DFFECF
S315080087CC7B681B681800FFF70DFFFEF71FFF0300F9
S315080087DC3B611BE0FEF71AFF02003B69D31A022B1A
S315080087EC14D97B681B681800FFF70EFF031E0DD003
S315080087FC7B689B6D10221A437B689A657B68DB6DD8
S3150800880C01221A437B68DA65012324E07B681B681E
S3150800881C1800FFF7F9FE031EDCD17B681B68D968C4
S3150800882C7B681B68BA690A43DA607B689B6D03220E
S3150800883C934301221A437B689A6505E07B689B6D16
S3150800884C10221A437B689A657B6854220021995436
S3150800885C1F23FB181B781800BD460BB090BDC046ED
S3150800886CFDFEFFFF03800000FC7FFFFFFFF1020007
S3150800887C0827014080B582B000AF0200FB1D1A70B4
S3150800888CFB1D1B787F2B09D8FB1D1B781A001F2391
S3150800889C1A40044B012191400A001A60C046BD4695
S315080088AC02B080BD00E100E090B583B000AF0200D5
S315080088BC3960FB1D1A70FB1D1B787F2B28D82F4A95
S315080088CCFB1D1B785BB29B08C0339B009B58FA1D9B
S315080088DC1278110003220A40D200FF2191400A00A7
S315080088ECD2431A4011003B689B01FF221A40FB1D1C
S315080088FC1B78180003230340DB009A401F48FB1D16
S3150800890C1B785BB29B080A43C0339B001A5031E0B4
S3150800891C1B4AFB1D1B7819000F230B40083B9B08B1
S3150800892C06339B00D31804331B68FA1D1278110002
S3150800893C03220A40D200FF2191400A00D2431A4072
S3150800894C11003B689B01FF221A40FB1D1B7818007F
S3150800895C03230340DB009A400948FB1D1B781C00C7
S3150800896C0F232340083B9B080A4306339B00C31876
S3150800897C04331A60C046BD4603B090BD00E100E062
S3150800898C00ED00E080B500AFBFF34F8FC046044B37
S3150800899C044ADA60BFF34F8FC046C046FDE7C046AF
S315080089AC00ED00E00400FA0580B582B000AF7860EF
S315080089BC7B685A1E80235B049A4201D3012310E07C
S315080089CC0A4B7A68013A5A6001235B420321180064
S315080089DCFFF76AFF054B00229A60044B07221A60C0
S315080089EC00231800BD4602B080BDC04610E000E06A
S315080089FC80B584B000AFB9607A600F217B18021C71
S31508008A0C1A70BA687B181B785BB211001800FFF74E
S31508008A1C4BFFC046BD4604B080BD80B582B000AFE2
S31508008A2C0200FB1D1A70FB1D1B785BB21800FFF7C2
S31508008A3C21FFC046BD4602B080BD80B500AFFFF72A
S31508008A4CA1FF80B582B000AF78607B681800FFF78D
S31508008A5CABFF03001800BD4602B080BD80B582B0DE
S31508008A6C00AF78607B68002B01D1012391E07B680D
S31508008A7C1B681A00494B9A4210D87B681B68484AEF
S31508008A8C9446634414211800FAF736FB03009A003F
S31508008A9C7B685A647B68434A1A640FE07B681B68D8
S31508008AAC414A9446634414211800FAF725FB03003F
S31508008ABC9A007B685A647B683C4A1A647B68252250
S31508008ACC022199547B681B681A687B681B683849AD
S31508008ADC0A401A607B681B6819687B689A687B6809
S31508008AECDB681A437B681B691A437B685B691A4304
S31508008AFC7B689B691A437B68DB691A437B681B6A2C
S31508008B0C1A437B681B680A431A607B68180000F0D6
S31508008B1C13F97B689A688023DB019A4202D17B6839
S31508008B2C00225A607B685A687B689B6C7F210A40D6
S31508008B3C1A607B68DB6C7A68126D5A607B685B68B6
S31508008B4C002B11D07B685B68042B0DD87B6818004A
S31508008B5C00F03CF97B685B6D00221A607B689B6DA4
S31508008B6C7A68D26D5A6008E07B6800225A657B6881
S31508008B7C00229A657B680022DA657B680022DA6334
S31508008B8C7B682522012199547B682422002199545B
S31508008B9C00231800BD4602B080BDC046070402403B
S31508008BACF8FFFDBF00000240F8FBFDBF00040240C1
S31508008BBC0F80FFFF80B586B000AFF860B9607A60A9
S31508008BCC3B601723FB1800221A70FB6824229B5C57
S31508008BDC012B01D102236FE0FB6824220121995451
S31508008BECFB6825229B5CDBB2012B57D1FB6825223F
S31508008BFC02219954FB680022DA63FB681B681A6821
S31508008C0CFB681B6801218A431A603B687A68B96855
S31508008C1CF86800F055F8FB681B6B002B08D0FB684E
S31508008C2C1B681A68FB681B680E210A431A600FE05A
S31508008C3CFB681B681A68FB681B6804218A431A6060
S31508008C4CFB681B681A68FB681B680A210A431A60CA
S31508008C5CFB689B6C1A6880235B02134008D0FB6880
S31508008C6C9B6C1A68FB689B6C802149000A431A6046
S31508008C7CFB685B6D002B08D0FB685B6D1A68FB689C
S31508008C8C5B6D802149000A431A60FB681B681A68E9
S31508008C9CFB681B6801210A431A600AE0FB688022FC
S31508008CACDA63FB682422002199541723FB18012246
S31508008CBC1A701723FB181B781800BD4606B080BD22
S31508008CCC80B584B000AFF860B9607A603B60FB6829
S31508008CDCDB6CFA68126D5A60FB685B6D002B04D06E
S31508008CECFB689B6DFA68D26D5A60FB685B6C1C223C
S31508008CFC1A40FB681B6C012191400A005A60FB68FC
S31508008D0C1B683A685A60FB689B68102B08D1FB688D
S31508008D1C1B687A689A60FB681B68BA68DA6007E0B1
S31508008D2CFB681B68BA689A60FB681B687A68DA6025
S31508008D3CC046BD4604B080BD80B584B000AF78602F
S31508008D4C7B681B681A001D4B9A4214D87B685B6CAF
S31508008D5C9B089B001A4A9A187B689A647B681B685E
S31508008D6C1A00FF231340083B14211800FAF7C4F91C
S31508008D7C0300FB6014E07B685B6C9B089B00114A44
S31508008D8C9A187B689A647B681B681A00FF23134041
S31508008D9C083B14211800FAF7AFF903000733FB60F8
S31508008DAC7B68094ADA64FB681F22134001229A4041
S31508008DBC7B681A65C046BD4604B080BD07040240F0
S31508008DCC000802401C0802408008024080B584B0A6
S31508008DDC00AF78607B685B687F221340FB60FB689A
S31508008DEC0A4A944663449B001A007B685A657B685A
S31508008DFC074A9A65FB68013B0322134001229A40F5
S31508008E0C7B68DA65C046BD4604B080BD3F8200105B
S31508008E1C4009024080B584B000AF78607B68002BAF
S31508008E2C01D101234EE17B685C229B5CDBB2002BF3
S31508008E3C07D17B685D22002199547B681800FDF7E1
S31508008E4CA5FB7B681B689A697B681B6810218A439B
S31508008E5C9A61FEF7DBFB0300FB6012E0FEF7D6FB1C
S31508008E6C0200FB68D31A0A2B0BD97B681B6E0122EE
S31508008E7C1A437B681A667B685C2203219954012382
S31508008E8C20E17B681B689B6908221340082BE5D0F8
S31508008E9C7B681B689A697B681B6801210A439A617F
S31508008EACFEF7B4FB0300FB6012E0FEF7AFFB020013
S31508008EBCFB68D31A0A2B0BD97B681B6E01221A4343
S31508008ECC7B681A667B685C22032199540123F9E0B6
S31508008EDC7B681B689B6901221340E6D07B681B687C
S31508008EEC9A697B681B6802210A439A617B681B682E
S31508008EFC764A934203D1764A7B685B6813607B6833
S31508008F0C1B7C012B08D17B681B689A697B681B68DC
S31508008F1C40218A439A6107E07B681B689A697B68DB
S31508008F2C1B6840210A439A617B685B7C012B09D13B
S31508008F3C7B681B689A697B681B688021C9010A4390
S31508008F4C9A6107E07B681B689A697B681B686149AC
S31508008F5C0A409A617B689B7C012B08D17B681B684D
S31508008F6C9A697B681B685C490A409A6108E07B68C9
S31508008F7C1B689A697B681B68802149010A439A61B8
S31508008F8C7B681B689B69554A134019007B689A686D
S31508008F9C7B681B680A439A617B681B689A697B68BD
S31508008FAC1B68A4218A439A617B681B681A697B68CB
S31508008FBC1B6810218A431A617B68DB68012B08D170
S31508008FCC7B681B689A697B681B6804210A439A614B
S31508008FDC2CE07B68DB68002B28D07B68DB68022BCF
S31508008FEC1CD07B681B689A697B681B6880210A43BE
S31508008FFC9A617B681B681A697B681B6810210A438F
S3150800900C1A617B68DB68032B10D17B681B689A692D
S3150800901C7B681B6820210A439A6107E07B681B68FA
S3150800902C9A697B681B6820210A439A617B689B694D
S3150800903C013B5A067B68DB69013B1B021A437B68BA
S3150800904C1B6A013B1A4311007B685B69013B1A04D6
S3150800905C7B681B680A43DA617B689A68C0239B00A5
S3150800906C9A4215D17B689B6A5A1E7B68DB6A013B60
S3150800907C1B021A437B681B6B013B1B011A4311002D
S3150800908C7B685B6A013B1A047B681B680A43DA60D7
S3150800909C7B681B68C02299587B68DA6B7B681B68EF
S315080090AC0A43C0215A507B68180000F099FC7B686B
S315080090BC00229A657B6800221A667B685C2201216D
S315080090CC995400231800BD4604B080BD00640040C6
S315080090DC00650040FFBFFFFFFFEFFFFFFFFCFFFF30
S315080090EC80B586B000AF7860396017203B187A686F
S315080090FC5C21525C1A700200BB181B78012B03D03A
S3150800910CBB181B78022B3DD13B681B68002B19D169
S3150800911C3B689B689A073B68DB68DB061A433B6827
S3150800912C1B691B041A433B685B6913433B617B68E9
S3150800913C1A6C3B685B689B00D318BB60BB683A69C2
S3150800914C1A601DE03B68DB685A073B681B691343CA
S3150800915C3B613B689B689A073B685B691343FB60FA
S3150800916C7B685A6C3B685B68DB00D318BB60BB68D2
S3150800917C3A691A60BB680433BB60BB68FA681A6044
S3150800918C002306E07B681B6E02221A437B681A666C
S3150800919C01231800BD4606B080BD80B584B000AF6B
S315080091ACF860B9607A603B60FB685C229B5CDBB25A
S315080091BC012B17D1FB681B6880229B583F229343CF
S315080091CC1900BB681A017B689B001A433B685B0055
S315080091DC1A43BB691A43FB681B680A4380215A5019
S315080091EC002306E0FB681B6E04221A43FB681A660A
S315080091FC01231800BD4604B080BD80B582B000AF0F
S3150800920C78607B685C229B5CDBB2012B10D17B6897
S3150800921C5C22022199547B681B689A697B681B68D7
S3150800922C01218A439A617B6800221A66002306E0AC
S3150800923C7B681B6E04221A437B681A660123180086
S3150800924CBD4602B080BD80B586B000AFF860B96087
S3150800925C7A60FB685C229B5CDBB2022B2DD1FB6827
S3150800926C1B68C4229A5880239B03134008D0FB68BA
S3150800927C1B6E802292001A43FB681A66012323E0B0
S3150800928CFB681B68C4229B581B0C032213407B618A
S3150800929C7B697A68B968F86800F00EFCFB681B688D
S315080092AC01217A6991400A00CC215A5001227B6926
S315080092BC9A40FB689A65002306E0FB681B6E082239
S315080092CC1A43FB681A6601231800BD4606B080BD12
S315080092DC80B58AB000AFF860B9607A603B6000234D
S315080092ECFB611B203B18FA685C21525C1A703B1810
S315080092FC1B78022B00D0F4E0BB68402B3BD1FB68F3
S3150800930C1B6890229B580F22134008D1FB681B6ED2
S3150800931C802252001A43FB681A660123E8E0FB68B0
S3150800932C1B6890229A5880235B041A4080235B049E
S3150800933C9A420CD1FB681B6880229A5880239B00A2
S3150800934C1A4080239B009A4201D10123FB61FB68DA
S3150800935C1B6890229B581B0A03221340FA69D318E0
S3150800936CFB61FB68996CFA691300DB009B18DB0040
S3150800937CCB187B623AE0FB681B6898229B580F2235
S3150800938C134008D1FB681B6E802252001A43FB68F7
S3150800939C1A660123ACE0FB681B6898229A5880234E
S315080093AC5B041A4080235B049A420CD1FB681B6849
S315080093BC80229A5880235B001A4080235B009A42CD
S315080093CC01D10123FB61FB681B6898229B581B0A79
S315080093DC03221340FA69D318FB61FB68D96CFA6946
S315080093EC1300DB009B18DB00CB187B627B6A1A68C0
S315080093FC8023DB051A407B685A607B685B68002B08
S3150800940C07D17B6A1B689B0C5B055A0D7B681A6037
S3150800941C05E07B6A1B68DB00DA087B681A607B6AE6
S3150800942C1A6880239B051A407B689A607B6A1B68BE
S3150800943CDB0FDA077B681A617B6A04337B627B6A0B
S3150800944C1B681B041A0C7B68DA617B6A1B681B0C8D
S3150800945C0F221A407B68DA607B6A1A6880235B03E2
S3150800946C1A407B685A617B6A1A6880239B031A40E8
S3150800947C7B689A617B6A1B681B0E7F221A407B6885
S3150800948C1A627B6A1B68DA0F7B685A627B6A04333A
S3150800949C7B627B6A7B6100233B620AE07A693B6AE2
S315080094ACD21839683B6ACB1812781A703B6A0133A2
S315080094BC3B627B68DB68104AD35C1A003B6A9342B2
S315080094CCECD3BB68402B05D1FB681B689421FA6961
S315080094DC5A5004E0FB681B689C21FA695A50002311
S315080094EC06E0FB681B6E08221A43FB681A66012302
S315080094FC1800BD460AB080BDF0DC000880B586B001
S3150800950C00AFF860B9607A6017203B18FA685C21DE
S3150800951C525C1A700200BB181B78012B04D0BB18BE
S3150800952C1B78022B00D0B4E0FB681B689B6D3B6173
S3150800953CBB680722134003D03B690122134034D081
S3150800954CBB683822134003D03B69022213402CD047
S3150800955CBA68E0235B00134003D03B69042213402E
S3150800956C23D0BA68F0235B01134003D03B69082269
S3150800957C13401AD0BA68E0231B02134003D03B6988
S3150800958C1022134011D0BA68C0239B02134003D093
S3150800959C3B692022134008D0BA68FC231B041340ED
S315080095AC0BD03B694022134007D1FB681B68DA6D68
S315080095BCFB681B6801210A43DA65BB68072213405E
S315080095CC03D03B690122134034D1BB6838221340BF
S315080095DC03D03B69022213402CD1BA68E0235B0006
S315080095EC134003D03B690422134023D1BA68F023F5
S315080095FC5B01134003D03B69082213401AD1BA68A1
S3150800960CE0231B02134003D03B691022134011D1EF
S3150800961CBA68C0239B02134003D03B69202213402F
S3150800962C08D1BA68FC231B0413400BD03B694022B3
S3150800963C134007D0FB681B68DA6DFB681B680221B0
S3150800964C0A43DA65BB688022134009D0FB681B689D
S3150800965CDC229958FB681B687A680A43DC215A5045
S3150800966CBA6880235B00134009D0FB681B68E022AC
S3150800967C9958FB681B687A680A43E0215A50FB68BC
S3150800968C1B68596DFB681B68BA680A435A65002340
S3150800969C06E0FB681B6E02221A43FB681A66012356
S315080096AC1800BD4606B080BD80B58CB000AF78609A
S315080096BC7B681B681A6DE0235B011340FB627B68B1
S315080096CC1B685A6DFB6A1340FB627B681B681B6D33
S315080096DC07221340BB627B681B685A6DBB6A134032
S315080096ECBB627B681B681B6D382213407B627B68E8
S315080096FC1B685A6D7B6A13407B627B681B681A6D04
S3150800970CF1231B0413403B627B681B685A6D3B6A4A
S3150800971C13403B627B681B681A6DE0231B031340DE
S3150800972CFB617B681B685A6DFB691340FB617B68A0
S3150800973C1B685B6DBB617B681B681B6D7B617B69FA
S3150800974C9B091A00012313400DD0BB699B091A000B
S3150800975C0123134007D07B681B6840221A657B6877
S3150800976C180000F024F97B691B0A1A000123134020
S3150800977C1CD0BB691B0A1A000123134016D07B6840
S3150800978C1B68D8229B583B617B681B68E0229A5859
S3150800979C3B6913403B617B681B68802252001A6543
S315080097AC3A697B681100180000F0E8F8FB6A002B90
S315080097BC09D07B681B68FA6A1A65FA6A7B68110015
S315080097CC180000F0B8F8BB6A002B09D07B681B6838
S315080097DCBA6A1A65BA6A7B6811001800FAF7C4FDEA
S315080097EC7B6A002B09D07B681B687A6A1A657A6AC9
S315080097FC7B681100180000F0A7F87B695B0A1A0051
S3150800980C012313400ED0BB695B0A1A0001231340CF
S3150800981C08D07B681B68802292001A657B68180042
S3150800982C00F09BF87B69DB091A00012313401BD057
S3150800983CBB69DB091A000123134015D07B681B682A
S3150800984CD4229B58FB607B681B68DC229A58FB6801
S3150800985C1340FB607B681B6880221A65FA687B6874
S3150800986C1100180000F081F87B695B0B1A000123C4
S3150800987C13400ED0BB695B0B1A000123134008D0AA
S3150800988C7B681B68802292011A657B68180000F0B9
S3150800989C7EF87B69DB0B1A00012313400ED0BB69DB
S315080098ACDB0B1A000123134008D07B681B68802247
S315080098BC12021A657B68180000F071F87B699B0B1D
S315080098CC1A000123134010D0BB699B0B1A00012305
S315080098DC13400AD07B681B688022D2011A657B6804
S315080098EC1B6E80221A437B681A66FB69002B09D00B
S315080098FC7B681B68FA691A65FA697B681100180097
S3150800990C00F065F83B6A002B09D07B681B683A6A3D
S3150800991C1A657B681A6E3B6A1A437B681A667B68FB
S3150800992C1B6E002B03D07B68180000F048F8C04665
S3150800993CBD460CB080BD80B582B000AF786039608A
S3150800994CC046BD4602B080BD80B582B000AF786017
S3150800995C3960C046BD4602B080BD80B582B000AF46
S3150800996C7860C046BD4602B080BD80B582B000AFF7
S3150800997C78603960C046BD4602B080BD80B582B0FD
S3150800998C00AF78603960C046BD4602B080BD80B570
S3150800999C82B000AF7860C046BD4602B080BD80B5C7
S315080099AC82B000AF7860C046BD4602B080BD80B5B7
S315080099BC82B000AF7860C046BD4602B080BD80B5A7
S315080099CC82B000AF7860C046BD4602B080BD80B597
S315080099DC82B000AF78603960C046BD4602B080BD23
S315080099EC80B584B000AF78602F4BBB607B681B6872
S315080099FC2E4A934205D1BB68D422920094466344FE
S31508009A0CBB607B68BA681A647B681B6880229B58A3
S31508009A1C274A134019007B685B6B1A047B681B6822
S31508009A2C0A4380215A50BB6870331A007B685A6403
S31508009A3C7B681B6880229B581E4A134019007B685A
S31508009A4C9B6B1A067B681B680A4380215A50BB68B5
S31508009A5CB0331A007B689A64BB688933FF331A00E3
S31508009A6C7B68DA64BB68982292009A187B681A6538
S31508009A7CBB689E2292009A187B685A65BB68FB6085
S31508009A8C05E0FB6800221A60FB680433FB60BB68C0
S31508009A9CD422920094466344FA689A42F1D3C0469B
S31508009AACC046BD4604B080BD00B400400068004006
S31508009ABCFFFFE0FFFFFFFFF080B588B000AFF8604E
S31508009ACCB9607A603B60BB685B68002B0AD1BB68DF
S31508009ADC1A69BB689B681A43BB681B689B041343CB
S31508009AECFB610BE0BB681A69BB689B681A43BB68C9
S31508009AFC1B6813438022D2051343FB61BB681B6AA0
S31508009B0C1A06BB68DB691A43BB689B691A43BB68B0
S31508009B1C5B691A43BB68DB681B0413433B61FB6830
S31508009B2C596D3A681300DB009B18DB00CB18BB6138
S31508009B3CBB69FA691A60BB690433BB61BB693A69CC
S31508009B4C1A60BB690433BB6100237B6120E07B6927
S31508009B5C03337A68D3181B781A067B69023379683B
S31508009B6CCB181B781B041A437B6901337968CB180D
S31508009B7C1B781B02134379687A698A1812781A4378
S31508009B8CBB691A60BB690433BB617B6904337B61AF
S31508009B9CBB68DB68054AD35C1A007B699342D6D34B
S31508009BACC046C046BD4608B080BDC046F0DC0008BD
S31508009BBC80B586B000AF7860396000237B614DE1D3
S31508009BCC3B681B6801217A6991400A001340FB60C7
S31508009BDCFB68002B00D13EE13B685B68032213400F
S31508009BEC012B05D03B685B6803221340022B30D14E
S31508009BFC7B689B683B617B695B0003229A40130078
S31508009C0CDA433B6913403B613B68DA687B695B0066
S31508009C1C9A4013003A6913433B617B683A699A6028
S31508009C2C7B685B683B6101227B699A401300DA43C7
S31508009C3C3B6913403B613B685B681B0901221A4070
S31508009C4C7B699A4013003A6913433B617B683A690E
S31508009C5C5A603B685B6803221340032B17D07B685A
S31508009C6CDB683B617B695B0003229A401300DA438D
S31508009C7C3B6913403B613B689A687B695B009A4079
S31508009C8C13003A6913433B617B683A69DA603B68AF
S31508009C9C5B6803221340022B23D17B69DA087B68A5
S31508009CAC08329200D3583B617B69072213409B000C
S31508009CBC0F229A401300DA433B6913403B613B6819
S31508009CCC1A697B6907210B409B009A4013003A6975
S31508009CDC13433B617B69DA087B6808329200396961
S31508009CECD1507B681B683B617B695B0003229A40F9
S31508009CFC1300DA433B6913403B613B685B680322FC
S31508009D0C1A407B695B009A4013003A6913433B611E
S31508009D1C7B683A691A603B685A68C0239B021340F1
S31508009D2C00D198E0534A7B699B0818339B009B58D3
S31508009D3C3B617B6903221340DB000F229A40130018
S31508009D4CDA433B6913403B617A68A023DB059A42E8
S31508009D5C19D07B68484A934213D07B68474A93428A
S31508009D6C0DD07B68464A934207D07B68454A934296
S31508009D7C01D1042308E0052306E0032304E00223AB
S31508009D8C02E0012300E000237A6903210A40D2008D
S31508009D9C93403A6913433B6136497B699B081833F0
S31508009DAC9B003A695A50334B1B683B61FB68DA4394
S31508009DBC3B6913403B613B685A6880235B0313403D
S31508009DCC03D03A69FB6813433B612A4B3A691A601C
S31508009DDC284B5B683B61FB68DA433B6913403B6184
S31508009DEC3B685A6880239B03134003D03A69FB6887
S31508009DFC13433B611F4B3A695A601E4A8423D35856
S31508009E0C3B61FB68DA433B6913403B613B685A6824
S31508009E1C80239B02134003D03A69FB6813433B61CA
S31508009E2C144984223B698B50124A8023D3583B61D0
S31508009E3CFB68DA433B6913403B613B685A688023ED
S31508009E4C5B02134003D03A69FB6813433B6109492B
S31508009E5C80223B698B507B6901337B613B681A68AE
S31508009E6C7B69DA40131E00D0AAE6C046C046BD463A
S31508009E7C06B080BD001802400004005000080050CF
S31508009E8C000C00500010005080B584B000AF78600C
S31508009E9C0A00BB1C1A807B681B69BA1C1288134003
S31508009EAC04D00F23FB1801221A7003E00F23FB18AA
S31508009EBC00221A700F23FB181B781800BD4604B035
S31508009ECC80BD80B582B000AF786008001100BB1C5D
S31508009EDC021C1A807B1C0A1C1A707B1C1B78002B14
S31508009EEC04D0BB1C1A887B689A6103E0BB1C1A88D1
S31508009EFC7B689A62C046BD4602B080BD80B584B008
S31508009F0C00AF78600A00BB1C1A807B685B69FB6033
S31508009F1CBB1C1B88FA6813401A04FB68DB43B91C84
S31508009F2C09880B401A437B689A61C046BD4604B043
S31508009F3C80BD000080B582B000AF78607B68002BCE
S31508009F4C01D101238FE07B6841229B5CDBB2002B9D
S31508009F5C07D17B684022002199547B681800FCF7CE
S31508009F6CE3FC7B684122242199547B681B681A6898
S31508009F7C7B681B6801218A431A607B685A687B6870
S31508009F8C1B683B490A401A617B681B689A687B68A0
S31508009F9C1B6838490A409A607B68DB68012B08D134
S31508009FAC7B689A687B681B68802109020A439A6059
S31508009FBC07E07B689A687B681B68842109020A4358
S31508009FCC9A607B68DB68022B09D17B681B685A6828
S31508009FDC7B681B68802109010A435A6007E07B6885
S31508009FEC1B685A687B681B6823490A405A607B6859
S31508009FFC1B685A687B681B6820490A435A607B6849
S3150800A00C1B68DA687B681B681A490A40DA607B6841
S3150800A01C1A697B685B691A4311007B689B691A028B
S3150800A02C7B681B680A43DA607B68D9697B681A6A9D
S3150800A03C7B681B680A431A607B681B681A687B680E
S3150800A04C1B6801210A431A607B6800225A647B68E4
S3150800A05C4122202199547B6800221A637B6842228C
S3150800A06C0021995400231800BD4602B080BDC04695
S3150800A07CFFFFFFF0FF7FFFFFFFF7FFFF00800002E7
S3150800A08C90B589B002AFF8600C00100019000A23CD
S3150800A09CFB18221C1A800823FB18021C1A80BB1DED
S3150800A0AC0A1C1A80FB6841229B5CDBB2202B00D071
S3150800A0BC0CE1BB6A002B04D02C23FB181B88002B45
S3150800A0CC05D1FB68802292005A640123FFE0FB68E5
S3150800A0DC40229B5C012B01D10223F8E0FB6840224D
S3150800A0EC01219954FDF792FA03007B61802319022A
S3150800A0FCF8687B6900931923012200F007FC031EFC
S3150800A10C01D00123E3E0FB68412221219954FB6825
S3150800A11C422240219954FB6800225A64FB68BA6AA9
S3150800A12C5A62FB682C22BA1812885A85FB680022D8
S3150800A13C5A63BB1D1C880823FB181A880A23FB18AC
S3150800A14C1988F8687B6901933B6B0093230000F030
S3150800A15CF5FA031E05D0FB68402200219954012309
S3150800A16CB5E0FB685B8D9BB2FF2B11D9FB68FF2210
S3150800A17C1A85FB681B8DDAB280235C040A23FB184C
S3150800A18C1988F86800230093230000F099FD12E063
S3150800A19CFB685B8D9AB2FB681A85FB681B8DDAB275
S3150800A1AC80239C040A23FB181988F868002300935B
S3150800A1BC230000F085FD7A69396BFB68180000F0FE
S3150800A1CCFDFB031E01D0012381E0FB685B6A1A784C
S3150800A1DCFB681B689A62FB685B6A5A1CFB685A62C6
S3150800A1ECFB685B8D9BB2013B9AB2FB685A85FB6890
S3150800A1FC1B8D013B9AB2FB681A85FB685B8D9BB27B
S3150800A20C002B3AD0FB681B8D002B36D13A6BF868BD
S3150800A21C7B69009313000022802100F077FB031E54
S3150800A22C01D0012353E0FB685B8D9BB2FF2B11D940
S3150800A23CFB68FF221A85FB681B8DDAB280235C0447
S3150800A24C0A23FB181988F86800230093230000F0EA
S3150800A25C37FD12E0FB685B8D9AB2FB681A85FB68C2
S3150800A26C1B8DDAB280239C040A23FB181988F8681C
S3150800A27C00230093230000F023FDFB685B8D9BB243
S3150800A28C002B98D17A69396BFB68180000F0DCFB57
S3150800A29C031E01D001231AE0FB681B682022DA6131
S3150800A2ACFB681B685A68FB681B680B490A405A60AE
S3150800A2BCFB68412220219954FB68422200219954BB
S3150800A2CCFB68402200219954002300E00223180061
S3150800A2DCBD4607B090BDC04600E800FE90B589B0F3
S3150800A2EC02AFF8600C00100019000A23FB18221C98
S3150800A2FC1A800823FB18021C1A80BB1D0A1C1A801C
S3150800A30CFB6841229B5CDBB2202B00D010E1BB6AB8
S3150800A31C002B04D02C23FB181B88002B05D1FB68BB
S3150800A32C802292005A64012303E1FB6840229B5C5D
S3150800A33C012B01D10223FCE0FB6840220121995430
S3150800A34CFDF764F903007B6180231902F8687B69C1
S3150800A35C00931923012200F0D9FA031E01D0012318
S3150800A36CE7E0FB68412222219954FB6842224021EE
S3150800A37C9954FB6800225A64FB68BA6A5A62FB68ED
S3150800A38C2C22BA1812885A85FB6800225A63BB1D00
S3150800A39C1C880823FB181A880A23FB181988F868DE
S3150800A3AC7B6901933B6B0093230000F02BFA031E89
S3150800A3BC05D0FB684022002199540123B9E0FB68BB
S3150800A3CC5B8D9BB2FF2B11D9FB68FF221A85FB68A4
S3150800A3DC1B8DDAB280235C040A23FB181988F868EB
S3150800A3EC564B0093230000F06BFC12E0FB685B8D68
S3150800A3FC9AB2FB681A85FB681B8DDAB280239C041B
S3150800A40C0A23FB181988F8684C4B0093230000F0B4
S3150800A41C57FC3A6BF8687B690093130000220421F9
S3150800A42C00F074FA031E01D0012382E0FB681B6856
S3150800A43C5A6AFB685B6AD2B21A70FB685B6A5A1C6A
S3150800A44CFB685A62FB681B8D013B9AB2FB681A853E
S3150800A45CFB685B8D9BB2013B9AB2FB685A85FB681D
S3150800A46C5B8D9BB2002B3AD0FB681B8D002B36D12B
S3150800A47C3A6BF8687B69009313000022802100F080
S3150800A48C45FA031E01D0012353E0FB685B8D9BB292
S3150800A49CFF2B11D9FB68FF221A85FB681B8DDAB2D4
S3150800A4AC80235C040A23FB181988F8680023009398
S3150800A4BC230000F005FC12E0FB685B8D9AB2FB6882
S3150800A4CC1A85FB681B8DDAB280239C040A23FB18B9
S3150800A4DC1988F86800230093230000F0F1FBFB6849
S3150800A4EC5B8D9BB2002B94D17A69396BFB6818008B
S3150800A4FC00F0AAFA031E01D001231AE0FB681B68B8
S3150800A50C2022DA61FB681B685A68FB681B680C49D1
S3150800A51C0A405A60FB68412220219954FB68422262
S3150800A52C00219954FB68402200219954002300E02D
S3150800A53C02231800BD4607B090BDC0460024008013
S3150800A54C00E800FE80B58AB002AFF8607A603B601E
S3150800A55C0A23FB180A1C1A8000237B61FB6841221C
S3150800A56C9B5CDBB2202B00D0DFE0FB681B689A698A
S3150800A57C80231B021A4080231B029A4201D1022314
S3150800A58CD4E0FB6840229B5C012B01D10223CDE071
S3150800A59CFB68402201219954FB68412224219954D5
S3150800A5ACFB6800225A64FB68DB68012B07D10A2377
S3150800A5BCFB181B889B059B0D5E4A1A4306E00A236B
S3150800A5CCFB181B889B059B0D5B4A1A43FB681B688B
S3150800A5DC5A60FDF71BF80300BB61FB681B689B6997
S3150800A5EC20221340203B5A425341DAB21F23FB1850
S3150800A5FC1A70FB681B689B6910221340103B5A4261
S3150800A60C5341DAB21E23FB181A7035E03B68013346
S3150800A61C1AD0FCF7FBFF0200BB69D31A3A689A42B8
S3150800A62C02D33B68002B0FD1FB6841222021995499
S3150800A63CFB685B6C20221A43FB685A64FB68402251
S3150800A64C00219954012371E0FB681B689B69202241
S3150800A65C1340203B5A425341DAB21F23FB181A7097
S3150800A66CFB681B689B6910221340103B5A425341E6
S3150800A67CDAB21E23FB181A701F23FB181B78002B43
S3150800A68C04D11E23FB181B78002BBFD0FB681B6854
S3150800A69C9B6910221340102B1AD03A68F868BB69CC
S3150800A6AC009313000022202100F030F9031E01D07C
S3150800A6BC01233BE0FB681B682022DA61FB68412218
S3150800A6CC20219954FB6840220021995400232DE03F
S3150800A6DC3A68F868BB69009313000022202100F041
S3150800A6EC15F9031E01D0012320E0FB681B68102214
S3150800A6FCDA61FB681B682022DA617B6901337B61AE
S3150800A70C7B697A689A4200D94DE7FB684122202179
S3150800A71C9954FB685B6C20221A43FB685A64FB68E5
S3150800A72C402200219954012300E002231800BD465B
S3150800A73C08B080BD0020000200280002B0B586B023
S3150800A74C02AFF8600C00100019000A257B19221CB0
S3150800A75C1A800823FB18021C1A80BB1D0A1C1A80B7
S3150800A76CBB1D1B88DAB280235C047B191988F86830
S3150800A77C234B0093230000F0A3FA7A6A396AFB6824
S3150800A78C180000F01BF9031E01D0012333E0BB1D92
S3150800A79C1B88012B07D10823FB181B88DAB2FB6828
S3150800A7AC1B689A6219E00823FB181B881B0A9BB2C4
S3150800A7BCDAB2FB681B689A627A6A396AFB6818000F
S3150800A7CC00F0FCF8031E01D0012314E00823FB1843
S3150800A7DC1B88DAB2FB681B689A623A6AF8687B6A65
S3150800A7EC009313000022802100F090F8031E01D07C
S3150800A7FC012300E000231800BD4604B0B0BDC046D6
S3150800A80C00200080B0B586B002AFF8600C001000CE
S3150800A81C19000A257B19221C1A800823FB18021C0E
S3150800A82C1A80BB1D0A1C1A80BB1D1B88DAB27B1941
S3150800A83C1988F868234B0093002300F041FA7A6ACA
S3150800A84C396AFB68180000F0B9F8031E01D0012319
S3150800A85C33E0BB1D1B88012B07D10823FB181B886B
S3150800A86CDAB2FB681B689A6219E00823FB181B8886
S3150800A87C1B0A9BB2DAB2FB681B689A627A6A396A57
S3150800A88CFB68180000F09AF8031E01D0012314E0A7
S3150800A89C0823FB181B88DAB2FB681B689A623A6AAB
S3150800A8ACF8687B6A009313000022402100F02EF80A
S3150800A8BC031E01D0012300E000231800BD4604B096
S3150800A8CCB0BDC0460020008080B582B000AF78606D
S3150800A8DC7B681B689B6902221340022B03D17B6899
S3150800A8EC1B6800229A627B681B689B6901221340CD
S3150800A8FC012B07D07B681B689A697B681B6801214A
S3150800A90C0A439A61C046BD4602B080BD80B584B084
S3150800A91C00AFF860B9603B60FB1D1A703AE0BA6983
S3150800A92C3968FB68180000F0D3F8031E01D0012320
S3150800A93C40E03B6801332DD0FCF768FE0200BB698A
S3150800A94CD31A3A689A4202D33B68002B22D1FB6889
S3150800A95C1B689B69BA681340BA68D31A5A425341A2
S3150800A96CDBB21A00FB1D1B789A4213D1FB685B6C91
S3150800A97C20221A43FB685A64FB6841222021995409
S3150800A98CFB68422200219954FB6840220021995405
S3150800A99C01230FE0FB681B689B69BA681340BA6809
S3150800A9ACD31A5A425341DBB21A00FB1D1B789A4242
S3150800A9BCB5D000231800BD4604B080BD80B584B060
S3150800A9CC00AFF860B9607A6032E07A68B968FB68FB
S3150800A9DC180000F07DF8031E01D0012330E0BB6897
S3150800A9EC013325D0FCF712FE02007B68D31ABA682D
S3150800A9FC9A4202D3BB68002B1AD1FB681B689B6969
S3150800AA0C02221340022B13D0FB685B6C20221A43DC
S3150800AA1CFB685A64FB68412220219954FB68422240
S3150800AA2C00219954FB68402200219954012307E020
S3150800AA3CFB681B689B6902221340022BC5D10023B5
S3150800AA4C1800BD4604B080BD80B584B000AFF86070
S3150800AA5CB9607A602FE07A68B968FB68180000F06C
S3150800AA6C37F8031E01D001232DE0FCF7CFFD0200B9
S3150800AA7C7B68D31ABA689A4202D3BB68002B1AD1E0
S3150800AA8CFB681B689B6920221340202B13D0FB689C
S3150800AA9C5B6C20221A43FB685A64FB68412220210E
S3150800AAAC9954FB68422200219954FB6840220021E4
S3150800AABC9954012307E0FB681B689B692022134005
S3150800AACC202BC8D100231800BD4604B080BD000059
S3150800AADC80B58AB000AFF860B9607A602723FB1896
S3150800AAEC00221A70FB681B689B69BB6100233B62DA
S3150800AAFC7B68FB61BB691022134000D179E0FB68C7
S3150800AB0C1B681022DA6157E02722BB18BA1812788C
S3150800AB1C1A70BB6801334FD0FCF778FD0200FB694D
S3150800AB2CD31ABA689A4202D3BB68002B44D1FB6885
S3150800AB3C1B685A688023DB0113407B6113203B1882
S3150800AB4CFA684221525C1A70FB681B689A69802362
S3150800AB5C1B021A4080231B029A4226D17A6980234B
S3150800AB6CDB019A4221D03B181B78202B1DD0FB68A1
S3150800AB7C1B685A68FB681B688021C9010A435A601E
S3150800AB8CFCF744FD0300FB610FE0FCF73FFD0200F8
S3150800AB9CFB69D31A192B08D93B6A202213433B624B
S3150800ABAC2723FB1801221A7006E0FB681B689B69B1
S3150800ABBC20221340202BE8D1FB681B689B692022B6
S3150800ABCC1340202B04D02723FB181B78002B9BD073
S3150800ABDC2723FB181B78002B03D1FB681B68202244
S3150800ABECDA613B6A042213433B622723FB180122D2
S3150800ABFC1A70FB681B689B69BB61BA6980235B008A
S3150800AC0C13400CD03B6A012213433B62FB681B685A
S3150800AC1C80225200DA612723FB1801221A70BA69BE
S3150800AC2C8023DB0013400CD03B6A082213433B629B
S3150800AC3CFB681B688022D200DA612723FB180122E5
S3150800AC4C1A70BA6980239B0013400CD03B6A022207
S3150800AC5C13433B62FB681B6880229200DA61272348
S3150800AC6CFB1801221A702723FB181B78002B1DD002
S3150800AC7CFB681800FFF728FEFB681B685A68FB6818
S3150800AC8C1B680E490A405A60FB685A6C3B6A1A43A1
S3150800AC9CFB685A64FB68412220219954FB684222BE
S3150800ACAC00219954FB684022002199542723FB184C
S3150800ACBC1B781800BD460AB080BDC04600E800FEE9
S3150800ACCC90B587B000AFF860080011007B600A24C5
S3150800ACDC3B19021C1A8009203B180A1C1A703B19CE
S3150800ACEC1B889B059A0D3B181B781904FF231B041C
S3150800ACFC0B401A437B681A43BB6A13435B005B0819
S3150800AD0C7B61FB681B685B68BA6A510D8022D200AE
S3150800AD1C0A4007490A43D2431A401100FB681B68CC
S3150800AD2C7A690A435A60C046BD4607B090BDC0460C
S3150800AD3CFF63FF0380B582B000AF786039607B682B
S3150800AD4C41229B5CDBB2202B38D17B6840229B5C72
S3150800AD5C012B01D1022332E07B6840220121995450
S3150800AD6C7B684122242199547B681B681A687B6886
S3150800AD7C1B6801218A431A607B681B681A687B6802
S3150800AD8C1B6811490A401A607B681B6819687B683E
S3150800AD9C1B683A680A431A607B681B681A687B68E2
S3150800ADAC1B6801210A431A607B68412220219954A9
S3150800ADBC7B68402200219954002300E002231800E6
S3150800ADCCBD4602B080BDC046FFEFFFFF80B584B01C
S3150800ADDC00AF786039607B6841229B5CDBB2202B24
S3150800ADEC39D17B6840229B5C012B01D1022333E0CD
S3150800ADFC7B684022012199547B684122242199546D
S3150800AE0C7B681B681A687B681B6801218A431A6071
S3150800AE1C7B681B681B68FB60FB68114A1340FB6068
S3150800AE2C3B681B02FA681343FB607B681B68FA686D
S3150800AE3C1A607B681B681A687B681B6801210A43C1
S3150800AE4C1A607B684122202199547B684022002194
S3150800AE5C9954002300E002231800BD4604B080BDB7
S3150800AE6CFFF0FFFF80B584B000AF7860194B1B6804
S3150800AE7C194A13401900174B7A680A431A607A68FC
S3150800AE8C80239B009A421FD1144B1A6813005B004F
S3150800AE9C9B185B0012491800F8F72EF903000133CA
S3150800AEACFB6008E0FB68002B03D0FB68013BFB60EA
S3150800AEBC01E0032309E0074B5A698023DB001A409B
S3150800AECC8023DB009A42EDD000231800BD4604B05F
S3150800AEDC80BDC04600700040FFF9FFFF50000020FF
S3150800AEEC40420F0080B588B000AF78607B68002BB5
S3150800AEFC02D1012300F050FB7B681B68012213402A
S3150800AF0C00D17CE0C34B9B6838221340BB61C14B14
S3150800AF1CDB68032213407B61BB69102B02D17B696A
S3150800AF2C032B02D0BB69082B0BD1BA4B1A688023AA
S3150800AF3C9B02134062D07B685B68002B5ED10123B1
S3150800AF4C2AE37B685A6880235B029A4207D1B14B85
S3150800AF5C1A68B04B802149020A431A6020E07B68C4
S3150800AF6C5A68A023DB029A420ED1AA4B1A68A94B3F
S3150800AF7C8021C9020A431A60A64B1A68A54B802180
S3150800AF8C49020A431A600BE0A24B1A68A14BA24964
S3150800AF9C0A401A609F4B1A689E4BA0490A401A60D1
S3150800AFAC7B685B68002B14D0FCF730FB03003B6115
S3150800AFBC08E0FCF72BFB02003B69D31A642B01D97A
S3150800AFCC0323E9E2934B1A6880239B021340F0D0C3
S3150800AFDC15E0FCF71BFB03003B6108E0FCF716FBCE
S3150800AFEC02003B69D31A642B01D90323D4E2894B9B
S3150800AFFC1A6880239B021340F0D100E0C0467B6898
S3150800B00C1B680222134000D199E0824B9B683822B8
S3150800B01C1340BB617F4BDB68032213407B61BB6922
S3150800B02C102B02D17B69022B02D0BB69002B35D1C0
S3150800B03C784B1A688023DB00134005D07B68DB68E5
S3150800B04C002B01D10123A7E2724B5B68744A1340AB
S3150800B05C19007B685B691A026E4B0A435A60BB6916
S3150800B06C002B12D16B4B1B686E4A134019007B6878
S3150800B07C1A69684B0A431A60664B1B68DB0A072277
S3150800B08C1340694ADA40694B1A60694B1B68180009
S3150800B09CFCF760FA031E51D001237DE27B68DB685E
S3150800B0AC002B30D05B4B1B685E4A134019007B683B
S3150800B0BC1A69584B0A431A60564B1A68554B802125
S3150800B0CC49000A431A60FCF7A1FA03003B6108E041
S3150800B0DCFCF79CFA02003B69D31A022B01D903230D
S3150800B0EC5AE24C4B1A688023DB001340F0D0494BCC
S3150800B0FC5B684B4A134019007B685B691A02454B1F
S3150800B10C0A435A601BE0434B1A68424B49490A40AA
S3150800B11C1A60FCF77BFA03003B6108E0FCF776FA49
S3150800B12C02003B69D31A022B01D9032334E2394BAB
S3150800B13C1A688023DB001340F0D100E0C0467B6818
S3150800B14C1B680822134047D0324B9B6838221340A1
S3150800B15C182B0AD12F4B1B6E022213403CD07B684E
S3150800B16C9B69002B38D1012316E27B689B69002B5F
S3150800B17C19D0284B1A6E274B01210A431A66FCF77D
S3150800B18C45FA03003B6108E0FCF740FA02003B690C
S3150800B19CD31A022B01D90323FEE11E4B1B6E022286
S3150800B1AC1340F1D018E01B4B1A6E1A4B01218A4337
S3150800B1BC1A66FCF72BFA03003B6108E0FCF726FA43
S3150800B1CC02003B69D31A022B01D90323E4E1114B84
S3150800B1DC1B6E02221340F1D17B681B6804221340B4
S3150800B1EC00D1C7E01F23FB1800221A70094B9B6875
S3150800B1FC38221340202B1FD1064BDB6D022213403D
S3150800B20C00D1B7E07B689B68002B00D0B2E0012325
S3150800B21CC2E1C04600100240FFFFFEFFFFFFFBFF26
S3150800B22CFF80FFFFFFC7FFFF0024F400500000203B
S3150800B23C54000020FFFEFFFFB54BDA6B80235B053D
S3150800B24C134001D1012300E00023002B11D0B04B91
S3150800B25CDA6BAF4B802149050A43DA63AC4BDA6BE0
S3150800B26C80235B051340FB60FB681F23FB18012238
S3150800B27C1A70A84B1A6880235B0013401AD1A54B89
S3150800B28C1A68A44B802149000A431A60FCF7BEF9D8
S3150800B29C03003B6108E0FCF7B9F902003B69D31AD5
S3150800B2AC022B01D9032377E19A4B1A6880235B009A
S3150800B2BC1340F0D07B689B68012B06D1944BDA6D52
S3150800B2CC934B01210A43DA651CE07B689B68052BC6
S3150800B2DC0CD18F4BDA6D8E4B04210A43DA658C4BF5
S3150800B2ECDA6D8B4B01210A43DA650BE0884BDA6D74
S3150800B2FC874B01218A43DA65854BDA6D844B042129
S3150800B30C8A43DA657B689B68002B14D0FCF77EF9B8
S3150800B31C03003B6109E0FCF779F902003B69D31A93
S3150800B32C7D4A934201D9032336E1794BDB6D022220
S3150800B33C1340F0D013E0FCF769F903003B6109E010
S3150800B34CFCF764F902003B69D31A734A934201D994
S3150800B35C032321E16E4BDB6D02221340F0D11F2330
S3150800B36CFB181B78012B05D1694BDA6B684B6B49BB
S3150800B37C0A40DA637B681B682022134039D07B6845
S3150800B38CDB69002B1BD0624B1A68614B8021C90301
S3150800B39C0A431A60FCF73AF903003B6108E0FCF72C
S3150800B3AC35F902003B69D31A022B01D90323F3E0C2
S3150800B3BC574B1A6880231B041340F0D019E0544BE2
S3150800B3CC1A68534B56490A401A60FCF71FF90300D2
S3150800B3DC3B6108E0FCF71AF902003B69D31A022B09
S3150800B3EC01D90323D8E04A4B1A6880231B0413405F
S3150800B3FCF0D17B681B6A002B00D1CCE0444B9B68D0
S3150800B40C38221340102B00D17BE07B681B6A022B79
S3150800B41C56D13F4B1A683E4B42490A401A60FCF714
S3150800B42CF5F803003B6108E0FCF7F0F802003B690D
S3150800B43CD31A022B01D90323AEE0354B1A688023A5
S3150800B44C9B041340F0D1324BDB68374A1340190082
S3150800B45C7B685A6A7B689B6A1A437B68DB6A1B02A1
S3150800B46C1A437B681B6B1A437B685B6B1A437B68B6
S3150800B47C9B6B1A43264B0A43DA60254B1A68244BF6
S3150800B48C802149040A431A60214BDA68204B802133
S3150800B49C49050A43DA60FCF7B9F803003B6108E092
S3150800B4ACFCF7B4F802003B69D31A022B01D9032323
S3150800B4BC72E0174B1A6880239B041340F0D06AE09D
S3150800B4CC134B1A68124B17490A401A60FCF79EF878
S3150800B4DC03003B6108E0FCF799F802003B69D31AB4
S3150800B4EC022B01D9032357E0094B1A6880239B04C6
S3150800B4FC1340F0D1064BDA68054B0C490A40DA6062
S3150800B50C49E07B681B6A012B12D1012344E0C04633
S3150800B51C001002400070004088130000FFFFFFEF88
S3150800B52CFFFFBFFFFFFFFFFE8C80C111FCFFFEEE85
S3150800B53C1B4BDB687B617B6903221A407B685B6A61
S3150800B54C9A4226D17B6970221A407B689B6A9A427A
S3150800B55C1FD17A69FE23DB011A407B68DB6A1B0262
S3150800B56C9A4216D17A69F8239B031A407B681B6B9F
S3150800B57C9A420ED17A69E0231B051A407B685B6BED
S3150800B58C9A4206D17B695B0F5A077B689B6B9A427A
S3150800B59C01D0012300E000231800BD4608B080BD89
S3150800B5AC0010024080B584B000AF786039607B68C3
S3150800B5BC002B01D10123E9E0764B1B6807221340C7
S3150800B5CC3A689A421ED9734B1B6807229343190093
S3150800B5DC704B3A680A431A60FCF718F80300FB60CC
S3150800B5EC09E0FCF713F80200FB68D31A6A4A93427F
S3150800B5FC01D90323CAE0674B1B68072213403A6834
S3150800B60C9A42EED17B681B680222134015D07B68E0
S3150800B61C1B680422134006D0604B9A685F4BE021E6
S3150800B62CC9010A439A605D4B9B685D4A1340190031
S3150800B63C7B689A68594B0A439A607B681B68012297
S3150800B64C134057D07B685B68012B07D1534B1A689C
S3150800B65C80239B0213402BD1012397E07B685B6800
S3150800B66C022B07D14D4B1A6880239B0413401FD11C
S3150800B67C01238BE07B685B68002B07D1474B1A6864
S3150800B68C8023DB00134013D101237FE07B685B68C2
S3150800B69C032B06D1414B1B6E0222134008D1012302
S3150800B6AC74E03E4BDB6D0222134001D101236DE0A1
S3150800B6BC3A4B9B680722934319007B685A68374BA9
S3150800B6CC0A439A60FBF7A2FF0300FB6009E0FBF74D
S3150800B6DC9DFF0200FB68D31A2F4A934201D9032314
S3150800B6EC54E02E4B9B6838221A407B685B68DB005B
S3150800B6FC9A42ECD1274B1B68072213403A689A42A8
S3150800B70C1ED2244B1B68072293431900214B3A6817
S3150800B71C0A431A60FBF77AFF0300FB6009E0FBF7A4
S3150800B72C75FF0200FB68D31A1B4A934201D90323FF
S3150800B73C2CE0184B1B68072213403A689A42EED144
S3150800B74C7B681B680422134009D0144B9B68154A66
S3150800B75C134019007B68DA68104B0A439A6000F0AC
S3150800B76C29F801000D4B9B681B0A0F221A400E4B39
S3150800B77C9200D3581F2213400A00DA400B4B1A606A
S3150800B78C0B4B1B681800FBF7E5FE03001800BD46BB
S3150800B79C04B080BD0020024088130000001002404F
S3150800B7ACFFF0FFFFFF8FFFFFB0DC00085000002002
S3150800B7BC5400002080B586B000AF3C4B9B683822FD
S3150800B7CC13400FD1394B1B68DB0A072213400122A1
S3150800B7DC9A4013003B6039683548F7F78DFC03002F
S3150800B7EC3B615DE0314B9B6838221340082B02D134
S3150800B7FC304B3B6154E02D4B9B6838221340102B81
S3150800B80C38D12A4BDB6803221340FB60274BDB68D5
S3150800B81C1B09072213400133BB60FB68032B0DD1B0
S3150800B82CB9682448F7F768FC030019001F4BDB6856
S3150800B83C1B0A7F2213404B437B610DE0B9681C48F9
S3150800B84CF7F75AFC03001900184BDB681B0A7F2212
S3150800B85C13404B437B61C046144BDB685B0F0722D6
S3150800B86C134001337B6079687869F7F745FC030068
S3150800B87C3B6115E00D4B9B6838221340202B03D1F6
S3150800B88C80231B023B610BE0084B9B683822134054
S3150800B89C182B03D1FA23DB013B6101E000233B6142
S3150800B8AC3B691800BD4606B080BDC0460010024074
S3150800B8BC0024F40000127A0080B586B000AF7860D8
S3150800B8CC1323FB1800221A701223FB1800221A7075
S3150800B8DC7B681A6880239B02134000D1ADE01120C7
S3150800B8EC3B1800221A70474BDA6B80235B05134012
S3150800B8FC10D1444BDA6B434B802149050A43DA6372
S3150800B90C404BDA6B80235B051340BB60BB683B1866
S3150800B91C01221A703C4B1A683B4B802149000A439A
S3150800B92C1A60FBF773FE0300FB600BE0FBF76EFE79
S3150800B93C0200FB68D31A022B04D91323FB18032223
S3150800B94C1A7005E0304B1A6880235B001340EDD063
S3150800B95C1323FB181B78002B5ED12A4BDA6DC023F8
S3150800B96C9B0013407B617B69002B19D07B681B6C91
S3150800B97C7A699A4214D0234BDB6D244A13407B61B7
S3150800B98C204BDA6D1F4B802149020A43DA651D4BA1
S3150800B99CDA6D1C4B1E490A40DA651A4B7A69DA6568
S3150800B9AC7B690122134016D0FBF730FE0300FB60BF
S3150800B9BC0CE0FBF72BFE0200FB68D31A154A9342E0
S3150800B9CC04D91323FB1803221A7004E00D4BDB6D04
S3150800B9DC02221340EDD01323FB181B78002B0AD137
S3150800B9EC084BDB6D094A134019007B681A6C054B2A
S3150800B9FC0A43DA6516E01223FB181322BA181278D2
S3150800BA0C1A700FE00010024000700040FFFCFFFFA8
S3150800BA1CFFFFFEFF881300001223FB181322BA1827
S3150800BA2C12781A701123FB181B78012B05D1B64B0B
S3150800BA3CDA6BB54BB5490A40DA637B681B68012299
S3150800BA4C134009D0B04B5B6D0322934319007B68F6
S3150800BA5C5A68AD4B0A435A657B681B680222134029
S3150800BA6C09D0A94B5B6D0C22934319007B689A6825
S3150800BA7CA54B0A435A657B681B680422134009D0F8
S3150800BA8CA14B5B6D3022934319007B68DA689E4B99
S3150800BA9C0A435A657B681B681022134009D09A4BD7
S3150800BAAC5B6D9B4A134019007B681A69964B0A43CF
S3150800BABC5A657B681A6880235B01134009D0924B40
S3150800BACC5B6D944A134019007B685A698E4B0A437E
S3150800BADC5A657B681A6880239B00134009D08A4BE9
S3150800BAEC5B6D8D4A134019007B689A6A864B0A432C
S3150800BAFC5A657B681A688023DB00134009D0824B91
S3150800BB0C5B6D864A134019007B68DA6A7E4B0A43DA
S3150800BB1C5A657B681B682022134009D07A4B5B6DEB
S3150800BB2C7F4A134019007B689A69774B0A435A6512
S3150800BB3C7B681B684022134009D0734B5B6D794AAE
S3150800BB4C134019007B68DA696F4B0A435A657B68A0
S3150800BB5C1A688023DB01134015D06B4B5B6D9B0079
S3150800BB6C99087B681A6B684B0A435A657B681A6B8B
S3150800BB7C8023DB059A4206D1634BDA68624B802137
S3150800BB8C49020A43DA607B681A6880231B03134050
S3150800BB9C09D05D4B5B6D4022934319007B685A6B49
S3150800BBAC594B0A435A657B681A6880239B031340D2
S3150800BBBC16D0554B5B6D5C4A134019007B689A6B23
S3150800BBCC514B0A435A657B689A6B8023DB039A426E
S3150800BBDC06D14D4BDA684C4B802149040A43DA608E
S3150800BBEC7B681A688023DB03134016D0464B5B6DC3
S3150800BBFC4E4A134019007B68DA6B434B0A435A6565
S3150800BC0C7B68DA6B80235B049A4206D13E4BDA6872
S3150800BC1C3D4B802149040A43DA607B681A68802305
S3150800BC2C1B01134014D0384B9B6D03229343190008
S3150800BC3C7B681A6A344B0A439A657B681B6A012B24
S3150800BC4C06D1314BDA68304B802149020A43DA6057
S3150800BC5C7B681A6880239B01134014D02A4B9B6D72
S3150800BC6C0C22934319007B685A6A274B0A439A6538
S3150800BC7C7B685B6A042B06D1234BDA68224B80213E
S3150800BC8C49020A43DA607B681A6880235B0413400E
S3150800BC9C16D01D4B9B6D224A134019007B685A6CB3
S3150800BCAC194B0A439A657B685A6C80239B019A4206
S3150800BCBC06D1154BDA68144B802149040A43DA601D
S3150800BCCC7B681A6880239B04134016D00E4B9B6D19
S3150800BCDC104A134019007B689A6C0B4B0A439A65F9
S3150800BCEC7B689A6C80235B009A4206D1064BDA680D
S3150800BCFC054B802149040A43DA601223FB181B788A
S3150800BD0C1800BD4606B080BD00100240FFFFFFEFCD
S3150800BD1CFFF3FFFFFFFCFFFFFFFFF3FFFFFFCFFF64
S3150800BD2CFFCFFFFFFF3FFFFFFFFFBFFFFFFFFFFE3A
S3150800BD3C80B582B000AF78607B68002B01D10123F7
S3150800BD4C4AE07B683D229B5CDBB2002B07D17B6803
S3150800BD5C3C22002199547B681800FBF7A3F97B68F1
S3150800BD6C3D22022199547B681A687B6804331900B2
S3150800BD7C100000F027FF7B684822012199547B6844
S3150800BD8C3E22012199547B683F22012199547B68F4
S3150800BD9C4022012199547B684122012199547B68E0
S3150800BDAC4222012199547B684322012199547B68CC
S3150800BDBC4422012199547B684522012199547B68B8
S3150800BDCC4622012199547B684722012199547B68A4
S3150800BDDC3D220121995400231800BD4602B080BDAE
S3150800BDEC80B582B000AF78607B68002B01D1012347
S3150800BDFC4AE07B683D229B5CDBB2002B07D17B6853
S3150800BE0C3C22002199547B68180000F041F87B68A5
S3150800BE1C3D22022199547B681A687B680433190001
S3150800BE2C100000F0CFFE7B684822012199547B68EC
S3150800BE3C3E22012199547B683F22012199547B6843
S3150800BE4C4022012199547B684122012199547B682F
S3150800BE5C4222012199547B684322012199547B681B
S3150800BE6C4422012199547B684522012199547B6807
S3150800BE7C4622012199547B684722012199547B68F3
S3150800BE8C3D220121995400231800BD4602B080BDFD
S3150800BE9C80B582B000AF7860C046BD4602B080BDA2
S3150800BEAC80B584B000AF786039603B68002B08D148
S3150800BEBC7B683E229B5CDBB2013B5A1E9341DBB28C
S3150800BECC37E03B68042B08D17B683F229B5CDBB2CE
S3150800BEDC013B5A1E9341DBB22BE03B68082B08D179
S3150800BEEC7B6840229B5CDBB2013B5A1E9341DBB25A
S3150800BEFC1FE03B680C2B08D17B6841229B5CDBB2AC
S3150800BF0C013B5A1E9341DBB213E03B68102B08D158
S3150800BF1C7B6842229B5CDBB2013B5A1E9341DBB227
S3150800BF2C07E07B6843229B5CDBB2013B5A1E9341BC
S3150800BF3CDBB2002B01D0012390E03B68002B04D127
S3150800BF4C7B683E220221995423E03B68042B04D1DA
S3150800BF5C7B683F22022199541BE03B68082B04D1CD
S3150800BF6C7B6840220221995413E03B680C2B04D1C0
S3150800BF7C7B684122022199540BE03B68102B04D1B3
S3150800BF8C7B6842220221995403E07B6843220221F2
S3150800BF9C99547B681B6839680122180001F034FB38
S3150800BFAC7B681B682F4A93420ED07B681B682E4A07
S3150800BFBC934209D07B681B682C4A934204D07B6851
S3150800BFCC1B682B4A934201D1012300E00023002B66
S3150800BFDC08D07B681B685A6C7B681B688021090231
S3150800BFEC0A435A647B681B681E4A934214D07B68C2
S3150800BFFC1A688023DB059A420ED07B681B681D4A9B
S3150800C00C934209D07B681B681B4A934204D07B6811
S3150800C01C1B68154A934216D17B681B689B68174A9E
S3150800C02C1340FB60FB68062B16D0FA6880235B026C
S3150800C03C9A4211D07B681B681A687B681B680121B9
S3150800C04C0A431A6008E07B681B681A687B681B68D9
S3150800C05C01210A431A6000E0C04600231800BD46B9
S3150800C06C04B080BD002C0140004001400044014052
S3150800C07C0048014000040040000800400700010089
S3150800C08C80B582B000AF78607B68002B01D10123A4
S3150800C09C4AE07B683D229B5CDBB2002B07D17B68B0
S3150800C0AC3C22002199547B68180000F041F87B6803
S3150800C0BC3D22022199547B681A687B68043319005F
S3150800C0CC100000F07FFD7B684822012199547B689B
S3150800C0DC3E22012199547B683F22012199547B68A1
S3150800C0EC4022012199547B684122012199547B688D
S3150800C0FC4222012199547B684322012199547B6879
S3150800C10C4422012199547B684522012199547B6864
S3150800C11C4622012199547B684722012199547B6850
S3150800C12C3D220121995400231800BD4602B080BD5A
S3150800C13C80B582B000AF7860C046BD4602B080BDFF
S3150800C14C80B586B000AFF860B9607A601A00BB1C7F
S3150800C15C1A801723FB1800221A70BB68002B04D10F
S3150800C16CFB683E229B5CDBB223E0BB68042B04D144
S3150800C17CFB683F229B5CDBB21BE0BB68082B04D137
S3150800C18CFB6840229B5CDBB213E0BB680C2B04D12A
S3150800C19CFB6841229B5CDBB20BE0BB68102B04D11D
S3150800C1ACFB6842229B5CDBB203E0FB6843229B5C88
S3150800C1BCDBB21622BA181370BB68002B04D1FB68C5
S3150800C1CC44229B5CDBB213E0BB68042B04D1FB68EE
S3150800C1DC45229B5CDBB20BE0BB68082B04D1FB68E1
S3150800C1EC46229B5CDBB203E0FB6847229B5CDBB216
S3150800C1FC15217A1813701623FB181B78022B03D0FB
S3150800C20C7B181B78022B01D1022351E11623FB184C
S3150800C21C1B78012B56D11523FB181B78012B51D1F2
S3150800C22C7B68002B03D0BB1C1B88002B01D1012378
S3150800C23C3EE1BB68002B04D1FB683E2202219954CF
S3150800C24C23E0BB68042B04D1FB683F2202219954D6
S3150800C25C1BE0BB68082B04D1FB68402202219954C9
S3150800C26C13E0BB680C2B04D1FB68412202219954BC
S3150800C27C0BE0BB68102B04D1FB68422202219954AF
S3150800C28C03E0FB68432202219954BB68002B04D1B6
S3150800C29CFB6844220221995416E0BB68042B04D18E
S3150800C2ACFB684522022199540EE0BB68082B04D181
S3150800C2BCFB6846220221995406E0FB6847220221B4
S3150800C2CC995401E00123F3E0FB681B68B968012265
S3150800C2DC180001F099F9BB680C2B00D180E0BB68FB
S3150800C2EC0C2B00D9A1E0BB68082B54D0BB68082BD3
S3150800C2FC00D99AE0BB68002B03D0BB68042B25D069
S3150800C30C93E0FB685B6A6C4ADA62FB685B6A6B4AA9
S3150800C31C1A63FB685B6A6A4A5A63FB68586AFB6865
S3150800C32C1B68343319007A68BB1C1B88FCF742FC63
S3150800C33C031E01D00123BBE0FB681B68DA68FB68A7
S3150800C34C1B68802189000A43DA6073E0FB689B6AE4
S3150800C35C594ADA62FB689B6A584A1A63FB689B6AF5
S3150800C36C574A5A63FB68986AFB681B683833190086
S3150800C37C7A68BB1C1B88FCF71DFC031E01D0012325
S3150800C38C96E0FB681B68DA68FB681B688021C900A5
S3150800C39C0A43DA604EE0FB68DB6A474ADA62FB68F6
S3150800C3ACDB6A464A1A63FB68DB6A454A5A63FB68CA
S3150800C3BCD86AFB681B683C3319007A68BB1C1B8857
S3150800C3CCFCF7F8FB031E01D0012371E0FB681B6820
S3150800C3DCDA68FB681B68802109010A43DA6029E0E0
S3150800C3ECFB681B6B344ADA62FB681B6B334A1A63AD
S3150800C3FCFB681B6B324A5A63FB68186BFB681B6835
S3150800C40C403319007A68BB1C1B88FCF7D3FB031E48
S3150800C41C01D001234CE0FB681B68DA68FB681B68D3
S3150800C42C802149010A43DA6004E01723FB1801222C
S3150800C43C1A70C046FB681B68224A934214D0FB68E4
S3150800C44C1A688023DB059A420ED0FB681B681E4AC5
S3150800C45C934209D0FB681B681C4A934204D0FB68BC
S3150800C46C1B681B4A934216D1FB681B689B68194AC2
S3150800C47C13403B613B69062B16D03A6980235B0255
S3150800C48C9A4211D0FB681B681A68FB681B68012165
S3150800C49C0A431A6008E0FB681B681A68FB681B6885
S3150800C4AC01210A431A6000E0C0461723FB181B78C3
S3150800C4BC1800BD4606B080BD9DCA000867CB0008AB
S3150800C4CC09CA0008002C014000040040000800407E
S3150800C4DC004001400700010080B586B000AFF86047
S3150800C4ECB9607A601723FB1800221A70FB683C2285
S3150800C4FC9B5C012B01D102238CE0FB683C220121B9
S3150800C50C99547B68002B1BD1FB681868BB681968A3
S3150800C51CBB685A68BB68DB6800F0B0FEFB681B6832
S3150800C52C9A69FB681B680C218A439A61FB681B682D
S3150800C53C9969BB689A68FB681B680A439A6162E04A
S3150800C54C7B68042B1CD1FB681868BB681968BB6828
S3150800C55C5A68BB68DB6800F021FFFB681B689A69A0
S3150800C56CFB681B682D490A409A61FB681B68996928
S3150800C57CBB689B681A02FB681B680A439A6142E00F
S3150800C58C7B68082B1BD1FB681868BB681968BB68E5
S3150800C59C5A68BB68DB6800F075FFFB681B68DA69CC
S3150800C5ACFB681B680C218A43DA61FB681B68D9692E
S3150800C5BCBB689A68FB681B680A43DA6123E07B68E8
S3150800C5CC0C2B1CD1FB681868BB681968BB685A68C1
S3150800C5DCBB68DB6800F096FFFB681B68DA69FB68CA
S3150800C5EC1B680E490A40DA61FB681B68D969BB6887
S3150800C5FC9B681A02FB681B680A43DA6103E0172377
S3150800C60CFB1801221A70FB683C2200219954172347
S3150800C61CFB181B781800BD4606B080BDFFF3FFFF5C
S3150800C62C80B586B000AFF860B9607A601723FB183E
S3150800C63C00221A70FB683C229B5C012B01D1022359
S3150800C64CE5E0FB683C22012199547B68142B00D940
S3150800C65CD1E07B689A00704BD3181B689F46FB6821
S3150800C66C1B68BA681100180000F044FBFB681B68CD
S3150800C67C9A69FB681B6808210A439A61FB681B6860
S3150800C68C9A69FB681B6804218A439A61FB681B68D4
S3150800C69C9969BB681A69FB681B680A439A61AFE01B
S3150800C6ACFB681B68BA681100180000F0ADFBFB6844
S3150800C6BC1B689A69FB681B68802109010A439A6101
S3150800C6CCFB681B689A69FB681B6854490A409A619F
S3150800C6DCFB681B689969BB681B691A02FB681B68AF
S3150800C6EC0A439A618CE0FB681B68BA68110018004B
S3150800C6FC00F00EFCFB681B68DA69FB681B680821EE
S3150800C70C0A43DA61FB681B68DA69FB681B68042153
S3150800C71C8A43DA61FB681B68D969BB681A69FB68C6
S3150800C72C1B680A43DA616BE0FB681B68BA68110080
S3150800C73C180000F075FCFB681B68DA69FB681B6857
S3150800C74C802109010A43DA61FB681B68DA69FB6810
S3150800C75C1B6832490A40DA61FB681B68D969BB68F1
S3150800C76C1B691A02FB681B680A43DA6148E0FB6816
S3150800C77C1B68BA681100180000F0BCFCFB681B6843
S3150800C78C5A6DFB681B6808210A435A65FB681B68C7
S3150800C79C5A6DFB681B6804218A435A65FB681B683B
S3150800C7AC596DBB681A69FB681B680A435A6527E00A
S3150800C7BCFB681B68BA681100180000F0FBFCFB68E4
S3150800C7CC1B685A6DFB681B68802109010A435A6568
S3150800C7DCFB681B685A6DFB681B6810490A405A654A
S3150800C7ECFB681B68596DBB681B691A02FB681B68DA
S3150800C7FC0A435A6504E01723FB1801221A70C0462F
S3150800C80CFB683C22002199541723FB181B78180047
S3150800C81CBD4606B080BDC04600DD0008FFFBFFFF25
S3150800C82C80B584B000AF786039600F23FB180022FE
S3150800C83C1A707B683C229B5C012B01D10223BCE05D
S3150800C84C7B683C22012199547B683D22022199542C
S3150800C85C7B681B689B68BB60BB685A4A1340BB6005
S3150800C86CBB68594A1340BB607B681B68BA689A60F8
S3150800C87C3B681B6880229201934240D08022920129
S3150800C88C934200D988E080225201934200D188E075
S3150800C89C80225201934200D97EE0702B18D000D921
S3150800C8AC7AE0602B4FD000D976E0502B3BD000D9DC
S3150800C8BC72E0402B57D000D96EE0302B63D06BD882
S3150800C8CC202B60D068D8002B5DD0102B5BD063E092
S3150800C8DC7B6818683B6899683B685A683B68DB68EC
S3150800C8EC00F072FE7B681B689B68BB60BB6877228E
S3150800C8FC1343BB607B681B68BA689A6052E07B6816
S3150800C90C18683B6899683B685A683B68DB6800F0AE
S3150800C91C5BFE7B681B689A687B681B688021C9016B
S3150800C92C0A439A603EE07B6818683B6859683B681E
S3150800C93CDB681A0000F004FD7B681B6850211800A0
S3150800C94C00F026FE2EE07B6818683B6859683B6841
S3150800C95CDB681A0000F064FD7B681B686021180010
S3150800C96C00F016FE1EE07B6818683B6859683B6841
S3150800C97CDB681A0000F0E4FC7B681B684021180091
S3150800C98C00F006FE0EE07B681A683B681B68190007
S3150800C99C100000F0FDFD05E00F23FB1801221A70AC
S3150800C9AC00E0C0467B683D22012199547B683C22F5
S3150800C9BC002199540F23FB181B781800BD4604B0A8
S3150800C9CC80BDC04688FFCEFFFF00FFFF80B582B052
S3150800C9DC00AF7860C046BD4602B080BD80B582B057
S3150800C9EC00AF7860C046BD4602B080BD80B582B047
S3150800C9FC00AF7860C046BD4602B080BD80B584B035
S3150800CA0C00AF78607B689B6AFB60FB685B6A7A6838
S3150800CA1C9A4207D1FB6801221A77FB683E2201214C
S3150800CA2C99542AE0FB689B6A7A689A4207D1FB6894
S3150800CA3C02221A77FB683F22012199541DE0FB68F4
S3150800CA4CDB6A7A689A4207D1FB6804221A77FB6874
S3150800CA5C40220121995410E0FB681B6B7A689A42B4
S3150800CA6C07D1FB6808221A77FB68412201219954E1
S3150800CA7C03E0FB683D2201219954FB681800FFF777
S3150800CA8CB5FFFB6800221A77C046BD4604B080BDC8
S3150800CA9C80B584B000AF78607B689B6AFB60FB68E6
S3150800CAAC5B6A7A689A420FD1FB6801221A777B680F
S3150800CABCDB69002B46D1FB683E2201219954FB68A1
S3150800CACC4422012199543DE0FB689B6A7A689A4294
S3150800CADC0FD1FB6802221A777B68DB69002B31D1F0
S3150800CAECFB683F2201219954FB6845220121995480
S3150800CAFC28E0FB68DB6A7A689A420FD1FB68042245
S3150800CB0C1A777B68DB69002B1CD1FB684022012154
S3150800CB1C9954FB6846220121995413E0FB681B6B58
S3150800CB2C7A689A420ED1FB6808221A777B68DB6909
S3150800CB3C002B07D1FB68412201219954FB68472237
S3150800CB4C01219954FB681800FFF740FFFB68002287
S3150800CB5C1A77C046BD4604B080BD80B584B000AF18
S3150800CB6C78607B689B6AFB60FB685B6A7A689A42AA
S3150800CB7C03D1FB6801221A7719E0FB689B6A7A686D
S3150800CB8C9A4203D1FB6802221A7710E0FB68DB6A2B
S3150800CB9C7A689A4203D1FB6804221A7707E0FB6885
S3150800CBAC1B6B7A689A4202D1FB6808221A77FB68D3
S3150800CBBC1800FFF713FFFB6800221A77C046BD461C
S3150800CBCC04B080BD80B584B000AF786039607B68EE
S3150800CBDC1B68FB607B683F4A93420CD07A688023BB
S3150800CBECDB059A4207D07B683B4A934203D07B68A5
S3150800CBFC3A4A934208D1FB6870229343FB603B6820
S3150800CC0C5B68FA681343FB607B68324A93421CD014
S3150800CC1C7A688023DB059A4217D07B682E4A9342A2
S3150800CC2C13D07B682D4A93420FD07B682C4A9342CB
S3150800CC3C0BD07B682B4A934207D07B682A4A9342CF
S3150800CC4C03D07B68294A934208D1FB68284A1340CB
S3150800CC5CFB603B68DB68FA681343FB60FB68802261
S3150800CC6C93431A003B685B691343FB607B68FA685D
S3150800CC7C1A603B689A687B68DA623B681A687B6854
S3150800CC8C9A627B68134A93420BD07B68154A934287
S3150800CC9C07D07B68144A934203D07B68134A9342A5
S3150800CCAC03D13B681A697B681A637B6801225A614F
S3150800CCBC7B681B6901221340012B06D17B681B6913
S3150800CCCC012293431A007B681A61C046BD4604B01C
S3150800CCDC80BDC046002C01400004004000080040FE
S3150800CCEC002000400040014000440140004801403B
S3150800CCFCFFFCFFFF80B586B000AF786039607B68B3
S3150800CD0C1B6A7B617B681B6A012293431A007B684A
S3150800CD1C1A627B685B683B617B689B69FB60FB6896
S3150800CD2C324A1340FB60FB6803229343FB603B6863
S3150800CD3C1B68FA681343FB607B69022293437B6189
S3150800CD4C3B689B687A6913437B617B68284A9342E4
S3150800CD5C0BD07B68274A934207D07B68264A9342B6
S3150800CD6C03D07B68254A93420CD17B6908229343EE
S3150800CD7C7B613B68DB687A6913437B617B690422B8
S3150800CD8C93437B617B681A4A93420BD07B68194A9A
S3150800CD9C934207D07B68184A934203D07B68174A9C
S3150800CDAC934211D13B69164A13403B613B69154ABC
S3150800CDBC13403B613B685B693A6913433B613B68CB
S3150800CDCC9B693A6913433B617B683A695A607B688D
S3150800CDDCFA689A613B685A687B685A637B687A6911
S3150800CDEC1A62C046BD4606B080BDC0468FFFFEFF20
S3150800CDFC002C01400040014000440140004801401D
S3150800CE0CFFFEFFFFFFFDFFFF80B586B000AF786021
S3150800CE1C39607B681B6A7B617B681B6A10229343AB
S3150800CE2C1A007B681A627B685B683B617B689B6946
S3150800CE3CFB60FB682E4A1340FB60FB682D4A1340C7
S3150800CE4CFB603B681B681B02FA681343FB607B6933
S3150800CE5C202293437B613B689B681B017A691343C9
S3150800CE6C7B617B68244A93420DD17B69802293436C
S3150800CE7C7B613B68DB681B017A6913437B617B69C1
S3150800CE8C402293437B617B681B4A93420BD07B6899
S3150800CE9C1A4A934207D07B68194A934203D07B6897
S3150800CEAC184A934213D13B69174A13403B613B69B5
S3150800CEBC164A13403B613B685B699B003A6913430E
S3150800CECC3B613B689B699B003A6913433B617B68F2
S3150800CEDC3A695A607B68FA689A613B685A687B6853
S3150800CEEC9A637B687A691A62C046BD4606B080BDED
S3150800CEFCFF8FFFFEFFFCFFFF002C014000400140A6
S3150800CF0C0044014000480140FFFBFFFFFFF7FFFF0D
S3150800CF1C80B586B000AF786039607B681B6A7B6128
S3150800CF2C7B681B6A334A1A407B681A627B685B68A3
S3150800CF3C3B617B68DB69FB60FB682F4A1340FB602F
S3150800CF4CFB6803229343FB603B681B68FA68134330
S3150800CF5CFB607B69294A13407B613B689B681B0213
S3150800CF6C7A6913437B617B68254A93420DD17B69A9
S3150800CF7C244A13407B613B68DB681B027A691343BE
S3150800CF8C7B617B69204A13407B617B681C4A934210
S3150800CF9C0BD07B681D4A934207D07B681C4A934288
S3150800CFAC03D07B681B4A934213D13B691A4A134038
S3150800CFBC3B613B69194A13403B613B685B691B0142
S3150800CFCC3A6913433B613B689B691B013A691343F6
S3150800CFDC3B617B683A695A607B68FA68DA613B6838
S3150800CFEC5A687B68DA637B687A691A62C046BD46FA
S3150800CFFC06B080BDFFFEFFFF8FFFFEFFFFFDFFFFA4
S3150800D00C002C0140FFF7FFFFFFFBFFFF004001402C
S3150800D01C0044014000480140FFEFFFFFFFDFFFFF20
S3150800D02C80B586B000AF786039607B681B6A3B6157
S3150800D03C7B681B6A264A1A407B681A627B685B689F
S3150800D04C7B617B68DB69FB60FB68224A1340FB60EB
S3150800D05CFB68214A1340FB603B681B681B02FA6895
S3150800D06C1343FB603B691D4A13403B613B689B6855
S3150800D07C1B033A6913433B617B68194A93420BD0ED
S3150800D08C7B68184A934207D07B68174A934203D0A9
S3150800D09C7B68164A934209D17B69154A13407B6112
S3150800D0AC3B685B699B017A6913437B617B687A6988
S3150800D0BC5A607B68FA68DA613B685A687B681A6456
S3150800D0CC7B683A691A62C046BD4606B080BDC04642
S3150800D0DCFFEFFFFFFF8FFFFEFFFCFFFFFFDFFFFFEA
S3150800D0EC002C01400040014000440140004801402A
S3150800D0FCFFBFFFFF80B586B000AF786039607B68EC
S3150800D10C1B6A3B617B681B6A234A1A407B681A6256
S3150800D11C7B685B687B617B685B6DFB60FB681F4AA1
S3150800D12C1340FB603B681B68FA681343FB603B695A
S3150800D13C1B4A13403B613B689B681B043A691343C3
S3150800D14C3B617B68174A93420BD07B68164A93421D
S3150800D15C07D07B68154A934203D07B68144A9342DE
S3150800D16C09D17B690C4A13407B613B685B691B02DE
S3150800D17C7A6913437B617B687A695A607B68FA68BB
S3150800D18C5A653B685A687B689A657B683A691A627D
S3150800D19CC046BD4606B080BDFFFFFEFF8FFFFEFFF3
S3150800D1ACFFFFFDFF002C01400040014000440140F8
S3150800D1BC0048014080B586B000AF786039607B685E
S3150800D1CC1B6A3B617B681B6A244A1A407B681A6295
S3150800D1DC7B685B687B617B685B6DFB60FB68204AE0
S3150800D1EC1340FB603B681B681B02FA681343FB6021
S3150800D1FC3B691C4A13403B613B689B681B053A69B3
S3150800D20C13433B617B68184A93420BD07B68174AD9
S3150800D21C934207D07B68164A934203D07B68154A1B
S3150800D22C934209D17B69144A13407B613B685B695D
S3150800D23C9B027A6913437B617B687A695A607B68BF
S3150800D24CFA685A653B685A687B68DA657B683A6996
S3150800D25C1A62C046BD4606B080BDC046FFFFEFFF4A
S3150800D26CFF8FFFFEFFFFDFFF002C0140004001404F
S3150800D27C0044014000480140FFFFFBFF80B586B023
S3150800D28C00AFF860B9607A603B60FB681B6A3B616B
S3150800D29CFB681B6A012293431A00FB681A62FB6837
S3150800D2AC9B697B61FB68224A934210D0FA688023FB
S3150800D2BCDB059A420BD0FB681E4A934207D0FB68E3
S3150800D2CC1D4A934203D0FB681C4A934201D10123A1
S3150800D2DC00E00023002B08D07B69032293437B6173
S3150800D2EC7A697B6813437B6103E07B6901221343EC
S3150800D2FC7B617B69F02293437B613B681B01FF22B0
S3150800D30C13407A6913437B613B690A2293433B6159
S3150800D31CBB680A2213403A6913433B61FB687A6976
S3150800D32C9A61FB683A691A62C046BD4606B080BD6A
S3150800D33C002C014000040040000800400040014059
S3150800D34C80B586B000AFF860B9607A60FB681B6A76
S3150800D35C7B61FB681B6A012293431A00FB681A62FD
S3150800D36CFB689B693B613B69F02293433B617B6895
S3150800D37C1B013A6913433B617B690A2293437B6120
S3150800D38C7A69BB6813437B61FB683A699A61FB68E7
S3150800D39C7A691A62C046BD4606B080BD80B586B0AD
S3150800D3AC00AFF860B9607A603B60FB681B6A7B610A
S3150800D3BCFB681B6A102293431A00FB681A62FB6807
S3150800D3CC9B693B613B69144A13403B617B681B02B2
S3150800D3DC3A6913433B613B69104A13403B613B680E
S3150800D3EC1B031B041B0C3A6913433B617B69A02284
S3150800D3FC93437B61BB681B01A02213407A691343D4
S3150800D40C7B61FB683A699A61FB687A691A62C0465D
S3150800D41CBD4606B080BDC046FFFCFFFFFF0FFFFFF1
S3150800D42C80B586B000AFF860B9607A60FB681B6A95
S3150800D43C7B61FB681B6A102293431A00FB681A620D
S3150800D44CFB689B693B613B690D4A13403B617B68F2
S3150800D45C1B033A6913433B617B69A02293437B61A7
S3150800D46CBB681B017A6913437B61FB683A699A614D
S3150800D47CFB687A691A62C046BD4606B080BDC046CE
S3150800D48CFF0FFFFF80B586B000AFF860B9607A6011
S3150800D49C3B60FB681B6A7B61FB681B6A174A1A4070
S3150800D4ACFB681A62FB68DB693B613B6903229343A1
S3150800D4BC3B613A697B6813433B613B69F0229343B2
S3150800D4CC3B613B681B01FF2213403A6913433B61DE
S3150800D4DC7B690B4A13407B61BB681A02A0231B01AC
S3150800D4EC13407A6913437B61FB683A69DA61FB6816
S3150800D4FC7A691A62C046BD4606B080BDFFFEFFFFBC
S3150800D50CFFF5FFFF80B586B000AFF860B9607A60AA
S3150800D51C3B60FB681B6A7B61FB681B6A184A1A40EE
S3150800D52CFB681A62FB68DB693B613B69154A134069
S3150800D53C3B617B681B023A6913433B613B69124AA0
S3150800D54C13403B613B681B031B041B0C3A691343D2
S3150800D55C3B617B690D4A13407B61BB681A03A023A8
S3150800D56C1B0213407A6913437B61FB683A69DA61DB
S3150800D57CFB687A691A62C046BD4606B080BDC046CD
S3150800D58CFFEFFFFFFFFCFFFFFF0FFFFFFF5FFFFF34
S3150800D59C80B584B000AF786039607B689B68FB60A7
S3150800D5ACFB68084A1340FB603A68FB68134307227A
S3150800D5BC1343FB607B68FA689A60C046BD4604B0A4
S3150800D5CC80BDC0468FFFCFFF80B586B000AFF86030
S3150800D5DCB9607A603B60FB689B687B617B69094A2A
S3150800D5EC13407B613B681A027B681A43BB6813437A
S3150800D5FC7A6913437B61FB687A699A60C046BD46B3
S3150800D60C06B080BDFF00FFFF80B586B000AFF8609E
S3150800D61CB9607A60BB681F22134001229A40130036
S3150800D62C7B61FB681B6A7A69D2431A40FB681A62EB
S3150800D63CFB681A6ABB681F210B40796899400B0076
S3150800D64C1A43FB681A62C046BD4606B080BD000088
S3150800D65C80B584B000AF786039607B683C229B5CEF
S3150800D66C012B01D102235AE07B683C2201219954F3
S3150800D67C7B683D22022199547B681B685B68FB60BA
S3150800D68C7B681B689B68BB607B681B68264A934251
S3150800D69C08D1FB68254A1340FB603B685B68FA684F
S3150800D6AC1343FB60FB6870229343FB603B681B6863
S3150800D6BCFA681343FB607B681B68FA685A607B68D8
S3150800D6CC1B68194A934214D07B681A688023DB05B9
S3150800D6DC9A420ED07B681B68154A934209D07B6820
S3150800D6EC1B68144A934204D07B681B68124A9342FF
S3150800D6FC0CD1BB6880229343BB603B689B68BA68B5
S3150800D70C1343BB607B681B68BA689A607B683D22CA
S3150800D71C012199547B683C22002199540023180056
S3150800D72CBD4604B080BDC046002C0140FFFF0FFF6C
S3150800D73C00040040000800400040014080B584B059
S3150800D74C00AF786039600023FB607B683C229B5CE9
S3150800D75C012B01D102236FE07B683C2201219954ED
S3150800D76CFB68FF2293431A003B68DB681343FB6094
S3150800D77CFB68334A1A403B689B681343FB60FB689B
S3150800D78C304A1A403B685B681343FB60FB682E4AB9
S3150800D79C1A403B681B681343FB60FB682B4A1A400C
S3150800D7AC3B681B691343FB60FB68294A1A403B68B4
S3150800D7BC5B691343FB60FB68264A1A403B681B6B84
S3150800D7CC1343FB60FB68244A1A403B689B691B049D
S3150800D7DC1343FB60FB68214A1A403B68DB69134319
S3150800D7ECFB607B681B681E4A93421CD1FB681D4A6A
S3150800D7FC1A403B689B6A1B051343FB60FB681A4A75
S3150800D80C1A403B681B6A1343FB60FB68174A1A40AD
S3150800D81C3B685B6A1343FB60FB68154A1A403B6816
S3150800D82CDB6A1343FB607B681B68FA685A647B687F
S3150800D83C3C220021995400231800BD4604B080BD33
S3150800D84CFFFCFFFFFFFBFFFFFFF7FFFFFFEFFFFFED
S3150800D85CFFDFFFFFFFBFFFFFFFFFF0FFFFFFFFEF3D
S3150800D86C002C0140FFFF0FFFFFFFFFFEFFFFFFFD30
S3150800D87CFFFFFFDF03008218934200D1704719702F
S3150800D88C0133F9E7014B18687047C0465C00002065
S3150800D89C70B500260C4C0D4D641BA410A64209D17C
S3150800D8AC002600F099F90A4C0A4D641BA410A642EE
S3150800D8BC05D170BDB300EB5898470136EEE7B300B7
S3150800D8CCEB5898470136F2E758DD000858DD000892
S3150800D8DC5CDD000858DD0008002310B59A4200D11B
S3150800D8EC10BDCC5CC4540133F8E7000070B5041CB9
S3150800D8FC00F02CF8211C051C201CF6F74BFC002804
S3150800D90C10D10021201CF5F7A9FC00280AD100210A
S3150800D91C201CF5F789FC002806D0FFF7B3FF222355
S3150800D92C064D0360281C70BDFFF7ACFF212303606E
S3150800D93C034800F007F8051CF4E7C046000080FF12
S3150800D94C54DD0008004870470000C07FF8B5DE4675
S3150800D95C57464E4645464200E0B5002A46D0021EBA
S3150800D96C4FDBFF21C905884200DBC6E08023002176
S3150800D97C1B04984206DA9821C905F6F777F8192197
S3150800D98C02004942D3157F3B5B1880215202540A88
S3150800D99C834AFE200904A2180A40FE21800550403D
S3150800D9ACD61520438905F618F6F7B2F922007D4BF1
S3150800D9BC0F32051C1A422BD10021F5F735FC00282D
S3150800D9CC00D19EE00020002E15D03000F6F718FC8A
S3150800D9DC7549041CF6F74AF87449051C201CF6F719
S3150800D9EC45F8011C281CF5F765FC04E0CC20002141
S3150800D9FC0006F5F76DFEF0BCBB46B246A946A04636
S3150800DA0CF8BD011CF6F784F90021F5F761FEF2E77B
S3150800DA1C8021C905F5F74EFC011C281CF5F758FEA4
S3150800DA2C80463000F6F7ECFB414681464046F6F751
S3150800DA3C1DF85F4B011C9A468346F6F717F85D49A5
S3150800DA4C071CF6F713F85C49F5F734FC391CF6F79E
S3150800DA5C0DF85A49F5F72EFC391CF6F707F858490C
S3150800DA6CF5F728FC5946F6F701F856498346381C4B
S3150800DA7CF5F7FCFF5449F5F71DFC391CF5F7F6FFCD
S3150800DA8C5249F5F717FC391CF5F7F0FFA244011CAF
S3150800DA9C5846F5F70FFC52464D4B071C1B1B1343F8
S3150800DAAC002B48DDFC21281C8905F5F7DFFF291C0E
S3150800DABCF5F7DCFF011C041C381CF5F7FBFB41468B
S3150800DACCF5F7D4FF071C002E49D037494846F5F719
S3150800DADCCDFF3649061C4846F5F7C8FF391CF5F73D
S3150800DAECE9FB011C201CF6F713F9291CF6F710F9AB
S3150800DAFC011C301CF6F70CF97DE7011CF5F7DAFB6F
S3150800DB0C79E73449281CF5F7B1FF011CFC20800580
S3150800DB1CF6F7FEF8291C041C281CF5F7A7FF011CB0
S3150800DB2C201CF5F7A3FF041C002E21D1211C281C50
S3150800DB3CF6F7EEF85FE7011C281CF6F7E9F84146FC
S3150800DB4CF5F794FF041C002EF0D048461649F5F755
S3150800DB5C8DFF1649061C4846F5F788FFC1E7011CD8
S3150800DB6C201CF6F7D5F8011C281CF6F7D1F842E765
S3150800DB7C3000F6F745FB0C49061CF5F777FF0B4901
S3150800DB8C071C301CF5F772FF011C201CF6F7C0F8B1
S3150800DB9C291CF6F7BDF8011C381CF6F7B9F82AE764
S3150800DBAC20FB4A00F0FF7F008071313FD1F7173711
S3150800DBBC305CCFFF9788173E25333A3E2549923E6F
S3150800DBCCABAA2A3F4FD01C3E298E633ECDCCCC3E09
S3150800DBDC88C23500ABAAAA3EF8B5C046F8BC08BC44
S3150800DBEC9E467047F8B5C046F8BC08BC9E467047BA
S3150800DBFC723800089E370008883700080438000871
S3150800DC0C88370008383800088837000804380008B0
S3150800DC1C9E3700089E370008383800080438000874
S3150800DC2C743700087437000874370008423800083F
S3150800DC3C9E3700089E37000888370008DE3800082B
S3150800DC4C883700083838000888370008DE38000896
S3150800DC5C9E3700089E37000838380008DE3800085A
S3150800DC6C7437000874370008743700086C4E0008BF
S3150800DC7CC04E0008E04E0008344F0008884F0008D4
S3150800DC8C0000000001000000020000000300000074
S3150800DC9C0400000005000000060000000700000054
S3150800DCAC0800000000000000000000000000000052
S3150800DCBC000000000000000000000000000000004A
S3150800DCCC0000000001000000020000000300000034
S3150800DCDC0400000006000000070000000800000011
S3150800DCEC090000000001020304050607080C1014BD
S3150800DCFC182030406AC6000802C8000802C8000886
S3150800DD0C02C80008ACC6000802C8000802C8000809
S3150800DD1C02C80008F2C6000802C8000802C80008B3
S3150800DD2C02C8000834C7000802C8000802C8000860
S3150800DD3C02C800087AC7000802C8000802C800080A
S3110800DD4C02C80008BCC700080000000060
S3090800DD58E53000089C
S3090800DD5CBD300008C0
S3150800DD60D802002000000000D802002004000000AD
S3150800DD70D802002008000000D80200200C0000008D
S3150800DD80BC0300200000000024030020000000005F
S3150800DD9024030020040000002403002008000000DB
S3150800DDA0240300200C00000070030020040000007B
S3150800DDB00024F400040000000100000060000020B8
S3150800DDC0000000008C050020F40500205C060020F9
S3150800DDD00000000000000000000000000000000035
S3150800DDE00000000000000000000000000000000025
S3150800DDF00000000000000000000000000000000015
S3110800DE0000000000000000000000000008
S705080074CDB1
